-- phpMyAdmin SQL Dump
-- version 4.1.12
-- http://www.phpmyadmin.net
--
-- Host: 127.0.0.1
-- Generation Time: Oct 31, 2014 at 03:14 PM
-- Server version: 5.6.16
-- PHP Version: 5.5.11

SET SQL_MODE = "NO_AUTO_VALUE_ON_ZERO";
SET time_zone = "+00:00";


/*!40101 SET @OLD_CHARACTER_SET_CLIENT=@@CHARACTER_SET_CLIENT */;
/*!40101 SET @OLD_CHARACTER_SET_RESULTS=@@CHARACTER_SET_RESULTS */;
/*!40101 SET @OLD_COLLATION_CONNECTION=@@COLLATION_CONNECTION */;
/*!40101 SET NAMES utf8 */;

--
-- Database: `microfinance2`
--
CREATE DATABASE IF NOT EXISTS `microfinance2` DEFAULT CHARACTER SET utf8 COLLATE utf8_general_ci;
USE `microfinance2`;

-- --------------------------------------------------------

--
-- Table structure for table `addresstyperef`
--

CREATE TABLE IF NOT EXISTS `addresstyperef` (
  `AddressType` varchar(45) NOT NULL,
  PRIMARY KEY (`AddressType`)
) ENGINE=InnoDB DEFAULT CHARSET=utf8;

--
-- Dumping data for table `addresstyperef`
--

INSERT INTO `addresstyperef` (`AddressType`) VALUES
('Home Address'),
('Provincial Address');

-- --------------------------------------------------------

--
-- Stand-in structure for view `audittrail`
--
CREATE TABLE IF NOT EXISTS `audittrail` (
`PersonnelNo` int(11)
,`Name` varchar(137)
,`Rank` varchar(45)
,`datetime` datetime
,`Activity` text
);
-- --------------------------------------------------------

--
-- Table structure for table `branchaddress`
--

CREATE TABLE IF NOT EXISTS `branchaddress` (
  `ControlNo` int(11) NOT NULL,
  `BranchAddress` varchar(50) NOT NULL,
  PRIMARY KEY (`ControlNo`,`BranchAddress`),
  KEY `fk_BranchAddress_CaritasBranch1_idx` (`ControlNo`)
) ENGINE=InnoDB DEFAULT CHARSET=utf8;

--
-- Dumping data for table `branchaddress`
--

INSERT INTO `branchaddress` (`ControlNo`, `BranchAddress`) VALUES
(2, '321 Tayuman St.'),
(3, '321 Paco St.'),
(4, '321 Pasay St.'),
(5, 'Caloocan City'),
(35, 'Budget Lane Shopping Center, No. 88, Provincial Rd');

-- --------------------------------------------------------

--
-- Table structure for table `branchcontact`
--

CREATE TABLE IF NOT EXISTS `branchcontact` (
  `ControlNo` int(11) NOT NULL AUTO_INCREMENT,
  `ContactNo` varchar(11) NOT NULL,
  PRIMARY KEY (`ControlNo`,`ContactNo`),
  KEY `fk_BranchContact_CaritasBranch1_idx` (`ControlNo`)
) ENGINE=InnoDB  DEFAULT CHARSET=utf8 AUTO_INCREMENT=36 ;

--
-- Dumping data for table `branchcontact`
--

INSERT INTO `branchcontact` (`ControlNo`, `ContactNo`) VALUES
(2, '2526161'),
(3, '2526162'),
(4, '2526163'),
(5, '8888888'),
(35, '5220011');

-- --------------------------------------------------------

--
-- Table structure for table `businessaddress`
--

CREATE TABLE IF NOT EXISTS `businessaddress` (
  `ControlNo` int(11) NOT NULL,
  `Address` varchar(50) NOT NULL,
  PRIMARY KEY (`ControlNo`,`Address`),
  KEY `fk_BusinessAddress_LoanBusiness1_idx` (`ControlNo`)
) ENGINE=InnoDB DEFAULT CHARSET=utf8;

--
-- Dumping data for table `businessaddress`
--

INSERT INTO `businessaddress` (`ControlNo`, `Address`) VALUES
(1, '111 Taft Avenue'),
(2, '111 Taft Avenue'),
(3, '111 Taft Avenue'),
(4, 'taft'),
(5, 'malate'),
(6, 'Tacloban'),
(7, 'Tacloban City'),
(8, 'taft'),
(9, 'taft'),
(10, 'taft'),
(11, 'taft'),
(12, 'taft'),
(13, 'taft'),
(14, '111 Taft Avenue'),
(15, 'Pluto St.'),
(16, 'Pluto St.'),
(17, 'Pluto St.'),
(18, 'Pluto St.'),
(19, 'Pluto St.'),
(20, 'Pluto St.'),
(21, 'Pluto St.'),
(22, 'Pluto St.'),
(23, 'Uranus St.'),
(24, 'Uranus St.'),
(25, 'Uranus St.'),
(26, 'Uranus St.'),
(27, 'Uranus St.'),
(28, 'Uranus St.'),
(29, 'Uranus St.'),
(30, 'Uranus St.'),
(31, 'Uranus St.'),
(32, 'Neptune St.'),
(33, 'Neptune St.'),
(34, 'Neptune St.'),
(35, 'Saturn St.'),
(36, 'Saturn St.'),
(37, 'Saturn St.'),
(38, 'Saturn St.'),
(39, 'Saturn St.'),
(40, 'Saturn St.'),
(41, 'Saturn St.'),
(42, 'Saturn St.'),
(43, 'Saturn St.'),
(44, '1431 Baseco St. Caloocan City');

-- --------------------------------------------------------

--
-- Table structure for table `businesscontact`
--

CREATE TABLE IF NOT EXISTS `businesscontact` (
  `ControlNo` int(11) NOT NULL,
  `ContactNo` varchar(11) NOT NULL,
  PRIMARY KEY (`ControlNo`,`ContactNo`),
  KEY `fk_BusinessContact_LoanBusiness1_idx` (`ControlNo`)
) ENGINE=InnoDB DEFAULT CHARSET=utf8;

--
-- Dumping data for table `businesscontact`
--

INSERT INTO `businesscontact` (`ControlNo`, `ContactNo`) VALUES
(1, '09223455433'),
(2, '2518282'),
(3, '2518282'),
(4, '72974927'),
(5, '8028302'),
(6, '8237912'),
(7, '1083038'),
(8, '1083038'),
(9, '1083038'),
(10, '1083038'),
(11, '1083038'),
(12, '1083038'),
(13, '1083038'),
(14, '09228765665'),
(15, '1083038'),
(16, '1083038'),
(17, '1083038'),
(18, '1083038'),
(19, '1083038'),
(20, '1083038'),
(21, '1083038'),
(22, '28398238'),
(23, '28398238'),
(24, '28398238'),
(25, '1083038'),
(26, '3232894'),
(27, '28398238'),
(28, '3237988'),
(29, '3237988'),
(30, '3239292'),
(31, '3237988'),
(32, '3232894'),
(33, '1083038'),
(34, '20480284'),
(35, '3239292'),
(36, '3232322'),
(37, '3239292'),
(38, '3237988'),
(39, '3239292'),
(40, '3232322'),
(41, '3239292'),
(42, '3237988'),
(43, '3237988'),
(44, '09153938997');

-- --------------------------------------------------------

--
-- Table structure for table `businessexpensetype`
--

CREATE TABLE IF NOT EXISTS `businessexpensetype` (
  `ExpenseType` varchar(30) NOT NULL,
  PRIMARY KEY (`ExpenseType`)
) ENGINE=InnoDB DEFAULT CHARSET=utf8;

-- --------------------------------------------------------

--
-- Table structure for table `caritasbranch`
--

CREATE TABLE IF NOT EXISTS `caritasbranch` (
  `ControlNo` int(11) NOT NULL AUTO_INCREMENT,
  `BranchID` int(11) NOT NULL,
  `BranchName` varchar(45) NOT NULL,
  PRIMARY KEY (`ControlNo`)
) ENGINE=InnoDB  DEFAULT CHARSET=utf8 AUTO_INCREMENT=36 ;

--
-- Dumping data for table `caritasbranch`
--

INSERT INTO `caritasbranch` (`ControlNo`, `BranchID`, `BranchName`) VALUES
(1, 1, 'Main'),
(2, 2, 'Tayuman'),
(3, 3, 'Paco'),
(4, 4, 'Makati'),
(5, 8, 'Caloocan'),
(35, 10, 'Antipolo');

-- --------------------------------------------------------

--
-- Table structure for table `caritasbranch_has_caritascenters`
--

CREATE TABLE IF NOT EXISTS `caritasbranch_has_caritascenters` (
  `CaritasBranch_ControlNo` int(11) NOT NULL,
  `CaritasCenters_ControlNo` int(11) NOT NULL,
  `Date` timestamp NOT NULL DEFAULT CURRENT_TIMESTAMP,
  PRIMARY KEY (`CaritasBranch_ControlNo`,`CaritasCenters_ControlNo`,`Date`),
  KEY `fk_CaritasBranch_has_CaritasCenters_CaritasCenters1_idx` (`CaritasCenters_ControlNo`),
  KEY `fk_CaritasBranch_has_CaritasCenters_CaritasBranch1_idx` (`CaritasBranch_ControlNo`)
) ENGINE=InnoDB DEFAULT CHARSET=utf8;

--
-- Dumping data for table `caritasbranch_has_caritascenters`
--

INSERT INTO `caritasbranch_has_caritascenters` (`CaritasBranch_ControlNo`, `CaritasCenters_ControlNo`, `Date`) VALUES
(2, 1, '2012-12-31 21:00:32'),
(2, 2, '2012-12-31 21:02:06'),
(2, 3, '2012-12-31 21:02:41'),
(2, 4, '2012-12-31 21:03:25'),
(2, 5, '2012-12-31 21:04:42'),
(5, 6, '2014-10-21 22:16:28'),
(5, 7, '2014-10-21 22:16:53'),
(5, 8, '2014-10-21 22:17:22'),
(5, 9, '2014-10-21 22:18:29'),
(5, 10, '2014-10-21 22:22:22'),
(35, 60, '2011-01-09 19:48:45'),
(35, 70, '2011-07-02 19:50:19'),
(35, 80, '2011-06-11 19:51:37'),
(35, 90, '2011-11-05 19:53:00'),
(35, 100, '2011-09-22 19:54:34');

-- --------------------------------------------------------

--
-- Table structure for table `caritasbranch_has_caritaspersonnel`
--

CREATE TABLE IF NOT EXISTS `caritasbranch_has_caritaspersonnel` (
  `CaritasBranch_ControlNo` int(11) NOT NULL,
  `CaritasPersonnel_ControlNo` int(11) NOT NULL,
  PRIMARY KEY (`CaritasBranch_ControlNo`,`CaritasPersonnel_ControlNo`),
  KEY `fk_CaritasBranch_has_CaritasPersonnel_CaritasPersonnel1_idx` (`CaritasPersonnel_ControlNo`),
  KEY `fk_CaritasBranch_has_CaritasPersonnel_CaritasBranch1_idx` (`CaritasBranch_ControlNo`)
) ENGINE=InnoDB DEFAULT CHARSET=utf8;

--
-- Dumping data for table `caritasbranch_has_caritaspersonnel`
--

INSERT INTO `caritasbranch_has_caritaspersonnel` (`CaritasBranch_ControlNo`, `CaritasPersonnel_ControlNo`) VALUES
(1, 1),
(2, 2),
(2, 3),
(2, 4),
(3, 5),
(2, 6),
(3, 7),
(3, 8),
(4, 9),
(4, 10),
(4, 11),
(4, 12),
(5, 13),
(5, 14),
(5, 15),
(5, 16),
(5, 17),
(5, 18),
(5, 19),
(5, 20),
(5, 21),
(5, 22),
(5, 23),
(35, 113),
(35, 114),
(35, 115),
(35, 116),
(35, 117);

-- --------------------------------------------------------

--
-- Table structure for table `caritasbranch_has_establishmentstatus`
--

CREATE TABLE IF NOT EXISTS `caritasbranch_has_establishmentstatus` (
  `ControlNo` int(11) NOT NULL,
  `EstablishmentStatus` varchar(45) NOT NULL,
  `DateUpdated` timestamp NOT NULL DEFAULT CURRENT_TIMESTAMP,
  PRIMARY KEY (`ControlNo`,`EstablishmentStatus`,`DateUpdated`),
  KEY `fk_CaritasBranch_has_EstablishmentStatus_CaritasBranch1_idx` (`ControlNo`),
  KEY `fk_CaritasBranch_has_EstablishmentStatus_EstablishmentStatu_idx` (`EstablishmentStatus`)
) ENGINE=InnoDB DEFAULT CHARSET=utf8;

-- --------------------------------------------------------

--
-- Table structure for table `caritascenters`
--

CREATE TABLE IF NOT EXISTS `caritascenters` (
  `ControlNo` int(11) NOT NULL AUTO_INCREMENT,
  `CenterNo` int(11) NOT NULL,
  `DayoftheWeek` varchar(9) NOT NULL,
  `so_controlno` int(11) NOT NULL,
  PRIMARY KEY (`ControlNo`,`CenterNo`)
) ENGINE=InnoDB  DEFAULT CHARSET=utf8 AUTO_INCREMENT=101 ;

--
-- Dumping data for table `caritascenters`
--

INSERT INTO `caritascenters` (`ControlNo`, `CenterNo`, `DayoftheWeek`, `so_controlno`) VALUES
(1, 1, 'Monday', 0),
(2, 2, 'Tuesday', 3),
(3, 3, 'Wednesday', 0),
(4, 4, 'Thursday', 0),
(5, 5, 'Friday', 0),
(6, 1, 'Monday', 0),
(7, 2, 'Monday', 0),
(8, 3, 'Wednesday', 0),
(9, 4, 'Wednesday', 0),
(10, 5, 'Friday', 0),
(60, 52, 'Monday', 0),
(70, 53, 'Tuesday', 0),
(80, 54, 'Wednesday', 0),
(90, 55, 'Thursday', 0),
(100, 56, 'Friday', 0);

-- --------------------------------------------------------

--
-- Table structure for table `caritascenters_has_coordinator`
--

CREATE TABLE IF NOT EXISTS `caritascenters_has_coordinator` (
  `CaritasCenters_ControlNo` int(11) NOT NULL,
  `Members_ControlNo` int(11) NOT NULL,
  `DateAssigned` date NOT NULL,
  `DateEnded` date DEFAULT NULL,
  PRIMARY KEY (`CaritasCenters_ControlNo`,`Members_ControlNo`,`DateAssigned`),
  KEY `fk_CaritasCenters_has_Members1_Members1_idx` (`Members_ControlNo`),
  KEY `fk_CaritasCenters_has_Members1_CaritasCenters1_idx` (`CaritasCenters_ControlNo`)
) ENGINE=InnoDB DEFAULT CHARSET=utf8;

-- --------------------------------------------------------

--
-- Table structure for table `caritascenters_has_members`
--

CREATE TABLE IF NOT EXISTS `caritascenters_has_members` (
  `CaritasCenters_ControlNo` int(11) NOT NULL,
  `Members_ControlNo` int(11) NOT NULL,
  `DateEntered` timestamp NOT NULL DEFAULT CURRENT_TIMESTAMP,
  `DateLeft` date DEFAULT NULL,
  PRIMARY KEY (`CaritasCenters_ControlNo`,`Members_ControlNo`,`DateEntered`),
  KEY `fk_CaritasCenters_has_Members_Members1_idx` (`Members_ControlNo`),
  KEY `fk_CaritasCenters_has_Members_CaritasCenters1_idx` (`CaritasCenters_ControlNo`)
) ENGINE=InnoDB DEFAULT CHARSET=utf8;

--
-- Dumping data for table `caritascenters_has_members`
--

INSERT INTO `caritascenters_has_members` (`CaritasCenters_ControlNo`, `Members_ControlNo`, `DateEntered`, `DateLeft`) VALUES
(1, 5, '2012-12-31 21:43:59', NULL),
(1, 7, '2014-08-04 22:42:09', NULL),
(1, 9, '2014-10-18 18:38:44', NULL),
(2, 1, '2012-12-31 21:28:25', NULL),
(2, 2, '2012-12-31 21:31:07', NULL),
(2, 3, '2012-12-31 21:34:26', NULL),
(2, 4, '2012-12-31 21:39:46', NULL),
(2, 6, '2012-12-31 22:07:23', NULL),
(2, 8, '2014-10-03 19:30:05', NULL),
(2, 10, '2014-10-18 20:47:10', NULL),
(6, 11, '2014-01-21 22:54:18', NULL),
(6, 12, '2014-01-21 22:57:56', NULL),
(6, 13, '2014-01-21 23:01:16', NULL),
(6, 27, '2014-01-22 05:38:20', NULL),
(6, 28, '2014-01-22 05:40:22', NULL),
(6, 29, '2014-01-22 05:43:12', NULL),
(6, 30, '2014-01-22 05:45:24', NULL),
(6, 31, '2014-01-22 05:48:00', NULL),
(6, 32, '2014-01-22 05:50:37', NULL),
(6, 33, '2014-01-22 05:55:47', NULL),
(6, 34, '2014-01-22 05:58:17', NULL),
(6, 35, '2014-01-22 06:05:15', NULL),
(6, 76, '2014-01-21 19:20:58', NULL),
(6, 77, '2014-01-21 19:22:21', NULL),
(6, 78, '2014-01-21 19:24:19', NULL),
(6, 79, '2014-01-21 19:27:15', NULL),
(6, 80, '2014-01-21 19:29:24', NULL),
(6, 81, '2014-01-21 19:33:01', NULL),
(6, 82, '2014-01-21 19:34:31', NULL),
(6, 83, '2014-01-21 19:36:05', NULL),
(6, 84, '2014-01-21 19:37:38', NULL),
(6, 85, '2014-01-21 19:42:06', NULL),
(6, 86, '2014-01-21 19:44:31', NULL),
(6, 87, '2014-01-21 19:45:58', NULL),
(6, 88, '2014-01-21 19:47:51', NULL),
(6, 89, '2014-01-21 19:49:54', NULL),
(6, 90, '2014-01-21 19:51:31', NULL),
(6, 91, '2014-01-21 19:58:27', NULL),
(6, 92, '2014-01-21 20:00:41', NULL),
(6, 93, '2014-01-21 20:03:01', NULL),
(6, 94, '2014-01-21 20:04:50', NULL),
(6, 95, '2014-01-21 20:06:30', NULL),
(6, 96, '2014-01-21 20:09:19', NULL),
(6, 97, '2014-01-21 20:11:05', NULL),
(6, 98, '2014-01-21 20:12:51', NULL),
(6, 99, '2014-01-21 20:19:23', NULL),
(6, 100, '2014-01-21 20:20:44', NULL),
(6, 101, '2014-01-21 20:29:43', NULL),
(6, 102, '2014-01-21 20:32:45', NULL),
(6, 103, '2014-01-21 20:36:10', NULL),
(6, 104, '2014-01-21 21:00:33', NULL),
(6, 105, '2014-01-21 21:04:38', NULL),
(6, 106, '2014-01-21 21:06:54', NULL),
(6, 107, '2014-01-21 21:09:10', NULL),
(6, 108, '2014-01-21 21:13:06', NULL),
(6, 109, '2014-01-21 21:14:53', NULL),
(6, 110, '2014-01-21 21:16:20', NULL),
(7, 14, '2014-02-21 23:05:02', NULL),
(7, 15, '2014-02-21 23:15:22', NULL),
(7, 16, '2014-02-21 23:17:12', NULL),
(7, 17, '2014-02-21 23:19:08', NULL),
(7, 36, '2014-01-22 06:07:23', NULL),
(7, 37, '2014-01-22 06:09:04', NULL),
(7, 38, '2014-01-22 06:10:49', NULL),
(7, 39, '2014-01-22 06:12:35', NULL),
(7, 40, '2014-01-22 06:14:43', NULL),
(7, 41, '2014-01-22 06:16:32', NULL),
(7, 42, '2014-01-22 06:18:09', NULL),
(7, 43, '2014-01-22 06:20:51', NULL),
(7, 44, '2014-01-22 06:22:37', NULL),
(7, 111, '2014-01-21 21:26:33', NULL),
(7, 112, '2014-01-21 21:28:22', NULL),
(7, 113, '2014-01-21 21:35:51', NULL),
(7, 114, '2014-01-21 21:38:34', NULL),
(7, 115, '2014-01-21 21:41:42', NULL),
(7, 116, '2014-01-21 21:44:31', NULL),
(7, 117, '2014-01-21 21:46:05', NULL),
(7, 243, '2013-06-11 06:49:53', NULL),
(7, 245, '2013-06-11 06:54:31', NULL),
(7, 246, '2013-06-11 06:56:07', NULL),
(7, 249, '2014-01-22 07:04:39', NULL),
(7, 251, '2014-01-22 07:06:37', NULL),
(7, 253, '2014-01-22 07:15:26', NULL),
(7, 255, '2014-01-22 07:16:59', NULL),
(7, 257, '2014-01-22 07:19:20', NULL),
(7, 260, '2014-01-22 07:44:46', NULL),
(7, 263, '2014-10-31 08:11:48', NULL),
(7, 284, '2014-01-22 09:39:27', NULL),
(7, 285, '2014-01-22 09:41:34', NULL),
(7, 288, '2014-01-22 09:50:31', NULL),
(7, 294, '2014-01-22 10:36:30', NULL),
(7, 296, '2014-01-22 10:39:11', NULL),
(7, 298, '2014-01-22 10:41:01', NULL),
(7, 301, '2014-01-22 10:47:37', NULL),
(7, 303, '2014-01-22 10:50:37', NULL),
(7, 305, '2014-01-22 10:52:05', NULL),
(7, 307, '2014-01-22 10:53:58', NULL),
(7, 309, '2014-01-22 10:58:48', NULL),
(8, 18, '2013-03-21 08:00:00', NULL),
(8, 19, '2013-03-21 23:44:41', NULL),
(8, 20, '2013-03-21 23:47:00', NULL),
(8, 46, '2013-03-22 06:27:14', NULL),
(8, 47, '2013-03-22 06:28:52', NULL),
(8, 48, '2013-03-22 06:32:34', NULL),
(8, 49, '2013-03-22 06:34:10', NULL),
(8, 50, '2013-03-22 06:36:28', NULL),
(8, 51, '2013-03-22 06:38:30', NULL),
(8, 52, '2013-03-22 06:40:32', NULL),
(8, 53, '2013-03-22 06:42:11', NULL),
(9, 21, '2013-04-21 23:51:05', NULL),
(9, 22, '2013-03-21 23:53:15', NULL),
(9, 23, '2013-03-21 23:56:16', NULL),
(9, 54, '2013-03-22 06:44:01', NULL),
(9, 55, '2013-03-22 06:45:39', NULL),
(9, 56, '2013-03-22 06:47:34', NULL),
(9, 57, '2013-03-22 06:49:35', NULL),
(9, 58, '2013-03-22 06:51:21', NULL),
(9, 59, '2013-03-22 06:53:04', NULL),
(9, 60, '2013-03-22 06:54:39', NULL),
(9, 61, '2013-03-22 06:56:30', NULL),
(9, 62, '2013-03-22 06:58:05', NULL),
(9, 75, '2014-10-29 06:48:40', NULL),
(10, 24, '2014-10-22 00:52:34', NULL),
(10, 25, '2014-10-22 00:54:31', NULL),
(10, 26, '2014-10-22 00:56:27', NULL),
(10, 63, '2014-10-22 07:16:06', NULL),
(10, 64, '2014-10-22 07:17:56', NULL),
(10, 65, '2014-10-22 07:19:52', NULL),
(10, 66, '2014-10-22 07:23:55', NULL),
(10, 67, '2014-10-22 07:25:33', NULL),
(10, 68, '2014-10-22 07:27:26', NULL),
(10, 69, '2014-10-22 07:29:38', NULL),
(10, 70, '2014-10-22 07:31:49', NULL),
(10, 71, '2014-10-22 07:33:17', NULL),
(10, 72, '2014-10-22 07:34:56', NULL),
(10, 73, '2014-10-22 07:37:03', NULL),
(10, 74, '2014-10-22 07:38:39', NULL),
(60, 211, '2011-04-22 06:28:23', NULL),
(60, 212, '2011-07-20 06:35:06', NULL),
(60, 213, '2011-07-20 06:43:51', NULL),
(60, 214, '2012-03-16 06:48:52', NULL),
(60, 215, '2012-05-10 07:03:56', NULL),
(60, 217, '2012-05-18 07:22:19', NULL),
(60, 219, '2012-08-03 07:34:44', NULL),
(60, 220, '2012-11-21 07:38:44', NULL),
(60, 242, '2013-06-11 06:49:52', NULL),
(60, 244, '2013-06-11 06:54:31', NULL),
(60, 247, '2014-01-22 06:58:59', NULL),
(60, 248, '2014-01-22 07:02:39', NULL),
(60, 250, '2014-01-22 07:05:45', NULL),
(60, 252, '2014-01-22 07:13:26', NULL),
(60, 254, '2014-01-22 07:15:51', NULL),
(60, 258, '2014-01-22 07:22:21', NULL),
(60, 259, '2014-01-22 07:41:12', NULL),
(60, 261, '2014-01-22 07:47:03', NULL),
(60, 262, '2014-10-31 08:11:42', NULL),
(60, 264, '2014-01-22 08:17:36', NULL),
(60, 265, '2014-01-22 08:28:18', NULL),
(60, 266, '2014-10-31 08:41:22', NULL),
(60, 267, '2014-01-22 08:44:37', NULL),
(60, 268, '2014-01-22 08:50:23', NULL),
(60, 269, '2014-01-22 08:53:56', NULL),
(60, 270, '2014-01-22 08:55:56', NULL),
(60, 271, '2014-01-22 08:57:57', NULL),
(60, 272, '2014-01-22 09:03:10', NULL),
(60, 273, '2014-01-22 09:09:38', NULL),
(60, 274, '2014-01-22 09:12:07', NULL),
(60, 275, '2014-01-22 09:14:49', NULL),
(60, 276, '2014-01-22 09:17:53', NULL),
(60, 277, '2014-01-22 09:19:50', NULL),
(60, 278, '2014-01-22 09:21:38', NULL),
(60, 279, '2014-01-22 09:23:54', NULL),
(60, 280, '2014-01-22 09:26:01', NULL),
(60, 281, '2014-01-22 09:27:47', NULL),
(60, 282, '2014-01-22 09:29:45', NULL),
(60, 283, '2014-10-31 09:32:45', NULL),
(60, 286, '2014-01-22 09:42:21', NULL),
(60, 287, '2014-01-22 09:49:27', NULL),
(60, 289, '2014-01-22 10:02:57', NULL),
(70, 221, '2012-12-03 07:48:53', NULL),
(70, 222, '2013-02-27 07:58:17', NULL),
(70, 223, '2013-02-27 20:15:46', NULL),
(70, 224, '2013-05-01 20:31:30', NULL),
(70, 225, '2013-05-01 20:34:05', NULL),
(70, 226, '2013-05-01 20:38:39', NULL),
(70, 227, '2013-06-09 21:19:46', NULL),
(70, 290, '2014-01-22 10:11:19', NULL),
(70, 291, '2014-01-22 10:18:13', NULL),
(70, 292, '2014-01-22 10:32:06', NULL),
(70, 293, '2014-01-22 10:35:40', NULL),
(70, 295, '2014-01-22 10:37:31', NULL),
(70, 297, '2014-01-22 10:39:36', NULL),
(70, 299, '2014-01-22 10:42:10', NULL),
(70, 300, '2014-01-22 10:44:50', NULL),
(70, 302, '2014-01-22 10:48:24', NULL),
(70, 304, '2014-01-22 10:51:01', NULL),
(70, 306, '2014-01-22 10:52:41', NULL),
(70, 308, '2014-01-22 10:55:32', NULL),
(80, 228, '2013-06-09 21:57:37', NULL),
(80, 230, '2014-01-09 22:20:22', NULL),
(80, 231, '2014-01-16 22:35:44', NULL),
(80, 232, '2014-01-16 22:41:24', NULL),
(80, 233, '2014-03-13 22:48:17', NULL),
(90, 234, '2014-03-28 23:03:05', NULL),
(90, 235, '2014-04-07 23:13:47', NULL),
(90, 241, '2013-06-11 06:47:02', NULL),
(100, 236, '2014-04-14 23:40:51', NULL),
(100, 237, '2014-04-14 23:44:47', NULL),
(100, 238, '2014-05-27 23:48:12', NULL),
(100, 239, '2014-05-27 23:52:10', NULL),
(100, 240, '2014-05-27 23:58:08', NULL);

-- --------------------------------------------------------

--
-- Table structure for table `caritaspersonnel`
--

CREATE TABLE IF NOT EXISTS `caritaspersonnel` (
  `ControlNo` int(11) NOT NULL AUTO_INCREMENT,
  `FirstName` varchar(45) NOT NULL,
  `MiddleName` varchar(45) NOT NULL,
  `LastName` varchar(45) NOT NULL,
  `Rank` varchar(45) NOT NULL,
  `PersonnelID` varchar(45) NOT NULL,
  PRIMARY KEY (`ControlNo`),
  KEY `fk_CaritasPersonnel_PersonnelRank1_idx` (`Rank`)
) ENGINE=InnoDB  DEFAULT CHARSET=utf8 AUTO_INCREMENT=133 ;

--
-- Dumping data for table `caritaspersonnel`
--

INSERT INTO `caritaspersonnel` (`ControlNo`, `FirstName`, `MiddleName`, `LastName`, `Rank`, `PersonnelID`) VALUES
(1, 'Marvin', 'Agustin', 'Lao', 'mispersonnel', 'admin'),
(2, 'Perla', 'Cajilo', 'Yap', 'branchmanager', 'perla'),
(3, 'Lyka', 'Chua', 'Dado', 'salveofficer', 'lyka'),
(4, 'Sheila', 'Chua', 'Uy', 'salveofficer', 'sheila'),
(5, 'Katherine', 'Galang', 'Ong', 'branchmanager', 'katherine'),
(6, 'Marion', 'Kate', 'Menese', 'salveofficer', 'marion'),
(7, 'Rebecca', 'Esmenda', 'Esmenda', 'salveofficer', 'rebecca'),
(8, 'Donna', 'San', 'Tiago', 'salveofficer', 'donna'),
(9, 'Mona', 'Tan', 'Tan', 'salveofficer', 'mona'),
(10, 'AJ', 'John', 'Lim', 'salveofficer', 'aj'),
(11, 'Candes', 'Bernardo', 'Fernado', 'salveofficer', 'candes'),
(12, 'Earl', 'Centen', 'Centino', 'branchmanager', 'earl'),
(13, 'Stephen', 'Lim', 'Santiago', 'branchmanager', 'stephen'),
(14, 'Jan', 'Victor', 'Adan', 'salveofficer', 'jan'),
(15, 'Mikhael', 'Bianca', 'Lee', 'salveofficer', 'mika'),
(16, 'Sheryl', 'Mitch', 'Vy', 'salveofficer', 'sheryl'),
(17, 'Justin', 'Joseph', 'Uy', 'salveofficer', 'justin'),
(18, 'Jay', 'Wils', 'Adlawan', 'salveofficer', 'jay'),
(19, 'Dorothy', 'Ricacho', 'Ching', 'salveofficer', 'shosho'),
(20, 'Ermarie', 'Shane', 'Manalo', 'salveofficer', 'erms'),
(21, 'Danilo', 'Junior', 'Tiozon', 'salveofficer', 'dan'),
(22, 'Nicole', 'Ha', 'Chu', 'salveofficer', 'nics'),
(23, 'Manuel', 'Santos', 'Lee', 'salveofficer', 'lolo'),
(113, 'Kenneth', 'Torio', 'Celi', 'branchmanager', 'ktceli'),
(114, 'Tricia', 'Sim', 'Mariano', 'salveofficer', 'tsmariano'),
(115, 'Justin', 'Pascual', 'Salazar', 'salveofficer', 'jpsalazar'),
(116, 'Alyssa', 'Barlongo', 'Francisco', 'salveofficer', 'abfrancisco'),
(117, 'Bryan', 'Dumlao', 'Galapon', 'salveofficer', 'bdgalapon'),
(118, 'Erica', 'Dublon', 'Ilagan', 'salveofficer', 'EI69897'),
(119, 'Erica', 'Dublon', 'Ilagan', 'salveofficer', 'EI25229'),
(120, 'Erica', 'Dublon', 'Ilagan', 'salveofficer', 'EI82548'),
(121, 'Erica', 'Dublon', 'Ilagan', 'salveofficer', 'EI34474'),
(122, 'Erica', 'Dublon', 'Ilagan', 'salveofficer', 'EI24315'),
(123, 'Erica', 'Dublon', 'Ilagan', 'salveofficer', 'EI79886'),
(124, 'Erica', 'Dublon', 'Ilagan', 'salveofficer', 'EI60784'),
(125, 'Erica', 'Dublon', 'Ilagan', 'salveofficer', 'EI30332'),
(126, 'Erica', 'Dublon', 'Ilagan', 'salveofficer', 'EI28479'),
(127, 'Erica', 'Dublon', 'Ilagan', 'salveofficer', 'EI66867'),
(128, 'Erica', 'Dublon', 'Ilagan', 'salveofficer', 'EI42360'),
(129, 'Erica', 'Dublon', 'Ilagan', 'salveofficer', 'EI30234'),
(130, 'Erica', 'Dublon', 'Ilagan', 'salveofficer', 'EI23326'),
(131, 'Erica', 'Dublon', 'Ilagan', 'salveofficer', 'EI28360'),
(132, 'Erica', 'Dublon', 'Ilagan', 'salveofficer', 'EI35713');

-- --------------------------------------------------------

--
-- Table structure for table `centeraddress`
--

CREATE TABLE IF NOT EXISTS `centeraddress` (
  `ControlNo` int(11) NOT NULL,
  `CenterAddress` varchar(50) NOT NULL,
  PRIMARY KEY (`ControlNo`),
  KEY `fk_CenterAddress_CaritasCenters1_idx` (`ControlNo`)
) ENGINE=InnoDB DEFAULT CHARSET=utf8;

--
-- Dumping data for table `centeraddress`
--

INSERT INTO `centeraddress` (`ControlNo`, `CenterAddress`) VALUES
(1, '321 Tayuman St.'),
(2, '321 Tayuman St.'),
(3, '321 Tayuman St.'),
(4, '321 Tayuman St.'),
(5, '321 Tayuman St.'),
(6, 'Saturn St.'),
(7, 'Jupiter St.'),
(8, 'Pluto St.'),
(9, 'Uranus St.'),
(10, 'Neptune St.'),
(60, 'Bry. 38, Atlas St '),
(70, 'Berkshire St.'),
(80, 'Rose St., Sumulong Highway'),
(90, 'Morning Glory St.'),
(100, 'Albany St., Marcos highway');

-- --------------------------------------------------------

--
-- Table structure for table `centercontact`
--

CREATE TABLE IF NOT EXISTS `centercontact` (
  `ControlNo` int(11) NOT NULL,
  `ContactNo` varchar(11) NOT NULL,
  PRIMARY KEY (`ControlNo`,`ContactNo`),
  KEY `fk_CenterContact_CaritasCenters1_idx` (`ControlNo`)
) ENGINE=InnoDB DEFAULT CHARSET=utf8;

--
-- Dumping data for table `centercontact`
--

INSERT INTO `centercontact` (`ControlNo`, `ContactNo`) VALUES
(1, '2526161'),
(2, '2526161'),
(3, '2526161'),
(4, '2526161'),
(5, '2526161'),
(6, '1111111'),
(7, '2222222'),
(8, '3333333'),
(9, '4444444'),
(10, '5555555'),
(60, '5220011'),
(70, '3540011'),
(80, '5321111'),
(90, '09170001122'),
(100, '6329988');

-- --------------------------------------------------------

--
-- Table structure for table `civilstatusref`
--

CREATE TABLE IF NOT EXISTS `civilstatusref` (
  `CivilStatus` varchar(45) NOT NULL,
  PRIMARY KEY (`CivilStatus`)
) ENGINE=InnoDB DEFAULT CHARSET=utf8;

--
-- Dumping data for table `civilstatusref`
--

INSERT INTO `civilstatusref` (`CivilStatus`) VALUES
('Married'),
('Single');

-- --------------------------------------------------------

--
-- Table structure for table `dailyreports`
--

CREATE TABLE IF NOT EXISTS `dailyreports` (
  `ReportNo` int(11) NOT NULL,
  `NoofBorrowers` int(11) NOT NULL,
  `TotalDeposits` int(11) NOT NULL,
  `TotalWithdrawals` int(11) NOT NULL,
  `TotalLoanCollection` varchar(45) NOT NULL,
  `CaritasBranch_ControlNo` int(11) NOT NULL,
  PRIMARY KEY (`ReportNo`),
  KEY `fk_DailyReports_CaritasBranch1_idx` (`CaritasBranch_ControlNo`)
) ENGINE=InnoDB DEFAULT CHARSET=utf8;

-- --------------------------------------------------------

--
-- Table structure for table `dayoftheweek`
--

CREATE TABLE IF NOT EXISTS `dayoftheweek` (
  `Day` varchar(45) NOT NULL,
  PRIMARY KEY (`Day`)
) ENGINE=InnoDB DEFAULT CHARSET=utf8;

--
-- Dumping data for table `dayoftheweek`
--

INSERT INTO `dayoftheweek` (`Day`) VALUES
('Friday'),
('Monday'),
('Thursday'),
('Tuesday'),
('Wednesday');

-- --------------------------------------------------------

--
-- Table structure for table `degree`
--

CREATE TABLE IF NOT EXISTS `degree` (
  `Degree` varchar(20) NOT NULL,
  PRIMARY KEY (`Degree`)
) ENGINE=InnoDB DEFAULT CHARSET=utf8;

-- --------------------------------------------------------

--
-- Table structure for table `educationalattainmentref`
--

CREATE TABLE IF NOT EXISTS `educationalattainmentref` (
  `EducationalAttainment` varchar(45) NOT NULL,
  PRIMARY KEY (`EducationalAttainment`)
) ENGINE=InnoDB DEFAULT CHARSET=utf8;

--
-- Dumping data for table `educationalattainmentref`
--

INSERT INTO `educationalattainmentref` (`EducationalAttainment`) VALUES
('College'),
('Elementary'),
('High School');

-- --------------------------------------------------------

--
-- Table structure for table `establishmentstatus`
--

CREATE TABLE IF NOT EXISTS `establishmentstatus` (
  `Status` varchar(45) NOT NULL,
  PRIMARY KEY (`Status`)
) ENGINE=InnoDB DEFAULT CHARSET=utf8;

-- --------------------------------------------------------

--
-- Table structure for table `familyexpensetype`
--

CREATE TABLE IF NOT EXISTS `familyexpensetype` (
  `ExpenseType` varchar(30) NOT NULL,
  PRIMARY KEY (`ExpenseType`)
) ENGINE=InnoDB DEFAULT CHARSET=utf8;

--
-- Dumping data for table `familyexpensetype`
--

INSERT INTO `familyexpensetype` (`ExpenseType`) VALUES
('Communications'),
('Electricity'),
('Food'),
('Fuel'),
('Groceries'),
('Medical Expenses'),
('Rent'),
('School Allowance'),
('Transportation'),
('Tuition/School Supplies'),
('Water');

-- --------------------------------------------------------

--
-- Table structure for table `genderref`
--

CREATE TABLE IF NOT EXISTS `genderref` (
  `GenderID` varchar(6) NOT NULL,
  PRIMARY KEY (`GenderID`)
) ENGINE=InnoDB DEFAULT CHARSET=utf8;

--
-- Dumping data for table `genderref`
--

INSERT INTO `genderref` (`GenderID`) VALUES
('Female'),
('Male');

-- --------------------------------------------------------

--
-- Table structure for table `householdname`
--

CREATE TABLE IF NOT EXISTS `householdname` (
  `HouseholdNo` int(11) NOT NULL,
  `FirstName` varchar(45) NOT NULL,
  `MiddleName` varchar(45) NOT NULL,
  `LastName` varchar(45) NOT NULL,
  PRIMARY KEY (`HouseholdNo`),
  KEY `fk_HouseholdName_MembersHousehold1_idx` (`HouseholdNo`)
) ENGINE=InnoDB DEFAULT CHARSET=utf8;

--
-- Dumping data for table `householdname`
--

INSERT INTO `householdname` (`HouseholdNo`, `FirstName`, `MiddleName`, `LastName`) VALUES
(1, 'Angelu', 'Tiu', 'Yap'),
(2, 'Juana', 'Cajilo', 'Chua'),
(3, 'Nikki', 'Pit', 'Pitargue'),
(4, 'Ingrid', 'Pit', 'Pitargue'),
(5, 'Angeli', 'Yu', 'You'),
(6, 'Joshua', 'Cajilo', 'Ngo'),
(7, 'George ', 'Hanna', 'Bin'),
(8, 'Fan', 'Duke', 'Po'),
(9, 'Jin', 'Hwan', 'Lee'),
(10, 'Palam', 'Ri', 'po'),
(11, 'Edang', 'Prince', 'Uy'),
(12, 'Ryan', 'Ritche', 'Vy'),
(13, 'Beth', 'Yosh', 'Lirios'),
(14, 'Mark', 'Jorie', 'Balo'),
(15, 'Cha', 'Lene', 'Guiza'),
(16, 'Mark', 'James', 'Balo'),
(17, 'Paul', 'Shane', 'Sia'),
(18, 'Christine', 'Lim', 'Ngo'),
(19, 'Jerold', 'Pearl', 'Gara'),
(20, 'Jenny', 'Ann', 'Go'),
(21, 'Kiana', 'Paul', 'Tabon'),
(22, 'William', 'Tine', 'Castilo'),
(23, 'Perla', 'En', 'Liu'),
(24, 'Carlos', 'Ama', 'Ba'),
(25, 'Nelly', 'Del', 'Cubio'),
(26, 'Mario', 'Cass', 'Lustre'),
(27, 'Stephen', 'Dee', 'Santiago'),
(28, 'Spencer', 'May', 'Sy'),
(29, 'Grizel', 'Jane', 'Perez'),
(30, 'Betty', 'Shin', 'Sim'),
(31, 'Donald', 'Daisy', 'Bell'),
(32, 'Helen', 'Dim', 'Sum'),
(33, 'Raymundo', 'Delos', 'Santos'),
(34, 'Quintin', 'Man', 'Po'),
(35, 'Allanah', 'Prof', 'Lim'),
(36, 'Angel', 'Lyn', 'Lee'),
(37, 'Prince', 'Charming', 'Po'),
(38, 'Piolo', 'Manny', 'Lustre'),
(39, 'Kathryn', 'Bernal', 'Lido'),
(40, 'Prince', 'Jiro', 'Kang'),
(41, 'Aames', 'Dame', 'Ping'),
(42, 'Fa', 'Ming', 'Ling'),
(43, 'Yesung', 'Man', 'Lee'),
(44, 'Jaejoong', 'Man', 'Lee'),
(45, 'Allanah', 'Rae', 'Lo'),
(46, 'Kyuhyun', 'Kim', 'Jung'),
(47, 'Mi', 'Yu', 'Huang'),
(48, 'Bedie', 'Manny', 'Po'),
(49, 'Allanah', 'Shea', 'Kim'),
(50, 'Mario', 'Man', 'Po'),
(51, 'Gary', 'Kim', 'Lee'),
(52, 'Kanga', 'Langa', 'Do'),
(53, 'Jaejoong', 'Prof', 'Lo'),
(54, 'Utonion', 'May', 'Ming'),
(55, 'Ming', 'Ming', 'Sun'),
(56, 'Suho', 'May', 'Lim'),
(57, 'Prince', 'Wang', 'Ji'),
(58, 'Kris', 'Park', 'Jay'),
(59, 'Prince', 'Go', 'Ching'),
(60, 'Yesung', 'Kim', 'Wu'),
(61, 'Kai', 'Kim', 'Lim'),
(62, 'Aaron', 'Daaren', 'Uy'),
(63, 'Jess', 'Mario', 'Yang'),
(64, 'Stephen', 'Paolo', 'Ping'),
(65, 'Shiela', 'Mae', 'Vy'),
(66, 'Christine', 'Marie', 'Ngo'),
(67, 'Spencer', 'Yu', 'Sy'),
(68, 'Aaron', 'Taylor', 'Williams'),
(69, 'Jennie', 'Jen', 'Do'),
(70, 'Aaron', 'Cass', 'Cubio'),
(71, 'Carlos', 'Ming', 'Ping'),
(72, 'Allanah', 'Yu', 'Ngo'),
(73, 'Jess', 'Le', 'Ngo'),
(74, 'Susan', 'Chua', 'Uy'),
(76, 'Mojo', 'Jo', 'Jo'),
(77, 'Mojo', 'Jo', 'Jo'),
(78, 'Raymart', 'Ang', 'Santiago'),
(79, 'Julio', 'Santos', 'Cojuanco'),
(80, 'Raymart', 'Santos', 'Santiago'),
(81, 'Allan', 'Go', 'Uy'),
(82, 'Allan', 'Go', 'Uy'),
(83, 'Allan', 'Go', 'Uy'),
(84, 'Allan', 'Go', 'Uy'),
(85, 'Allan', 'Go', 'Uy'),
(86, 'Allan', 'Go', 'Uy'),
(87, 'Susan', 'Chua', 'Uy'),
(88, 'Jess', 'Go', 'Yang'),
(89, 'Jess', 'Go', 'Yang'),
(90, 'Ali', 'Uy', 'Tan'),
(91, 'Ali', 'Uy', 'Tan'),
(92, 'Ali', 'Uy', 'Tan'),
(93, 'Butch', 'Sim', 'Uy'),
(94, 'Butch', 'Sim', 'Uy'),
(95, 'Helen', 'Uy', 'Sy'),
(96, 'Helen', 'Uy', 'Sy'),
(97, 'Jojo', 'Go', 'Uy'),
(98, 'Jojo', 'Go', 'Uy'),
(99, 'Jojo', 'Go', 'Uy'),
(100, 'Jojo', 'Go', 'Uy'),
(101, 'Jojo', 'Go', 'Uy'),
(102, 'Jojo', 'Go', 'Uy'),
(103, 'Jojo', 'Go', 'Uy'),
(104, 'Jason', 'Lee', 'Lim'),
(105, 'Jason', 'Lee', 'Lim'),
(106, 'Ferdinand', 'Corazon', 'Reyes'),
(107, 'Ferdinand', 'Corazon', 'Reyes'),
(108, 'Ferdinand', 'Corazon', 'Reyes'),
(109, 'Ferdinand', 'Corazon', 'Reyes'),
(110, 'Teofilo', 'Lim', 'Vy'),
(111, 'Teofilo', 'Lim', 'Vy'),
(112, 'Teofilo', 'Lim', 'Vy'),
(113, 'Teofilo', 'Lim', 'Vy'),
(114, 'Teofilo', 'Lim', 'Vy'),
(115, 'Teofilo', 'Lim', 'Vy'),
(116, 'Teofilo', 'Lim', 'Vy'),
(2110, 'Alyssa Joyce', 'Azucena', 'Binloc'),
(2120, 'Lourdes', 'Cruz', 'Decena'),
(2130, 'Julie', 'Enriquez', 'Herrero'),
(2140, 'Jesse Kyla', 'Ignacio', 'Perez'),
(2150, 'Aniceto', 'Chua', 'Galapon'),
(2170, 'Jaime', 'Guadalupe', 'Ortiz'),
(2190, 'Alyssa Mae', 'Garcia', 'Valencia'),
(2200, 'Orlando', 'Cerezo', 'Amonte'),
(2210, 'Jackielyn', 'Dele Cruz', 'Navarro'),
(2220, 'Ma. Angelica', 'Tabadero', 'Ringor'),
(2240, 'Patricia Mae', 'Zaplan', 'Dispo'),
(2250, 'Helen', 'De Vera', 'Escobar'),
(2260, 'Anthony', 'Carreon', 'Alcaraz'),
(2270, 'Precillia', 'Cruz', 'Atayde'),
(2280, 'Leo John', 'Manuyag', 'Inigo'),
(2300, 'Billy Ray', 'Torio', 'Maron'),
(2310, 'Shaira', 'Domalanta', 'Siapno'),
(2320, 'James', 'Ceros', 'Alcaraz'),
(2330, 'Jackielyn', 'De Vera', 'Cruz'),
(2340, 'Donna', 'Silang', 'Siy'),
(2350, 'Laina', 'Meneses', 'Atayde'),
(2351, 'Joyce', 'Jimenez', 'Panopio'),
(2352, 'Helen', 'Joy', 'Agustin'),
(2353, 'Teofilo', 'Lim', 'Vy'),
(2354, 'Mirasol', 'Agoncillo', 'Perez'),
(2355, 'Aaron', 'Go', 'Ng'),
(2356, 'Aaron', 'Go', 'Ng'),
(2357, 'Alfredo', 'Azucena', 'Abaya'),
(2358, 'Julie', 'Diokno', 'Navarro'),
(2359, 'Aaron', 'Go', 'Ng'),
(2360, 'Lyka', 'Centino', 'Dion'),
(2361, 'Aaron', 'Go', 'Ng'),
(2362, 'Leo John', 'Chua', 'Valencia'),
(2363, 'June', 'Garcia', 'Reyes'),
(2364, 'Arielle Joy', 'Ignacion', 'Insige'),
(2365, 'June', 'Garcia', 'Reyes'),
(2366, 'June', 'Garcia', 'Reyes'),
(2367, 'Helen Joy', 'Meneses', 'Alcaraz'),
(2368, 'Virgilia', 'Hererro', 'Pioquinta'),
(2369, 'Will', 'Pena', 'Winchester'),
(2370, 'Mary Grace', 'Azucena', 'Abaya'),
(2371, 'Arielle', 'Dele Cruz', 'Gabat'),
(2372, 'Will', 'Pena', 'Winchester'),
(2373, 'Arielle', 'Enriquez', 'Cruz'),
(2374, 'Oliver', 'Jimenez', 'Sagun'),
(2375, 'Alyssa Joyce', 'Ceros', 'De Vera'),
(2376, 'Jesse Kyla', 'Ceros', 'Lacson'),
(2377, 'Allan', 'Pablo', 'Galante'),
(2378, 'Kevin', 'Guadalupe', 'Jimenez'),
(2379, 'Angelica Kaye', 'Lacson', 'Perez'),
(2380, 'Jesse Kyla', 'Guadalupe', 'Ortiz'),
(2381, 'Aniceto', 'Ignacio', 'Severino'),
(2382, 'Alfredo', 'Diokno', 'Abaya'),
(2383, 'Lourdes', 'Ungco', 'Mamawal'),
(2384, 'Laina', 'Diokno', 'Maron'),
(2385, 'Julienne', 'acosta', 'amonte'),
(2386, 'Jayme Grace', 'Azucena', 'Binloc'),
(2387, 'James', 'Fernandez', 'Galapon'),
(2388, 'John Kevin', 'Jimenez', 'Isidoro'),
(2389, 'Jesse Kyla', 'Enriquez', 'Lacson'),
(2390, 'Jeremiah', 'Bernasor', 'Sison'),
(2391, 'Donna', 'Alcaraz', 'Cruz'),
(2392, 'Ma. Angelica', 'Manuyag', 'Navarro'),
(2393, 'Isabel', 'Dy', 'Padua'),
(2394, 'Isabel', 'Dy', 'Padua'),
(2395, 'Precillia', 'Chua', 'Galante'),
(2396, 'Ma. Angelica', 'Dele Cruz', 'Gabat'),
(2397, 'Isabel', 'Diwa', 'Padua'),
(2398, 'Ma. Angelica', 'Azucena', 'Binloc'),
(2399, 'Oliver', 'Guadalupe', 'De Vera'),
(2400, 'Aurora', 'Meneses', 'Dispo'),
(2401, 'Justin', 'Pascual', 'Lao'),
(2402, 'Orlando', 'Garcia', 'Decena'),
(2403, 'June', 'July', 'August'),
(2404, 'Laina', 'Chua', 'Abaya'),
(2405, 'Carlos', 'Garcia', 'Yu'),
(2406, 'Marc', 'Conanan', 'Obillo'),
(2407, 'Stephen', 'Pena', 'Ubalde'),
(2408, 'Ma. Angelica', 'Chua', 'Meneses'),
(2409, 'Angelo', 'De Vera', 'Cruz'),
(2410, 'Carlos', 'Dy', 'Yu'),
(2411, 'Angelica Kaye', 'Diokno', 'Maron'),
(2412, 'Carlos', 'Garcia', 'Cu'),
(2413, 'Harold', 'Ignacio', 'Belrosario'),
(2414, 'Carlos', 'Garcia', 'Cu'),
(2415, 'Trinidad', 'Carreon', 'Abaya'),
(2416, 'Christine', 'Go', 'Ausa'),
(2417, 'Winona', 'Guadalupe', 'Cruz'),
(2418, 'Will', 'Song', 'Cu');

-- --------------------------------------------------------

--
-- Table structure for table `householdoccupation`
--

CREATE TABLE IF NOT EXISTS `householdoccupation` (
  `HouseholdNo` int(11) NOT NULL,
  `Occupation` varchar(30) NOT NULL,
  PRIMARY KEY (`HouseholdNo`),
  KEY `fk_HouseholdOccupation_MembersHousehold1_idx` (`HouseholdNo`)
) ENGINE=InnoDB DEFAULT CHARSET=utf8;

--
-- Dumping data for table `householdoccupation`
--

INSERT INTO `householdoccupation` (`HouseholdNo`, `Occupation`) VALUES
(1, 'Student'),
(2, 'Vendor'),
(3, 'Employee'),
(4, 'Manager'),
(5, 'Manager'),
(6, 'Businessman'),
(7, 'Vendor'),
(8, 'employee'),
(9, 'businessman'),
(10, 'unemployed'),
(11, 'Businesswoman'),
(12, 'businessman'),
(13, 'Businesswoman'),
(14, 'Businessman'),
(15, 'Businesswoman'),
(16, 'businessman'),
(17, 'businessman'),
(18, 'Businesswoman'),
(19, 'businessman'),
(20, 'Businesswoman'),
(21, 'Businesswoman'),
(22, 'businessman'),
(23, 'Businesswoman'),
(24, 'businessman'),
(25, 'businessman'),
(26, 'businessman'),
(27, 'Nurse'),
(28, 'employee'),
(29, 'employee'),
(30, 'Housewife'),
(31, 'employee'),
(32, 'unemployed'),
(33, 'unemployed'),
(34, 'unemployed'),
(35, 'unemployed'),
(36, 'employee'),
(37, 'employee'),
(38, 'employee'),
(39, 'unemployed'),
(40, 'employee'),
(41, 'employee'),
(42, 'employee'),
(43, 'employee'),
(44, 'unemployed'),
(45, 'employee'),
(46, 'employee'),
(47, 'Housewife'),
(48, 'employee'),
(49, 'employee'),
(50, 'unemployed'),
(51, 'employee'),
(52, 'employee'),
(53, 'employee'),
(54, 'employee'),
(55, 'unemployed'),
(56, 'unemployed'),
(57, 'unemployed'),
(58, 'employee'),
(59, 'employee'),
(60, 'employee'),
(61, 'unemployed'),
(62, 'employee'),
(63, 'employee'),
(64, 'employee'),
(65, 'employee'),
(66, 'unemployed'),
(67, 'employee'),
(68, 'employee'),
(69, 'employee'),
(70, 'unemployed'),
(71, 'employee'),
(72, 'employee'),
(73, 'employee'),
(74, 'Housewife'),
(76, 'businessman'),
(77, 'businessman'),
(78, 'businessman'),
(79, 'businessman'),
(80, 'businessman'),
(81, 'businessman'),
(82, 'businessman'),
(83, 'businessman'),
(84, 'businessman'),
(85, 'businessman'),
(86, 'businessman'),
(87, 'Businesswoman'),
(88, 'employee'),
(89, 'employee'),
(90, 'employee'),
(91, 'employee'),
(92, 'employee'),
(93, 'employee'),
(94, 'employee'),
(95, 'employee'),
(96, 'employee'),
(97, 'employee'),
(98, 'employee'),
(99, 'employee'),
(100, 'employee'),
(101, 'employee'),
(102, 'employee'),
(103, 'employee'),
(104, 'employee'),
(105, 'employee'),
(106, 'employee'),
(107, 'employee'),
(108, 'employee'),
(109, 'employee'),
(110, 'employee'),
(111, 'employee'),
(112, 'employee'),
(113, 'employee'),
(114, 'employee'),
(115, 'employee'),
(116, 'employee'),
(2110, 'HR'),
(2120, 'n/a'),
(2130, 'Housewife'),
(2140, 'Student'),
(2150, 'n/a'),
(2170, 'Taxi Driver'),
(2200, 'Taxi Driver'),
(2210, 'housewife'),
(2220, 'Housewife'),
(2240, 'housewife'),
(2250, 'HR'),
(2260, 'n/a'),
(2270, 'student'),
(2280, 'Taxi Driver'),
(2300, 'Student'),
(2310, 'Student'),
(2320, 'Taxi Driver'),
(2330, 'housewife'),
(2340, 'Housewife'),
(2350, 'HR'),
(2351, 'Housewife'),
(2352, 'housewife'),
(2353, 'employee'),
(2354, 'Housewife'),
(2355, 'employee'),
(2356, 'employee'),
(2357, 'Taxi Driver'),
(2358, 'Call center agent'),
(2359, 'employee'),
(2360, 'Nurse'),
(2361, 'employee'),
(2362, 'bank employee'),
(2363, 'employee'),
(2364, 'HR'),
(2365, 'employee'),
(2366, 'employee'),
(2367, 'bank employee'),
(2368, 'HR'),
(2369, 'employee'),
(2370, 'Nurse'),
(2371, 'Taxi Driver'),
(2372, 'employee'),
(2373, 'Nurse'),
(2374, 'Fish Vendor'),
(2375, 'bank employee'),
(2376, 'fish vendor'),
(2377, 'n/a'),
(2378, 'Fish Vendor'),
(2379, 'Nurse'),
(2380, 'Call center agent'),
(2381, 'bank employee'),
(2382, 'student'),
(2383, 'Vendor'),
(2384, 'housewife'),
(2385, 'bank employee'),
(2386, 'Vegetable vendor'),
(2387, 'n/a'),
(2388, 'Taxi Driver'),
(2389, 'Vegetable vendor'),
(2390, 'student'),
(2391, 'bank employee'),
(2392, 'PLDT Employee'),
(2393, 'employee'),
(2394, 'employee'),
(2395, 'bank employee'),
(2396, 'Housewife'),
(2397, 'employee'),
(2398, 'bank employee'),
(2399, 'bank employee'),
(2400, 'bank employee'),
(2401, 'bank employee'),
(2402, 'n/a'),
(2403, 'employee'),
(2404, 'Call center agent'),
(2405, 'employee'),
(2406, 'Call center agent'),
(2407, 'employee'),
(2408, 'HR'),
(2409, 'Taxi Driver'),
(2410, 'employee'),
(2411, 'HR'),
(2412, 'employee'),
(2413, 'Taxi Driver'),
(2414, 'employee'),
(2415, 'bank employee'),
(2416, 'employee'),
(2417, 'bank employee'),
(2418, 'employee');

-- --------------------------------------------------------

--
-- Table structure for table `householdsignature`
--

CREATE TABLE IF NOT EXISTS `householdsignature` (
  `HouseholdNo` int(11) NOT NULL,
  `Signature` longblob NOT NULL,
  PRIMARY KEY (`HouseholdNo`),
  KEY `fk_HouseholdSigniture_MembersHousehold1_idx` (`HouseholdNo`)
) ENGINE=InnoDB DEFAULT CHARSET=utf8;

-- --------------------------------------------------------

--
-- Table structure for table `incometype`
--

CREATE TABLE IF NOT EXISTS `incometype` (
  `IncomeType` varchar(20) NOT NULL,
  PRIMARY KEY (`IncomeType`)
) ENGINE=InnoDB DEFAULT CHARSET=utf8;

--
-- Dumping data for table `incometype`
--

INSERT INTO `incometype` (`IncomeType`) VALUES
('Children'),
('Other Business'),
('Others'),
('Spouse');

-- --------------------------------------------------------

--
-- Table structure for table `loanapplication`
--

CREATE TABLE IF NOT EXISTS `loanapplication` (
  `ControlNo` int(11) NOT NULL AUTO_INCREMENT,
  `ApplicationNumber` int(11) NOT NULL,
  `AmountRequested` int(11) NOT NULL,
  `Interest` int(11) NOT NULL,
  `CapitalShare` int(3) NOT NULL,
  `DateApplied` date NOT NULL,
  `DayoftheWeek` varchar(45) NOT NULL,
  `Status` varchar(20) NOT NULL,
  `LoanType` varchar(45) NOT NULL,
  `Comments` varchar(100) DEFAULT NULL,
  `DateReleased` date DEFAULT NULL,
  PRIMARY KEY (`ControlNo`),
  KEY `fk_LoanApplication_DayoftheWeek1_idx` (`DayoftheWeek`),
  KEY `fk_LoanApplication_LoanStatus1_idx` (`Status`),
  KEY `fk_LoanApplication_LoanType1_idx` (`LoanType`)
) ENGINE=InnoDB  DEFAULT CHARSET=utf8 AUTO_INCREMENT=108 ;

--
-- Dumping data for table `loanapplication`
--

INSERT INTO `loanapplication` (`ControlNo`, `ApplicationNumber`, `AmountRequested`, `Interest`, `CapitalShare`, `DateApplied`, `DayoftheWeek`, `Status`, `LoanType`, `Comments`, `DateReleased`) VALUES
(1, 1, 4000, 600, 100, '2014-08-01', 'Tuesday', 'Current', '23-Weeks', NULL, '2014-08-05'),
(2, 2, 4000, 600, 100, '2014-08-05', 'Tuesday', 'Current', '23-Weeks', NULL, '2014-08-05'),
(3, 3, 3500, 700, 100, '2014-08-05', 'Tuesday', 'Full Payment', '40-Weeks', NULL, '2014-10-03'),
(4, 4, 4000, 600, 100, '2014-10-16', 'Tuesday', 'Full Payment', '23-Weeks', NULL, '2014-10-19'),
(5, 5, 4000, 600, 100, '2014-10-08', 'Monday', 'Pending', '23-Weeks', NULL, NULL),
(6, 6, 4000, 600, 100, '2014-10-08', 'Monday', 'Pending', '23-Weeks', NULL, NULL),
(8, 8, 4000, 600, 100, '2014-01-22', 'Monday', 'Full Payment', '23-Weeks', NULL, '2013-03-22'),
(9, 9, 4000, 600, 100, '2014-01-22', 'Monday', 'Current', '23-Weeks', NULL, '2013-03-22'),
(10, 10, 4000, 600, 100, '2013-03-22', 'Wednesday', 'Full Payment', '23-Weeks', NULL, '2013-03-22'),
(11, 11, 4000, 600, 100, '2013-03-22', 'Wednesday', 'Full Payment', '23-Weeks', NULL, '2013-03-22'),
(12, 12, 4000, 600, 100, '2013-03-22', 'Wednesday', 'Full Payment', '23-Weeks', NULL, '2013-03-22'),
(13, 13, 4000, 600, 100, '2013-03-22', 'Wednesday', 'Full Payment', '23-Weeks', NULL, '2013-03-22'),
(14, 14, 4000, 600, 100, '2013-03-22', 'Wednesday', 'Full Payment', '23-Weeks', NULL, '2013-03-22'),
(15, 15, 4000, 600, 100, '2013-03-22', 'Wednesday', 'Full Payment', '23-Weeks', NULL, '2013-03-22'),
(16, 16, 4000, 600, 100, '2014-01-27', 'Monday', 'Full Payment', '23-Weeks', NULL, '2014-01-27'),
(17, 17, 4000, 600, 100, '2013-09-23', 'Wednesday', 'Full Payment', '23-Weeks', NULL, '2013-09-25'),
(18, 18, 4000, 600, 100, '2013-09-23', 'Wednesday', 'Full Payment', '23-Weeks', NULL, '2013-09-25'),
(19, 19, 4000, 600, 100, '2013-09-23', 'Wednesday', 'Full Payment', '23-Weeks', NULL, '2013-09-25'),
(20, 20, 4000, 600, 100, '2013-09-23', 'Wednesday', 'Full Payment', '23-Weeks', NULL, '2013-09-25'),
(21, 21, 4000, 600, 100, '2013-09-23', 'Wednesday', 'Full Payment', '23-Weeks', NULL, '2013-09-25'),
(22, 22, 4000, 600, 100, '2013-09-23', 'Wednesday', 'Full Payment', '23-Weeks', NULL, '2013-09-25'),
(23, 23, 4000, 600, 100, '2013-09-23', 'Wednesday', 'Full Payment', '23-Weeks', NULL, '2013-09-25'),
(24, 24, 4000, 600, 100, '2013-09-23', 'Wednesday', 'Full Payment', '23-Weeks', NULL, '2013-09-25'),
(25, 25, 4000, 600, 100, '2013-09-23', 'Wednesday', 'Full Payment', '23-Weeks', NULL, '2013-09-25'),
(26, 26, 4000, 600, 100, '2013-09-23', 'Wednesday', 'Full Payment', '23-Weeks', NULL, '2013-09-25'),
(27, 27, 4000, 600, 100, '2013-09-23', 'Wednesday', 'Full Payment', '23-Weeks', NULL, '2013-09-25'),
(28, 28, 4000, 600, 100, '2013-09-23', 'Wednesday', 'Full Payment', '23-Weeks', NULL, '2013-09-25'),
(29, 29, 4000, 600, 100, '2013-09-23', 'Wednesday', 'Full Payment', '23-Weeks', NULL, '2013-09-25'),
(30, 30, 4000, 600, 100, '2013-09-23', 'Wednesday', 'Full Payment', '23-Weeks', NULL, '2013-09-25'),
(31, 31, 4000, 600, 100, '2013-09-23', 'Wednesday', 'Full Payment', '23-Weeks', NULL, '2013-09-25'),
(32, 32, 4000, 600, 100, '2013-09-23', 'Wednesday', 'Full Payment', '23-Weeks', NULL, '2013-09-25'),
(33, 33, 3000, 450, 100, '2013-09-23', 'Wednesday', 'Full Payment', '23-Weeks', NULL, '2013-09-25'),
(34, 34, 4000, 600, 100, '2013-09-23', 'Wednesday', 'Full Payment', '23-Weeks', NULL, '2013-09-25'),
(35, 35, 3000, 450, 100, '2013-09-23', 'Wednesday', 'Full Payment', '23-Weeks', NULL, '2013-09-25'),
(36, 36, 3000, 450, 100, '2013-09-23', 'Wednesday', 'Full Payment', '23-Weeks', NULL, '2013-09-25'),
(37, 37, 3000, 450, 100, '2013-09-23', 'Wednesday', 'Full Payment', '23-Weeks', NULL, '2013-09-25'),
(38, 38, 3000, 450, 100, '2013-09-23', 'Wednesday', 'Full Payment', '23-Weeks', NULL, '2013-09-25'),
(39, 39, 3000, 450, 100, '2013-09-23', 'Wednesday', 'Full Payment', '23-Weeks', NULL, '2013-09-25'),
(40, 40, 4000, 600, 100, '2014-10-22', 'Friday', 'Pending', '23-Weeks', NULL, NULL),
(41, 41, 4000, 600, 100, '2014-10-22', 'Friday', 'Pending', '23-Weeks', NULL, NULL),
(42, 42, 4000, 600, 100, '2014-10-22', 'Friday', 'Pending', '23-Weeks', NULL, NULL),
(43, 43, 5000, 750, 100, '2014-03-27', 'Wednesday', 'Full Payment', '23-Weeks', NULL, '2014-03-26'),
(44, 44, 5000, 750, 100, '2014-03-27', 'Wednesday', 'Full Payment', '23-Weeks', NULL, '2014-03-26'),
(45, 45, 5000, 750, 100, '2014-03-27', 'Wednesday', 'Full Payment', '23-Weeks', NULL, '2014-03-26'),
(46, 46, 4000, 600, 100, '2014-01-22', 'Monday', 'Full Payment', '23-Weeks', NULL, '2014-01-22'),
(47, 47, 4000, 600, 100, '2014-01-22', 'Monday', 'Full Payment', '23-Weeks', NULL, '2014-01-22'),
(48, 48, 4000, 600, 100, '2014-01-22', 'Monday', 'Full Payment', '23-Weeks', NULL, '2014-01-22'),
(49, 49, 4000, 600, 100, '2014-01-22', 'Monday', 'Full Payment', '23-Weeks', NULL, '2014-01-22'),
(50, 50, 4000, 600, 100, '2014-01-22', 'Monday', 'Full Payment', '23-Weeks', NULL, '2014-01-22'),
(51, 51, 4000, 600, 100, '2014-01-22', 'Monday', 'Current', '23-Weeks', NULL, '2014-01-22'),
(52, 52, 4000, 600, 100, '2014-01-22', 'Monday', 'Full Payment', '23-Weeks', NULL, '2014-01-22'),
(53, 53, 4000, 600, 100, '2014-01-22', 'Monday', 'Full Payment', '23-Weeks', NULL, '2014-01-22'),
(54, 54, 4000, 600, 100, '2014-01-22', 'Monday', 'Full Payment', '23-Weeks', NULL, '2014-01-22'),
(55, 55, 3125, 469, 100, '2014-07-28', 'Monday', 'Rejected', '23-Weeks', 'incomplete', NULL),
(56, 56, 3125, 469, 100, '2014-07-28', 'Monday', 'Rejected', '23-Weeks', 'incomplete', NULL),
(57, 57, 3000, 450, 100, '2014-07-28', 'Monday', 'Rejected', '23-Weeks', 'incomplete', NULL),
(58, 58, 2875, 431, 100, '2014-03-27', 'Wednesday', 'Rejected', '23-Weeks', 'incomplete', NULL),
(59, 59, 2875, 431, 100, '2014-03-27', 'Wednesday', 'Rejected', '23-Weeks', 'incomplete', NULL),
(60, 60, 2000, 300, 100, '2014-03-26', 'Wednesday', 'Full Payment', '23-Weeks', NULL, '2014-03-26'),
(61, 61, 2000, 300, 100, '2014-03-26', 'Wednesday', 'Full Payment', '23-Weeks', NULL, '2014-03-26'),
(62, 62, 2000, 300, 100, '2014-03-26', 'Wednesday', 'Full Payment', '23-Weeks', NULL, '2014-03-26'),
(63, 63, 2000, 300, 100, '2014-03-26', 'Wednesday', 'Full Payment', '23-Weeks', NULL, '2014-03-26'),
(64, 64, 2000, 300, 100, '2014-03-26', 'Wednesday', 'Full Payment', '23-Weeks', NULL, '2014-03-26'),
(65, 65, 2000, 300, 100, '2014-03-26', 'Wednesday', 'Full Payment', '23-Weeks', NULL, '2014-03-26'),
(66, 66, 2000, 300, 100, '2014-03-26', 'Wednesday', 'Full Payment', '23-Weeks', NULL, '2014-03-26'),
(67, 67, 2000, 300, 100, '2014-03-26', 'Wednesday', 'Full Payment', '23-Weeks', NULL, '2014-03-26'),
(68, 68, 2000, 300, 100, '2014-03-26', 'Wednesday', 'Full Payment', '23-Weeks', NULL, '2014-03-26'),
(69, 69, 2000, 300, 100, '2014-03-26', 'Wednesday', 'Full Payment', '23-Weeks', NULL, '2014-03-26'),
(70, 70, 2000, 300, 100, '2014-03-26', 'Wednesday', 'Full Payment', '23-Weeks', NULL, '2014-03-26'),
(71, 71, 2000, 300, 100, '2014-03-26', 'Wednesday', 'Full Payment', '23-Weeks', NULL, '2014-03-26'),
(72, 72, 2000, 300, 100, '2014-03-26', 'Wednesday', 'Full Payment', '23-Weeks', NULL, '2014-03-26'),
(73, 73, 2000, 300, 100, '2014-03-26', 'Wednesday', 'Full Payment', '23-Weeks', NULL, '2014-03-26'),
(74, 74, 2000, 300, 100, '2014-03-26', 'Wednesday', 'Full Payment', '23-Weeks', NULL, '2014-03-26'),
(75, 75, 2000, 300, 100, '2014-03-26', 'Wednesday', 'Full Payment', '23-Weeks', NULL, '2014-03-26'),
(76, 76, 2000, 300, 100, '2014-03-26', 'Wednesday', 'Full Payment', '23-Weeks', NULL, '2014-03-26'),
(77, 77, 5000, 750, 100, '2014-03-26', 'Wednesday', 'Full Payment', '23-Weeks', NULL, '2014-03-26'),
(78, 78, 5000, 750, 100, '2014-03-26', 'Wednesday', 'Full Payment', '23-Weeks', NULL, '2014-03-26'),
(79, 79, 5000, 750, 100, '2014-03-26', 'Wednesday', 'Full Payment', '23-Weeks', NULL, '2014-03-26'),
(80, 80, 9000, 1350, 100, '2014-10-15', 'Wednesday', 'Current', '23-Weeks', NULL, '2014-10-22'),
(81, 81, 9000, 1350, 100, '2014-10-15', 'Wednesday', 'Current', '23-Weeks', NULL, '2014-10-22'),
(82, 82, 9000, 1350, 100, '2014-10-15', 'Wednesday', 'Pending', '23-Weeks', NULL, NULL),
(83, 83, 6000, 900, 100, '2014-10-15', 'Wednesday', 'Current', '23-Weeks', NULL, '2014-10-22'),
(84, 84, 6000, 900, 100, '2014-10-15', 'Wednesday', 'Current', '23-Weeks', NULL, '2014-10-22'),
(85, 85, 6000, 900, 100, '2014-10-15', 'Wednesday', 'Current', '23-Weeks', NULL, '2014-10-22'),
(86, 86, 6000, 900, 100, '2014-10-15', 'Wednesday', 'Current', '23-Weeks', NULL, '2014-10-22'),
(87, 87, 6000, 900, 100, '2014-10-15', 'Wednesday', 'Current', '23-Weeks', NULL, '2014-10-22'),
(88, 88, 6000, 900, 100, '2014-10-15', 'Wednesday', 'Current', '23-Weeks', NULL, '2014-10-22'),
(89, 89, 6000, 900, 100, '2014-10-15', 'Wednesday', 'Current', '23-Weeks', NULL, '2014-10-22'),
(90, 90, 9000, 1350, 100, '2014-10-15', 'Wednesday', 'Current', '23-Weeks', NULL, '2014-10-22'),
(91, 91, 6000, 900, 100, '2014-10-15', 'Wednesday', 'Current', '23-Weeks', NULL, '2014-10-22'),
(92, 92, 6000, 900, 100, '2014-10-15', 'Wednesday', 'Current', '23-Weeks', NULL, '2014-10-22'),
(93, 93, 6000, 900, 100, '2014-10-15', 'Wednesday', 'Current', '23-Weeks', NULL, '2014-10-22'),
(94, 94, 6000, 900, 100, '2014-10-15', 'Wednesday', 'Current', '23-Weeks', NULL, '2014-10-22'),
(95, 95, 5000, 750, 100, '2014-10-15', 'Wednesday', 'Pending', '23-Weeks', NULL, NULL),
(96, 96, 6000, 900, 100, '2014-10-15', 'Wednesday', 'Current', '23-Weeks', NULL, '2014-10-22'),
(97, 97, 6000, 900, 100, '2014-10-15', 'Wednesday', 'Current', '23-Weeks', NULL, '2014-10-22'),
(98, 98, 5000, 750, 100, '2014-10-15', 'Wednesday', 'Current', '23-Weeks', NULL, '2014-10-22'),
(99, 99, 3000, 450, 100, '2014-07-07', 'Monday', 'Current', '23-Weeks', NULL, '2014-07-07'),
(100, 100, 2000, 300, 100, '2014-07-07', 'Monday', 'Current', '23-Weeks', NULL, '2014-07-07'),
(101, 101, 2000, 300, 100, '2014-07-07', 'Monday', 'Current', '23-Weeks', NULL, '2014-07-07'),
(102, 102, 2000, 300, 100, '2014-07-07', 'Monday', 'Current', '23-Weeks', NULL, '2014-07-07'),
(103, 103, 2000, 300, 100, '2014-07-07', 'Monday', 'Current', '23-Weeks', NULL, '2014-07-07'),
(104, 104, 2000, 300, 100, '2014-07-07', 'Monday', 'Current', '23-Weeks', NULL, '2014-07-07'),
(105, 105, 2000, 300, 100, '2014-07-07', 'Monday', 'Current', '23-Weeks', NULL, '2014-07-07'),
(106, 106, 3000, 450, 100, '2014-07-07', 'Monday', 'Current', '23-Weeks', NULL, '2014-07-07'),
(107, 107, 4000, 800, 200, '2014-10-15', 'Wednesday', 'Current', '40-Weeks', NULL, '2014-10-15');

-- --------------------------------------------------------

--
-- Table structure for table `loanapplication_has_businessexpensetype`
--

CREATE TABLE IF NOT EXISTS `loanapplication_has_businessexpensetype` (
  `loanapplication_ControlNo` int(11) NOT NULL,
  `BusinessExpenseType_ExpenseType` varchar(30) NOT NULL,
  `Amount` float DEFAULT NULL,
  PRIMARY KEY (`loanapplication_ControlNo`,`BusinessExpenseType_ExpenseType`),
  KEY `fk_loanapplication_has_BusinessExpenseType_BusinessExpenseT_idx` (`BusinessExpenseType_ExpenseType`),
  KEY `fk_loanapplication_has_BusinessExpenseType_loanapplication1_idx` (`loanapplication_ControlNo`)
) ENGINE=InnoDB DEFAULT CHARSET=utf8;

-- --------------------------------------------------------

--
-- Table structure for table `loanapplication_has_familyexpensetype`
--

CREATE TABLE IF NOT EXISTS `loanapplication_has_familyexpensetype` (
  `LoanApplication_ControlNo` int(11) NOT NULL,
  `FamilyExpenseType_ExpenseType` varchar(30) NOT NULL,
  `Amount` float DEFAULT NULL,
  PRIMARY KEY (`LoanApplication_ControlNo`,`FamilyExpenseType_ExpenseType`),
  KEY `fk_LoanApplication_has_ExpenseType_ExpenseType1_idx` (`FamilyExpenseType_ExpenseType`),
  KEY `fk_LoanApplication_has_ExpenseType_LoanApplication1_idx` (`LoanApplication_ControlNo`)
) ENGINE=InnoDB DEFAULT CHARSET=utf8;

--
-- Dumping data for table `loanapplication_has_familyexpensetype`
--

INSERT INTO `loanapplication_has_familyexpensetype` (`LoanApplication_ControlNo`, `FamilyExpenseType_ExpenseType`, `Amount`) VALUES
(1, 'Communications', 500),
(1, 'Electricity', 500),
(1, 'Food', 3000),
(1, 'Groceries', 500),
(1, 'Rent', 1500),
(2, 'Communications', 1000),
(2, 'Electricity', 1000),
(2, 'Food', 1000),
(3, 'Communications', 1000),
(4, 'Groceries', 500),
(6, 'School Allowance', 10),
(8, 'Electricity', 500),
(8, 'Food', 3000),
(9, 'Communications', 500),
(9, 'Food', 4000),
(10, 'Food', 5000),
(10, 'Fuel', 500),
(11, 'Food', 5000),
(11, 'Fuel', 500),
(12, 'Food', 5000),
(12, 'Fuel', 500),
(13, 'Electricity', 500),
(13, 'Food', 5000),
(14, 'Electricity', 500),
(14, 'Food', 5000),
(15, 'Electricity', 500),
(15, 'Food', 5000),
(16, 'Communications', 350),
(16, 'Electricity', 1000),
(16, 'Food', 5000),
(16, 'Fuel', 0),
(16, 'Groceries', 0),
(16, 'Medical Expenses', 0),
(16, 'Rent', 1500),
(16, 'School Allowance', 0),
(16, 'Transportation', 0),
(16, 'Tuition/School Supplies', 0),
(16, 'Water', 300),
(17, 'Food', 5000),
(17, 'Water', 200),
(18, 'Food', 5000),
(18, 'Water', 200),
(19, 'Food', 5000),
(19, 'Water', 200),
(20, 'Food', 5000),
(20, 'Water', 200),
(21, 'Food', 5000),
(21, 'Water', 200),
(22, 'Food', 5000),
(22, 'Water', 200),
(23, 'Food', 5000),
(24, 'Food', 5000),
(25, 'Food', 5000),
(26, 'Food', 5000),
(27, 'Food', 5000),
(28, 'Food', 5000),
(29, 'Food', 5000),
(30, 'Food', 5000),
(31, 'Food', 5000),
(32, 'Food', 5000),
(33, 'Food', 5000),
(34, 'Food', 5000),
(35, 'Food', 5000),
(36, 'Food', 5000),
(37, 'Food', 5000),
(38, 'Food', 5000),
(39, 'Food', 5000),
(40, 'Food', 5000),
(41, 'Food', 5000),
(42, 'Food', 5000),
(43, 'Food', 5000),
(44, 'Food', 5000),
(45, 'Food', 5000),
(46, 'Food', 5000),
(47, 'Food', 5000),
(48, 'Food', 5000),
(49, 'Food', 5000),
(50, 'Food', 5000),
(51, 'Food', 5000),
(52, 'Food', 5000),
(53, 'Food', 5000),
(54, 'Food', 5000),
(60, 'Food', 5000),
(61, 'Food', 5000),
(62, 'Food', 5000),
(63, 'Food', 5000),
(64, 'Food', 5000),
(65, 'Food', 5000),
(66, 'Food', 5000),
(67, 'Food', 5000),
(68, 'Food', 5000),
(69, 'Food', 5000),
(70, 'Food', 5000),
(71, 'Food', 5000),
(72, 'Food', 5000),
(73, 'Food', 5000),
(74, 'Food', 5000),
(75, 'Food', 5000),
(76, 'Food', 5000),
(77, 'Food', 5000),
(78, 'Food', 5000),
(79, 'Food', 5000),
(80, 'Food', 5000),
(81, 'Food', 5000),
(82, 'Food', 5000),
(83, 'Food', 5000),
(84, 'Food', 5000),
(85, 'Food', 5000),
(86, 'Food', 5000),
(87, 'Food', 5000),
(88, 'Food', 5000),
(89, 'Food', 5000),
(90, 'Food', 5000),
(91, 'Food', 5000),
(92, 'Food', 5000),
(93, 'Food', 5000),
(94, 'Food', 5000),
(95, 'Food', 5000),
(96, 'Food', 5000),
(97, 'Food', 5000),
(98, 'Food', 5000),
(99, 'Food', 5000),
(100, 'Food', 5000),
(101, 'Food', 5000),
(102, 'Food', 5000),
(103, 'Food', 5000),
(104, 'Food', 5000),
(105, 'Food', 5000),
(106, 'Food', 5000),
(107, 'Communications', 350),
(107, 'Electricity', 1000),
(107, 'Food', 5000),
(107, 'Fuel', 1500),
(107, 'Transportation', 1000),
(107, 'Water', 500);

-- --------------------------------------------------------

--
-- Table structure for table `loanapplication_has_incometype`
--

CREATE TABLE IF NOT EXISTS `loanapplication_has_incometype` (
  `LoanApplication_ControlNo` int(11) NOT NULL,
  `IncomeType_IncomeType` varchar(30) NOT NULL,
  `Amount` float DEFAULT NULL,
  PRIMARY KEY (`LoanApplication_ControlNo`,`IncomeType_IncomeType`),
  KEY `fk_LoanApplication_has_IncomeType_IncomeType1_idx` (`IncomeType_IncomeType`),
  KEY `fk_LoanApplication_has_IncomeType_LoanApplication1_idx` (`LoanApplication_ControlNo`)
) ENGINE=InnoDB DEFAULT CHARSET=utf8;

--
-- Dumping data for table `loanapplication_has_incometype`
--

INSERT INTO `loanapplication_has_incometype` (`LoanApplication_ControlNo`, `IncomeType_IncomeType`, `Amount`) VALUES
(1, 'Other Business', 10000),
(1, 'Others', 10),
(1, 'Spouse', 10000),
(2, 'Spouse', 20000),
(3, 'Other Business', 10000),
(3, 'Spouse', 1000),
(4, 'Spouse', 10000),
(6, 'Spouse', 1000),
(8, 'Other Business', 10000),
(9, 'Other Business', 10000),
(10, 'Other Business', 20000),
(11, 'Other Business', 20000),
(12, 'Other Business', 20000),
(13, 'Other Business', 20000),
(14, 'Other Business', 20000),
(15, 'Other Business', 20000),
(16, 'Children', 0),
(16, 'Other Business', 0),
(16, 'Others', 0),
(16, 'Spouse', 10000),
(17, 'Other Business', 20000),
(18, 'Other Business', 20000),
(19, 'Other Business', 20000),
(20, 'Other Business', 20000),
(21, 'Other Business', 20000),
(22, 'Other Business', 20000),
(23, 'Other Business', 20000),
(24, 'Other Business', 20000),
(25, 'Other Business', 20000),
(26, 'Other Business', 20000),
(27, 'Other Business', 20000),
(28, 'Other Business', 20000),
(29, 'Other Business', 20000),
(30, 'Other Business', 20000),
(31, 'Other Business', 20000),
(32, 'Other Business', 20000),
(33, 'Other Business', 20000),
(34, 'Other Business', 20000),
(35, 'Other Business', 20000),
(36, 'Other Business', 20000),
(37, 'Other Business', 20000),
(38, 'Other Business', 20000),
(39, 'Other Business', 20000),
(40, 'Other Business', 20000),
(41, 'Other Business', 20000),
(42, 'Other Business', 20000),
(43, 'Other Business', 30000),
(44, 'Other Business', 30000),
(45, 'Other Business', 30000),
(46, 'Other Business', 20000),
(47, 'Other Business', 20000),
(48, 'Other Business', 20000),
(49, 'Other Business', 20000),
(50, 'Other Business', 20000),
(51, 'Other Business', 20000),
(52, 'Other Business', 20000),
(53, 'Other Business', 20000),
(54, 'Other Business', 20000),
(60, 'Other Business', 20000),
(61, 'Other Business', 20000),
(62, 'Other Business', 20000),
(63, 'Other Business', 20000),
(64, 'Other Business', 20000),
(65, 'Other Business', 20000),
(66, 'Other Business', 20000),
(67, 'Other Business', 20000),
(68, 'Other Business', 20000),
(69, 'Other Business', 20000),
(70, 'Other Business', 20000),
(71, 'Other Business', 20000),
(72, 'Other Business', 20000),
(73, 'Other Business', 20000),
(74, 'Other Business', 20000),
(75, 'Other Business', 20000),
(76, 'Other Business', 20000),
(77, 'Other Business', 20000),
(78, 'Other Business', 20000),
(79, 'Other Business', 20000),
(80, 'Other Business', 20000),
(81, 'Other Business', 20000),
(82, 'Other Business', 20000),
(83, 'Other Business', 20000),
(84, 'Other Business', 20000),
(85, 'Other Business', 20000),
(86, 'Other Business', 20000),
(87, 'Other Business', 20000),
(88, 'Other Business', 20000),
(89, 'Other Business', 20000),
(90, 'Other Business', 20000),
(91, 'Other Business', 20000),
(92, 'Other Business', 20000),
(93, 'Other Business', 20000),
(94, 'Other Business', 20000),
(95, 'Other Business', 20000),
(96, 'Other Business', 20000),
(97, 'Other Business', 20000),
(98, 'Other Business', 20000),
(99, 'Other Business', 20000),
(100, 'Other Business', 20000),
(101, 'Other Business', 20000),
(102, 'Other Business', 20000),
(103, 'Other Business', 20000),
(104, 'Other Business', 20000),
(105, 'Other Business', 20000),
(106, 'Other Business', 20000),
(107, 'Other Business', 18000);

-- --------------------------------------------------------

--
-- Table structure for table `loanapplication_has_members`
--

CREATE TABLE IF NOT EXISTS `loanapplication_has_members` (
  `LoanApplication_ControlNo` int(11) NOT NULL,
  `Members_ControlNo` int(11) NOT NULL,
  `CaritasBranch_ControlNo` int(11) NOT NULL,
  PRIMARY KEY (`LoanApplication_ControlNo`,`Members_ControlNo`,`CaritasBranch_ControlNo`),
  KEY `fk_LoanApplication_has_Members_Members2_idx` (`Members_ControlNo`),
  KEY `fk_LoanApplication_has_Members_LoanApplication2_idx` (`LoanApplication_ControlNo`),
  KEY `fk_LoanApplication_has_Members_CaritasBranch1_idx` (`CaritasBranch_ControlNo`)
) ENGINE=InnoDB DEFAULT CHARSET=utf8;

--
-- Dumping data for table `loanapplication_has_members`
--

INSERT INTO `loanapplication_has_members` (`LoanApplication_ControlNo`, `Members_ControlNo`, `CaritasBranch_ControlNo`) VALUES
(1, 1, 2),
(2, 2, 2),
(3, 3, 2),
(4, 4, 2),
(5, 5, 2),
(6, 5, 2),
(8, 11, 5),
(55, 11, 5),
(56, 11, 5),
(99, 11, 5),
(9, 12, 5),
(16, 13, 5),
(57, 13, 5),
(106, 13, 5),
(10, 18, 5),
(33, 18, 5),
(43, 18, 5),
(80, 18, 5),
(11, 19, 5),
(35, 19, 5),
(44, 19, 5),
(81, 19, 5),
(12, 20, 5),
(36, 20, 5),
(45, 20, 5),
(82, 20, 5),
(13, 21, 5),
(37, 21, 5),
(77, 21, 5),
(90, 21, 5),
(14, 22, 5),
(38, 22, 5),
(78, 22, 5),
(15, 23, 5),
(39, 23, 5),
(79, 23, 5),
(46, 27, 5),
(100, 27, 5),
(52, 28, 5),
(101, 28, 5),
(47, 29, 5),
(102, 29, 5),
(48, 30, 5),
(49, 31, 5),
(103, 31, 5),
(50, 32, 5),
(51, 33, 5),
(53, 34, 5),
(104, 34, 5),
(54, 35, 5),
(105, 35, 5),
(17, 46, 5),
(58, 46, 5),
(59, 46, 5),
(60, 46, 5),
(83, 46, 5),
(19, 47, 5),
(61, 47, 5),
(84, 47, 5),
(18, 48, 5),
(62, 48, 5),
(85, 48, 5),
(20, 49, 5),
(63, 49, 5),
(86, 49, 5),
(21, 50, 5),
(64, 50, 5),
(87, 50, 5),
(22, 51, 5),
(65, 51, 5),
(88, 51, 5),
(23, 52, 5),
(66, 52, 5),
(89, 52, 5),
(24, 53, 5),
(67, 53, 5),
(25, 54, 5),
(68, 54, 5),
(91, 54, 5),
(34, 55, 5),
(69, 55, 5),
(92, 55, 5),
(26, 56, 5),
(70, 56, 5),
(93, 56, 5),
(27, 57, 5),
(71, 57, 5),
(94, 57, 5),
(28, 58, 5),
(72, 58, 5),
(95, 58, 5),
(29, 59, 5),
(73, 59, 5),
(30, 60, 5),
(74, 60, 5),
(96, 60, 5),
(31, 61, 5),
(75, 61, 5),
(97, 61, 5),
(32, 62, 5),
(76, 62, 5),
(98, 62, 5),
(40, 69, 5),
(41, 70, 5),
(42, 71, 5),
(107, 75, 5);

-- --------------------------------------------------------

--
-- Table structure for table `loanbusiness`
--

CREATE TABLE IF NOT EXISTS `loanbusiness` (
  `ControlNo` int(11) NOT NULL AUTO_INCREMENT,
  `BusinessName` varchar(45) DEFAULT NULL,
  `BusinessType` varchar(45) NOT NULL,
  `DateEstablished` date NOT NULL,
  PRIMARY KEY (`ControlNo`)
) ENGINE=InnoDB  DEFAULT CHARSET=utf8 AUTO_INCREMENT=45 ;

--
-- Dumping data for table `loanbusiness`
--

INSERT INTO `loanbusiness` (`ControlNo`, `BusinessName`, `BusinessType`, `DateEstablished`) VALUES
(1, 'Sari-sari Store', 'Sari Store', '2008-03-17'),
(2, 'Glocery', 'Store', '2006-03-03'),
(3, 'Yami', 'Restaurant', '2007-05-19'),
(4, 'none', 'candy', '2005-02-16'),
(5, 'Ken Ken', 'manufacturing', '2013-03-03'),
(6, 'Mana Eds', 'Eatery', '1999-01-15'),
(7, 'Mana Eds', 'Eatery', '1999-01-18'),
(8, 'Chikin', 'Food', '2008-01-19'),
(9, 'Chikin', 'Food', '2008-01-19'),
(10, 'Chikin', 'Food', '2008-12-19'),
(11, 'Chikin', 'Chicken', '2007-01-15'),
(12, 'Chikin', 'Food', '2008-01-18'),
(13, 'Chicken', 'Food', '2008-01-18'),
(14, 'Sari sari', 'Karinderia', '2007-01-05'),
(15, 'Cookies', 'Bakery', '2008-12-19'),
(16, 'Cookies', 'Bakery', '2008-12-19'),
(17, 'Cookies', 'Bakery', '2008-12-19'),
(18, 'Cookies', 'Bakery', '2008-12-19'),
(19, 'Cookies', 'Bakery', '2008-12-19'),
(20, 'Cookies', 'Bakery', '2008-01-01'),
(21, 'Paopao', 'Retail', '2001-01-02'),
(22, 'Paopao', 'Retail', '2008-12-18'),
(23, 'Paopao', 'Retail', '2005-11-01'),
(24, 'Paopao', 'Retail', '2005-04-03'),
(25, 'Paopao', 'Retail', '2007-11-11'),
(26, 'Paopao', 'Retail', '2007-07-15'),
(27, 'Paopao', 'Retail', '2007-03-16'),
(28, 'Paopao', 'Retail', '2008-03-15'),
(29, 'Paopao', 'Retail', '2007-10-08'),
(30, 'Paopao', 'Retail', '2005-04-08'),
(31, 'Paopao', 'Retail', '2007-01-16'),
(32, 'Chaddie', 'Retail', '2010-12-19'),
(33, 'Dollastic', 'Retail', '2012-12-18'),
(34, 'Dollastic', 'Retail', '2008-03-18'),
(35, 'Okay', 'Karaoke', '2007-01-19'),
(36, 'Okay', 'Karaoke', '2007-11-18'),
(37, 'Okay', 'Karaoke', '2008-01-01'),
(38, 'Okay', 'Karaoke', '2008-04-14'),
(39, 'Okay', 'Karaoke', '2008-10-18'),
(40, 'Okay', 'Karaoke', '2008-03-04'),
(41, 'Okay', 'Karaoke', '2008-11-18'),
(42, 'Okay', 'Karoke', '2011-04-06'),
(43, 'Okay', 'Karaoke', '2008-01-18'),
(44, 'Sari-sari Store', 'Retail', '2013-01-11');

-- --------------------------------------------------------

--
-- Table structure for table `loanbusiness_has_loanapplication`
--

CREATE TABLE IF NOT EXISTS `loanbusiness_has_loanapplication` (
  `LoanBusiness_ControlNo` int(11) NOT NULL,
  `LoanApplication_ControlNo` int(11) NOT NULL,
  `Material` varchar(50) NOT NULL,
  `Quantity` int(11) DEFAULT NULL,
  `UnitPrice` int(11) DEFAULT NULL,
  PRIMARY KEY (`LoanBusiness_ControlNo`,`LoanApplication_ControlNo`,`Material`),
  KEY `fk_LoanBusiness_has_LoanApplication_LoanApplication1_idx` (`LoanApplication_ControlNo`),
  KEY `fk_LoanBusiness_has_LoanApplication_LoanBusiness1_idx` (`LoanBusiness_ControlNo`)
) ENGINE=InnoDB DEFAULT CHARSET=utf8;

--
-- Dumping data for table `loanbusiness_has_loanapplication`
--

INSERT INTO `loanbusiness_has_loanapplication` (`LoanBusiness_ControlNo`, `LoanApplication_ControlNo`, `Material`, `Quantity`, `UnitPrice`) VALUES
(1, 1, 'Laptop', 1, 4000),
(2, 2, 'Laptop', 1, 4000),
(3, 3, 'Equiptment', 1, 3500),
(4, 4, 'mat', 2, 80),
(5, 6, 'bottle', 1, 10),
(6, 8, 'rice', 5, 500),
(6, 55, 'Plate', 12, 100),
(6, 56, 'Plate', 12, 100),
(6, 99, 'Chicken', 20, 120),
(7, 9, 'rice', 5, 500),
(8, 10, 'chicken', 10, 250),
(8, 33, 'Chicken', 20, 120),
(8, 43, 'Chicken', 30, 120),
(8, 80, 'Chicken', 30, 120),
(9, 11, 'chicken', 10, 250),
(9, 35, 'Chicken', 20, 120),
(9, 44, 'Chicken', 30, 120),
(9, 81, 'Chicken', 30, 120),
(10, 12, 'Chicken', 10, 250),
(10, 36, 'Chicken', 20, 120),
(10, 45, 'Chicken', 30, 120),
(10, 82, 'Chicken', 30, 120),
(11, 13, 'chicken', 10, 250),
(11, 37, 'Chicken', 20, 120),
(11, 77, 'Chicken', 20, 120),
(11, 90, 'Chicken', 30, 120),
(12, 14, 'chicken', 10, 250),
(12, 38, 'Chicken', 20, 120),
(12, 78, 'Chicken', 20, 120),
(13, 15, 'chicken', 10, 250),
(13, 39, 'Chicken', 20, 120),
(13, 79, 'Chicken', 20, 120),
(14, 16, 'ingredients', 1, 4000),
(14, 57, 'Junk Food', 100, 10),
(14, 106, 'Junkfood', 100, 10),
(15, 17, 'Eggs', 100, 8),
(15, 17, 'Flour', 5, 350),
(15, 58, 'Eggs', 120, 8),
(15, 59, 'Eggs', 120, 8),
(15, 60, 'Eggs', 120, 8),
(15, 83, 'Eggs', 240, 8),
(16, 18, 'Eggs', 100, 8),
(16, 18, 'Flour', 5, 350),
(16, 62, 'Eggs', 120, 8),
(16, 85, 'Eggs', 240, 8),
(17, 19, 'Eggs', 100, 8),
(17, 19, 'Flour', 5, 350),
(17, 61, 'Eggs', 120, 8),
(17, 84, 'Eggs', 240, 8),
(18, 20, 'Eggs', 100, 8),
(18, 20, 'Flour', 5, 350),
(18, 63, 'Eggs', 120, 8),
(18, 86, 'Eggs', 240, 8),
(19, 21, 'Eggs', 100, 8),
(19, 21, 'Flour', 5, 350),
(19, 64, 'Eggs', 120, 8),
(19, 87, 'Eggsq', 120, 8),
(20, 22, 'Eggs', 100, 8),
(20, 22, 'Flour', 5, 350),
(20, 65, 'Eggs', 120, 8),
(20, 88, 'Eggs', 240, 8),
(21, 23, 'Pork', 10, 250),
(21, 66, 'Eggs', 120, 8),
(21, 89, 'Eggs', 240, 8),
(22, 24, 'Pork', 10, 250),
(22, 67, 'Eggs', 120, 8),
(23, 25, 'Pork', 10, 250),
(23, 68, 'Eggs', 120, 8),
(23, 91, 'Eggs', 240, 8),
(24, 26, 'Pork', 10, 250),
(24, 70, 'Eggs', 120, 8),
(24, 93, 'Eggs', 240, 8),
(25, 27, 'Pork', 10, 250),
(25, 71, 'Eggs', 120, 8),
(25, 94, 'Eggs', 120, 8),
(26, 28, 'Pork', 10, 250),
(26, 72, 'Eggs', 120, 8),
(26, 95, 'Eggs', 120, 8),
(27, 29, 'Pork', 10, 250),
(27, 73, 'Eggs', 120, 8),
(28, 30, 'Pork', 10, 250),
(28, 74, 'Eggs', 120, 8),
(28, 96, 'Eggs', 120, 8),
(29, 31, 'Pork', 10, 250),
(29, 75, 'Eggs', 120, 8),
(29, 97, 'Eggs', 120, 8),
(30, 32, 'Pork', 10, 250),
(30, 76, 'Eggs', 120, 8),
(30, 98, 'Eggs', 120, 8),
(31, 34, 'Pork', 10, 250),
(31, 69, 'Eggs', 120, 8),
(31, 92, 'Eggs', 240, 8),
(32, 40, 'Toys', 100, 30),
(33, 41, 'Toys', 200, 20),
(34, 42, 'Toys', 120, 20),
(35, 46, 'Microphone', 5, 800),
(35, 100, 'Microphone', 2, 800),
(36, 47, 'Microphone', 5, 800),
(36, 102, 'Microphone', 2, 800),
(37, 48, 'Microphone', 5, 800),
(38, 49, 'Microphone', 5, 800),
(38, 103, 'Microphone', 2, 800),
(39, 50, 'Microphone', 5, 800),
(40, 51, 'Microphone', 5, 800),
(41, 52, 'Microphone', 5, 800),
(41, 101, 'Microphone', 2, 800),
(42, 53, 'Microphone', 5, 800),
(42, 104, 'Microphone', 2, 800),
(43, 54, 'Microphone', 5, 800),
(43, 105, 'Microphone', 2, 800),
(44, 107, 'Prepaid Load', 8, 400);

-- --------------------------------------------------------

--
-- Table structure for table `loanstatus`
--

CREATE TABLE IF NOT EXISTS `loanstatus` (
  `Status` varchar(20) NOT NULL,
  PRIMARY KEY (`Status`)
) ENGINE=InnoDB DEFAULT CHARSET=utf8;

--
-- Dumping data for table `loanstatus`
--

INSERT INTO `loanstatus` (`Status`) VALUES
('Active'),
('Current'),
('Full Payment'),
('Past Due'),
('Pending'),
('Rejected');

-- --------------------------------------------------------

--
-- Table structure for table `loantype`
--

CREATE TABLE IF NOT EXISTS `loantype` (
  `LoanType` varchar(45) NOT NULL,
  PRIMARY KEY (`LoanType`)
) ENGINE=InnoDB DEFAULT CHARSET=utf8;

--
-- Dumping data for table `loantype`
--

INSERT INTO `loantype` (`LoanType`) VALUES
('23-Weeks'),
('40-Weeks');

-- --------------------------------------------------------

--
-- Table structure for table `log`
--

CREATE TABLE IF NOT EXISTS `log` (
  `logno` int(11) NOT NULL AUTO_INCREMENT,
  `datetime` datetime NOT NULL,
  `Activity` text,
  `caritaspersonnel_ControlNo` int(11) NOT NULL,
  PRIMARY KEY (`logno`,`caritaspersonnel_ControlNo`),
  KEY `fk_log_caritaspersonnel1_idx` (`caritaspersonnel_ControlNo`)
) ENGINE=InnoDB DEFAULT CHARSET=utf8 AUTO_INCREMENT=1 ;

-- --------------------------------------------------------

--
-- Table structure for table `members`
--

CREATE TABLE IF NOT EXISTS `members` (
  `ControlNo` int(11) NOT NULL AUTO_INCREMENT,
  `Approved` enum('YES','NO','P') DEFAULT 'P',
  `MemberID` varchar(50) DEFAULT NULL,
  `Birthday` date NOT NULL,
  `BirthPlace` varchar(20) NOT NULL,
  `GenderID` varchar(6) NOT NULL,
  `Religion` varchar(45) NOT NULL,
  `EducationalAttainment` varchar(45) NOT NULL,
  `CivilStatus` varchar(45) NOT NULL,
  `LoanExpense` double NOT NULL DEFAULT '0',
  `Savings` double NOT NULL DEFAULT '0',
  `CapitalShare` double NOT NULL DEFAULT '0',
  `pastdue` double NOT NULL DEFAULT '0',
  `Comment` text,
  PRIMARY KEY (`ControlNo`),
  KEY `fk_Members_GenderRef1_idx` (`GenderID`),
  KEY `fk_Members_Religion1_idx` (`Religion`),
  KEY `fk_Members_EducationalAttainmentRef1_idx` (`EducationalAttainment`),
  KEY `fk_Members_CivilStatusRef1_idx` (`CivilStatus`)
) ENGINE=InnoDB  DEFAULT CHARSET=utf8 AUTO_INCREMENT=310 ;

--
-- Dumping data for table `members`
--

INSERT INTO `members` (`ControlNo`, `Approved`, `MemberID`, `Birthday`, `BirthPlace`, `GenderID`, `Religion`, `EducationalAttainment`, `CivilStatus`, `LoanExpense`, `Savings`, `CapitalShare`, `pastdue`, `Comment`) VALUES
(1, 'YES', 'CS-01-2013-1R', '1963-01-18', 'Palawan', 'Female', 'Roman Catholic', 'College', 'Married', 4200, 100, 0, 400, NULL),
(2, 'YES', 'CS-01-2013-2R', '1994-02-02', 'Palawan', 'Female', 'Roman Catholic', 'College', 'Single', 4200, 100, 0, 400, NULL),
(3, 'YES', 'CS-01-2013-3R', '1968-03-09', 'Manila', 'Female', 'Roman Catholic', 'High School', 'Single', 0, 400, 0, 0, NULL),
(4, 'YES', 'CS-01-2013-4R', '1947-03-04', 'Palawan', 'Female', 'Roman Catholic', 'College', 'Married', 0, -3950, 0, 0, NULL),
(5, 'YES', 'CS-01-2013-5R', '1964-02-19', 'Palawan', 'Female', 'Roman Catholic', 'High School', 'Single', 0, 0, 0, 0, NULL),
(6, 'YES', 'CS-01-2013-6R', '1948-02-03', 'China', 'Female', 'Roman Catholic', 'College', 'Married', 0, 300, 0, 0, NULL),
(7, 'YES', 'CS-08-2014-7R', '1950-02-03', 'Yami', 'Female', 'Roman Catholic', 'College', 'Married', 0, 0, 0, 0, NULL),
(8, 'YES', 'CS-10-2014-8R', '0000-00-00', 'Townsville', 'Male', 'roman catholic', 'Elementary', 'Single', 0, 0, 0, 0, NULL),
(9, 'P', '', '2014-10-28', 'Townsville', 'Male', 'roman catholic', 'High School', 'Single', 0, 0, 0, 0, NULL),
(10, 'P', '', '1991-09-08', 'Townsville', 'Male', 'roman catholic', 'Elementary', 'Single', 0, 0, 0, 0, NULL),
(11, 'YES', 'CS-01-2014-11R', '1994-09-22', 'Tacloban City', 'Male', 'roman catholic', 'High School', 'Single', 1050, 2050, 0, 0, NULL),
(12, 'YES', 'CS-01-2014-12R', '1994-07-21', 'Tacloban City', 'Male', 'roman catholic', 'High School', 'Single', 4400, 100, 0, 7800, NULL),
(13, 'YES', 'CS-01-2014-13R', '1994-12-25', 'Tacloban City', 'Female', 'roman catholic', 'High School', 'Married', 1050, 2000, 0, 0, NULL),
(14, 'NO', '', '1993-10-01', 'Tacloban City', 'Female', 'roman catholic', 'High School', 'married', 0, 0, 0, 0, 'incomplete information'),
(15, 'YES', 'CS-02-2014-15R', '1995-01-21', 'Tacloban City', 'Female', 'roman catholic', 'High School', 'Single', 0, 1900, 0, 0, NULL),
(16, 'YES', 'CS-02-2014-16R', '1993-10-19', 'Tacloban City', 'Female', 'roman catholic', 'High School', 'Single', 0, 1900, 0, 0, NULL),
(17, 'YES', 'CS-02-2014-17R', '1993-04-16', 'Tacloban City', 'Male', 'roman catholic', 'High School', 'Single', 0, 1900, 0, 0, NULL),
(18, 'YES', 'CS-03-2013-18R', '1994-03-01', 'Tacloban City', 'Male', 'roman catholic', 'High School', 'Single', 10350, 3800, 0, 0, NULL),
(19, 'YES', 'CS-03-2013-19R', '1994-09-22', 'Tacloban City', 'Female', 'roman catholic', 'High School', 'Single', 10350, 3800, 0, 0, NULL),
(20, 'YES', 'CS-03-2013-20R', '1994-07-06', 'Tacloban City', 'Female', 'roman catholic', 'High School', 'Single', 0, 3800, 0, 0, NULL),
(21, 'YES', 'CS-03-2013-21R', '1994-09-09', 'Tacloban City', 'Male', 'roman catholic', 'High School', 'Single', 10350, 3800, 0, 450, NULL),
(22, 'YES', 'CS-03-2013-22R', '1994-12-05', 'Tacloban City', 'Female', 'roman catholic', 'High School', 'Single', 0, 3850, 0, 0, NULL),
(23, 'YES', 'CS-03-2013-23R', '1993-09-08', 'Tacloban City', 'Female', 'roman catholic', 'High School', 'Single', 0, 3850, 0, 0, NULL),
(24, 'YES', 'CS-10-2014-24R', '1995-01-05', 'Tacloban City', 'Male', 'roman catholic', 'High School', 'Single', 0, 0, 0, 0, NULL),
(25, 'YES', 'CS-10-2014-25R', '1994-08-07', 'Tacloban City', 'Female', 'roman catholic', 'High School', 'Single', 0, 0, 0, 0, NULL),
(26, 'YES', 'CS-10-2014-26R', '1991-08-26', 'Tacloban City', 'Female', 'roman catholic', 'High School', 'Single', 0, 0, 0, 0, NULL),
(27, 'YES', 'CS-01-2014-27R', '1987-10-09', 'Tacloban City', 'Male', 'Roman Catholic', 'High School', 'Single', 700, 1950, 0, 0, NULL),
(28, 'YES', 'CS-01-2014-28R', '1988-02-24', 'Tacloban City', 'Female', 'Roman Catholic', 'College', 'Single', 700, 1950, 0, 0, NULL),
(29, 'YES', 'CS-01-2014-29R', '1988-09-25', 'Tacloban City', 'Male', 'Roman Catholic', 'College', 'Married', 700, 1950, 0, 0, NULL),
(30, 'YES', 'CS-01-2014-30R', '1988-07-28', 'Tacloban City', 'Male', 'Roman Catholic', 'College', 'Single', -4600, -4600, 0, 0, NULL),
(31, 'YES', 'CS-01-2014-31R', '1956-09-28', 'Tacloban City', 'Female', 'Roman Catholic', 'High School', 'Single', 700, 1950, 0, 0, NULL),
(32, 'YES', 'CS-01-2014-32R', '1993-05-08', 'Tacloban City', 'Female', 'Roman Catholic', 'Elementary', 'Single', -4600, -4600, 0, 0, NULL),
(33, 'YES', 'CS-01-2014-33R', '1990-12-09', 'Tacloban City', 'Female', 'Roman Catholic', 'Elementary', 'Single', 4600, 0, 0, 7800, NULL),
(34, 'YES', 'CS-01-2014-34R', '1978-03-04', 'Tacloban City', 'Female', 'Roman Catholic', 'High School', 'Single', 700, 1950, 0, 0, NULL),
(35, 'YES', 'CS-01-2014-35R', '1993-02-27', 'Tacloban City', 'Female', 'Roman Catholic', 'Elementary', 'Single', 700, 1950, 0, 0, NULL),
(36, 'YES', 'CS-01-2014-36R', '1969-09-18', 'Tacloban City', 'Male', 'Roman Catholic', 'Elementary', 'Married', 0, 1900, 0, 0, NULL),
(37, 'YES', 'CS-01-2014-37R', '1992-08-16', 'Tacloban City', 'Female', 'Roman Catholic', 'Elementary', 'Married', 0, 1900, 0, 0, NULL),
(38, 'YES', 'CS-01-2014-38R', '1991-07-04', 'Tacloban City', 'Female', 'Roman Catholic', 'Elementary', 'Married', 0, 1900, 0, 0, NULL),
(39, 'YES', 'CS-01-2014-39R', '1978-04-05', 'Tacloban City', 'Female', 'Roman Catholic', 'Elementary', 'Single', 0, 1900, 0, 0, NULL),
(40, 'YES', 'CS-01-2014-40R', '0000-00-00', 'Tacloban City', 'Female', 'Roman Catholic', 'High School', 'Single', 0, 1900, 0, 0, NULL),
(41, 'YES', 'CS-01-2014-41R', '1976-09-08', 'Tacloban City', 'Female', 'Roman Catholic', 'Elementary', 'Married', 0, 0, 0, 0, NULL),
(42, 'YES', 'CS-01-2014-42R', '1956-02-23', 'Tacloban City', 'Female', 'Roman Catholic', 'Elementary', 'Married', 0, 0, 0, 0, NULL),
(43, 'YES', 'CS-01-2014-43R', '1956-09-26', 'Tacloban City', 'Female', 'Roman Catholic', 'High School', 'Single', 0, 0, 0, 0, NULL),
(44, 'YES', 'CS-01-2014-44R', '1991-12-09', 'Tacloban City', 'Male', 'Roman Catholic', 'High School', 'Single', 0, 0, 0, 0, NULL),
(46, 'YES', 'CS-03-2013-46R', '1990-09-23', 'Tacloban City', 'Male', 'Roman Catholic', 'High School', 'Single', 6900, 2600, 0, 0, NULL),
(47, 'YES', 'CS-03-2013-47R', '1991-12-09', 'Tacloban City', 'Male', 'Roman Catholic', 'High School', 'Single', 6900, 2600, 0, 0, NULL),
(48, 'YES', 'CS-03-2013-48R', '1990-04-26', 'Tacloban City', 'Male', 'Roman Catholic', 'High School', 'Married', 6900, 2600, 0, 0, NULL),
(49, 'YES', 'CS-03-2013-49R', '1992-11-09', 'Tacloban City', 'Male', 'Roman Catholic', 'High School', 'Single', 6900, 2600, 0, 0, NULL),
(50, 'YES', 'CS-03-2013-50R', '1990-03-25', 'Tacloban City', 'Male', 'Roman Catholic', 'Elementary', 'Married', 6900, 2600, 0, 0, NULL),
(51, 'YES', 'CS-03-2013-51R', '1992-08-09', 'Tacloban City', 'Male', 'Roman Catholic', 'High School', 'Married', 6900, 2600, 0, 0, NULL),
(52, 'YES', 'CS-03-2013-52R', '1994-04-20', 'Tacloban City', 'Male', 'Roman Catholic', 'High School', 'Single', 6900, 2600, 0, 0, NULL),
(53, 'YES', 'CS-03-2013-53R', '1993-01-28', 'Tacloban City', 'Male', 'Roman Catholic', 'High School', 'Single', 0, 2600, 0, 0, NULL),
(54, 'YES', 'CS-03-2013-54R', '1986-10-20', 'Tacloban City', 'Male', 'Roman Catholic', 'High School', 'Married', 6600, 2650, 0, 0, NULL),
(55, 'YES', 'CS-03-2013-55R', '1991-09-26', 'Tacloban City', 'Male', 'Roman Catholic', 'High School', 'Single', 6600, 2650, 0, 0, NULL),
(56, 'YES', 'CS-03-2013-56R', '1992-06-25', 'Tacloban City', 'Male', 'Roman Catholic', 'High School', 'Single', 6600, 2650, 0, 0, NULL),
(57, 'YES', 'CS-03-2013-57R', '1991-05-09', 'Tacloban City', 'Male', 'Roman Catholic', 'High School', 'Single', 6900, 2600, 0, 300, NULL),
(58, 'YES', 'CS-03-2013-58R', '1993-05-09', 'Tacloban City', 'Male', 'Roman Catholic', 'High School', 'Single', 0, 2400, 0, 0, NULL),
(59, 'YES', 'CS-03-2013-59R', '1990-11-09', 'Tacloban City', 'Male', 'Roman Catholic', 'College', 'Single', 0, 2500, 0, 0, NULL),
(60, 'YES', 'CS-03-2013-60R', '1994-01-23', 'Tacloban City', 'Male', 'Roman Catholic', 'High School', 'Single', 6900, 2600, 0, 300, NULL),
(61, 'YES', 'CS-03-2013-61R', '1989-12-14', 'Tacloban City', 'Male', 'Roman Catholic', 'High School', 'Single', 6600, 2650, 0, 0, NULL),
(62, 'YES', 'CS-03-2013-62R', '1993-07-26', 'Tacloban City', 'Male', 'Roman Catholic', 'High School', 'Single', 5750, 2350, 0, 250, NULL),
(63, 'YES', 'CS-10-2014-63R', '1992-06-12', 'Tacloban City', 'Female', 'Roman Catholic', 'College', 'Single', 0, 0, 0, 0, NULL),
(64, 'YES', 'CS-10-2014-64R', '1956-09-23', 'Tacloban City', 'Female', 'Roman Catholic', 'High School', 'Married', 0, 0, 0, 0, NULL),
(65, 'YES', 'CS-10-2014-65R', '1993-09-28', 'Tacloban City', 'Female', 'Roman Catholic', 'High School', 'Single', 0, 0, 0, 0, NULL),
(66, 'YES', 'CS-10-2014-66R', '1995-09-04', 'Tacloban City', 'Male', 'Roman Catholic', 'High School', 'Single', 0, 0, 0, 0, NULL),
(67, 'YES', 'CS-10-2014-67R', '1956-09-23', 'Tacloban City', 'Male', 'Roman Catholic', 'Elementary', 'Single', 0, 0, 0, 0, NULL),
(68, 'YES', 'CS-10-2014-68R', '1992-06-17', 'Tacloban City', 'Male', 'Roman Catholic', 'High School', 'Single', 0, 0, 0, 0, NULL),
(69, 'YES', 'CS-10-2014-69R', '1987-10-22', 'Tacloban City', 'Male', 'Roman Catholic', 'High School', 'Single', 0, 0, 0, 0, NULL),
(70, 'YES', 'CS-10-2014-70R', '1984-10-22', 'Tacloban City', 'Female', 'Roman Catholic', 'High School', 'Single', 0, 0, 0, 0, NULL),
(71, 'YES', 'CS-10-2014-71R', '1988-07-28', 'Tacloban City', 'Female', 'Roman Catholic', 'High School', 'Single', 0, 0, 0, 0, NULL),
(72, 'YES', 'CS-10-2014-72R', '1987-09-02', 'Tacloban City', 'Male', 'Roman Catholic', 'High School', 'Single', 0, 0, 0, 0, NULL),
(73, 'YES', 'CS-10-2014-73R', '1987-02-26', 'Tacloban City', 'Male', 'Roman Catholic', 'High School', 'Married', 0, 0, 0, 0, NULL),
(74, 'YES', 'CS-10-2014-74R', '1991-12-09', 'Tacloban City', 'Male', 'Roman Catholic', 'High School', 'Single', 0, 0, 0, 0, NULL),
(75, 'YES', 'CS-10-2014-75R', '1993-12-02', 'Tacloban City', 'Female', 'Roman Catholic', 'High School', 'Single', 4480, 150, 0, 0, NULL),
(76, 'YES', 'CS-01-2014-76R', '1986-09-23', 'Tacloban City', 'Female', 'Roman Catholic', 'High School', 'Single', 0, 0, 0, 0, NULL),
(77, 'YES', 'CS-01-2014-77R', '1986-09-23', 'Tacloban City', 'Female', 'Roman Catholic', 'High School', 'Single', 0, 0, 0, 0, NULL),
(78, 'YES', 'CS-01-2014-78R', '1986-09-23', 'Tacloban City', 'Female', 'Roman Catholic', 'High School', 'Single', 0, 0, 0, 0, NULL),
(79, 'YES', 'CS-01-2014-79R', '1978-03-04', 'Tacloban City', 'Female', 'Roman Catholic', 'High School', 'Married', 0, 0, 0, 0, NULL),
(80, 'YES', 'CS-01-2014-80R', '1979-06-07', 'Tacloban City', 'Male', 'Roman Catholic', 'High School', 'Married', 0, 0, 0, 0, NULL),
(81, 'YES', 'CS-01-2014-81R', '1990-12-23', 'Tacloban City', 'Female', 'Roman Catholic', 'High School', 'Single', 0, 0, 0, 0, NULL),
(82, 'YES', 'CS-01-2014-82R', '1989-04-05', 'Tacloban City', 'Male', 'Roman Catholic', 'High School', 'Single', 0, 0, 0, 0, NULL),
(83, 'YES', 'CS-01-2014-83R', '1989-04-05', 'Tacloban City', 'Male', 'Roman Catholic', 'High School', 'Single', 0, 0, 0, 0, NULL),
(84, 'YES', 'CS-01-2014-84R', '1991-08-25', 'Tacloban City', 'Female', 'Roman Catholic', 'High School', 'Single', 0, 0, 0, 0, NULL),
(85, 'YES', 'CS-01-2014-85R', '1991-08-25', 'Tacloban City', 'Female', 'Roman Catholic', 'High School', 'Single', 0, 0, 0, 0, NULL),
(86, 'YES', 'CS-01-2014-86R', '1993-12-02', 'Tacloban City', 'Female', 'Roman Catholic', 'High School', 'Single', 0, 0, 0, 0, NULL),
(87, 'YES', 'CS-01-2014-87R', '1964-04-05', 'Tacloban City', 'Female', 'Roman Catholic', 'High School', 'Married', 0, 0, 0, 0, NULL),
(88, 'YES', 'CS-01-2014-88R', '1962-05-29', 'Tacloban City', 'Male', 'Roman Catholic', 'High School', 'Married', 0, 0, 0, 0, NULL),
(89, 'YES', 'CS-01-2014-89R', '1988-05-08', 'Tacloban City', 'Female', 'Roman Catholic', 'High School', 'Single', 0, 0, 0, 0, NULL),
(90, 'YES', 'CS-01-2014-90R', '1988-05-08', 'Tacloban City', 'Female', 'Roman Catholic', 'High School', 'Single', 0, 0, 0, 0, NULL),
(91, 'YES', 'CS-01-2014-91R', '1963-02-23', 'Tacloban City', 'Female', 'Roman Catholic', 'High School', 'Married', 0, 0, 0, 0, NULL),
(92, 'YES', 'CS-01-2014-92R', '1962-09-26', 'Tacloban City', 'Female', 'Roman Catholic', 'High School', 'Married', 0, 0, 0, 0, NULL),
(93, 'YES', 'CS-01-2014-93R', '1960-07-26', 'Tacloban City', 'Male', 'Roman Catholic', 'High School', 'Married', 0, 0, 0, 0, NULL),
(94, 'YES', 'CS-01-2014-94R', '1981-10-31', 'Tacloban City', 'Male', 'Roman Catholic', 'High School', 'Married', 0, 0, 0, 0, NULL),
(95, 'YES', 'CS-01-2014-95R', '1981-02-26', 'Tacloban City', 'Male', 'Roman Catholic', 'High School', 'Single', 0, 0, 0, 0, NULL),
(96, 'YES', 'CS-01-2014-96R', '1990-12-20', 'Tacloban City', 'Male', 'Roman Catholic', 'High School', 'Single', 0, 0, 0, 0, NULL),
(97, 'YES', 'CS-01-2014-97R', '1990-12-20', 'Tacloban City', 'Male', 'Roman Catholic', 'High School', 'Single', 0, 0, 0, 0, NULL),
(98, 'YES', 'CS-01-2014-98R', '1994-04-29', 'Tacloban City', 'Male', 'Roman Catholic', 'High School', 'Single', 0, 0, 0, 0, NULL),
(99, 'YES', 'CS-01-2014-99R', '1988-09-25', 'Tacloban City', 'Male', 'Roman Catholic', 'High School', 'Single', 0, 0, 0, 0, NULL),
(100, 'YES', 'CS-01-2014-100R', '1992-06-15', 'Tacloban City', 'Female', 'Roman Catholic', 'High School', 'Single', 0, 0, 0, 0, NULL),
(101, 'YES', 'CS-01-2014-101R', '1962-08-08', 'Tacloban City', 'Female', 'Roman Catholic', 'High School', 'Married', 0, 0, 0, 0, NULL),
(102, 'YES', 'CS-01-2014-102R', '1959-09-17', 'Tacloban City', 'Male', 'Roman Catholic', 'High School', 'Married', 0, 0, 0, 0, NULL),
(103, 'YES', 'CS-01-2014-103R', '1956-08-07', 'Tacloban City', 'Male', 'Roman Catholic', 'High School', 'Married', 0, 0, 0, 0, NULL),
(104, 'YES', 'CS-01-2014-104R', '1962-09-02', 'Tacloban City', 'Male', 'Roman Catholic', 'High School', 'Single', 0, 0, 0, 0, NULL),
(105, 'YES', 'CS-01-2014-105R', '1987-05-17', 'Tacloban City', 'Female', 'Roman Catholic', 'High School', 'Single', 0, 0, 0, 0, NULL),
(106, 'YES', 'CS-01-2014-106R', '1988-09-25', 'Tacloban City', 'Female', 'Roman Catholic', 'High School', 'Single', 0, 0, 0, 0, NULL),
(107, 'YES', 'CS-01-2014-107R', '1980-05-06', 'Tacloban City', 'Female', 'Roman Catholic', 'High School', 'Single', 0, 0, 0, 0, NULL),
(108, 'YES', 'CS-01-2014-108R', '1980-06-09', 'Tacloban City', 'Male', 'Roman Catholic', 'High School', 'Single', 0, 0, 0, 0, NULL),
(109, 'YES', 'CS-01-2014-109R', '1978-09-20', 'Tacloban City', 'Male', 'Roman Catholic', 'High School', 'Single', 0, 0, 0, 0, NULL),
(110, 'YES', 'CS-01-2014-110R', '1987-12-24', 'Tacloban City', 'Male', 'Roman Catholic', 'High School', 'Single', 0, 0, 0, 0, NULL),
(111, 'YES', 'CS-01-2014-111R', '1994-12-16', 'Tacloban City', 'Female', 'Roman Catholic', 'High School', 'Single', 0, 0, 0, 0, NULL),
(112, 'YES', 'CS-01-2014-112R', '1994-12-16', 'Tacloban City', 'Female', 'Roman Catholic', 'High School', 'Single', 0, 0, 0, 0, NULL),
(113, 'YES', 'CS-01-2014-113R', '1994-02-25', 'Tacloban City', 'Female', 'Roman Catholic', 'High School', 'Single', 0, 0, 0, 0, NULL),
(114, 'YES', 'CS-01-2014-114R', '1993-03-28', 'Tacloban City', 'Female', 'Roman Catholic', 'High School', 'Single', 0, 0, 0, 0, NULL),
(115, 'YES', 'CS-01-2014-115R', '1992-03-04', 'Tacloban City', 'Female', 'Roman Catholic', 'High School', 'Single', 0, 0, 0, 0, NULL),
(116, 'YES', 'CS-01-2014-116R', '1992-06-12', 'Tacloban City', 'Female', 'Roman Catholic', 'High School', 'Single', 0, 0, 0, 0, NULL),
(117, 'YES', 'CS-01-2014-117R', '1991-02-26', 'Tacloban City', 'Female', 'Roman Catholic', 'High School', 'Single', 0, 0, 0, 0, NULL),
(211, 'YES', 'CS-06-2012-11R', '1953-10-05', 'Iloilo', 'Female', 'Roman Catholic', 'High School', 'Married', 0, 0, 0, 0, NULL),
(212, 'YES', 'CS-08-2013-12R', '1979-03-18', 'Antipolo', 'Female', 'Roman Catholic', 'College', 'Married', 0, 0, 0, 0, NULL),
(213, 'YES', 'CS-03-2012-13R', '1962-05-20', 'Antipolo', 'Male', 'Roman Catholic', 'High School', 'Married', 0, 0, 0, 0, NULL),
(214, 'YES', 'CS-11-2012-14R', '1986-11-25', 'Manila City', 'Female', 'Roman Catholic', 'College', 'Single', 0, 0, 0, 0, NULL),
(215, 'YES', 'CS-01-2014-15R', '1989-07-15', 'Pampanga', 'Female', 'Roman Catholic', 'High School', 'Single', 0, 0, 0, 0, NULL),
(217, 'YES', 'CS-07-2012-17R', '1972-12-01', 'Cavite', 'Female', 'Roman Catholic', 'College', 'Married', 0, 0, 0, 0, NULL),
(219, 'YES', 'CS-03-2013-19R', '1975-11-09', 'Cavite', 'Female', 'Roman Catholic', 'High School', 'Married', 0, 0, 0, 0, NULL),
(220, 'YES', 'CS-01-2014-20R', '1989-05-23', 'Antipolo', 'Female', 'Roman Catholic', 'High School', 'Single', 0, 0, 0, 0, NULL),
(221, 'YES', 'CS-10-2013-21R', '1956-10-08', 'Cavite', 'Male', 'Roman Catholic', 'High School', 'Married', 0, 0, 0, 0, NULL),
(222, 'YES', 'CS-10-2012-22R', '1954-04-28', 'Aklan', 'Female', 'Roman Catholic', 'College', 'Married', 0, 0, 0, 0, NULL),
(223, 'YES', 'CS-05-2013-23R', '1972-08-07', 'Antipolo', 'Male', 'Roman Catholic', 'College', 'Married', 0, 0, 0, 0, NULL),
(224, 'YES', 'CS-09-2012-24R', '1963-08-03', 'Lucena', 'Female', 'Roman Catholic', 'College', 'Married', 0, 0, 0, 0, NULL),
(225, 'YES', 'CS-06-2013-25R', '1950-10-07', 'Batangas', 'Female', 'Roman Catholic', 'High School', 'Single', 0, 0, 0, 0, NULL),
(226, 'YES', 'CS-01-2014-26R', '1954-10-01', 'Baguio', 'Male', 'Roman Catholic', 'Elementary', 'Married', 0, 0, 0, 0, NULL),
(227, 'YES', 'CS-06-2013-27R', '1972-11-21', 'Pampanga', 'Female', 'Roman Catholic', 'College', 'Married', 0, 0, 0, 0, NULL),
(228, 'YES', 'CS-12-2012-28R', '1966-11-07', 'Antipolo', 'Male', 'Roman Catholic', 'College', 'Single', 0, 0, 0, 0, NULL),
(230, 'YES', 'CS-03-2014-30R', '1953-12-05', 'Palawan', 'Male', 'Roman Catholic', 'High School', 'Married', 0, 0, 0, 0, NULL),
(231, 'YES', 'CS-03-2013-31R', '1967-08-03', 'Alaminos, Pangasinan', 'Female', 'Roman Catholic', 'College', 'Single', 0, 0, 0, 0, NULL),
(232, 'YES', 'CS-08-2013-32R', '1978-04-01', 'Quezon City', 'Female', 'Roman Catholic', 'College', 'Married', 0, 0, 0, 0, NULL),
(233, 'YES', 'CS-05-2012-33R', '1987-06-26', 'Manila', 'Female', 'Roman Catholic', 'High School', 'Single', 0, 0, 0, 0, NULL),
(234, 'YES', 'CS-05-2012-34R', '1978-04-03', 'Pasig', 'Female', 'Roman Catholic', 'College', 'Single', 0, 0, 0, 0, NULL),
(235, 'YES', 'CS-10-2013-35R', '1965-10-04', 'Manila', 'Female', 'Roman Catholic', 'High School', 'Single', 0, 0, 0, 0, NULL),
(236, 'YES', 'CS-09-2013-36R', '1978-02-13', 'Laguna', 'Female', 'Roman Catholic', 'Elementary', 'Married', 0, 0, 0, 0, NULL),
(237, 'YES', 'CS-09-2013-37R', '1950-10-28', 'Aklan', 'Female', 'Roman Catholic', 'High School', 'Single', 0, 0, 0, 0, NULL),
(238, 'YES', 'CS-03-2014-38R', '1967-05-14', 'Antipolo', 'Female', 'Roman Catholic', 'High School', 'Single', 0, 0, 0, 0, NULL),
(239, 'YES', 'CS-06-2013-39R', '1970-07-19', 'Canlubang', 'Female', 'Roman Catholic', 'College', 'Married', 0, 0, 0, 0, NULL),
(240, 'YES', 'CS-05-2013-40R', '1980-05-22', 'Iloilo', 'Male', 'Roman Catholic', 'College', 'Married', 0, 0, 0, 0, NULL),
(241, 'YES', 'CS-01-2014-241R', '1962-05-22', 'Manila', 'Female', 'Roman Catholic', 'High School', 'Single', 0, 0, 0, 0, NULL),
(242, 'YES', 'CS-01-2014-242R', '1977-06-08', 'Antipolo', 'Female', 'Roman Catholic', 'College', 'Single', 0, 0, 0, 0, NULL),
(243, 'YES', 'CS-01-2014-243R', '1991-02-26', 'Tacloban City', 'Female', 'Roman Catholic', 'High School', 'Single', 0, 0, 0, 0, NULL),
(244, 'YES', 'CS-01-2014-244R', '1963-02-19', 'Manila', 'Male', 'Roman Catholic', 'College', 'Married', 0, 0, 0, 0, NULL),
(245, 'YES', 'CS-01-2014-245R', '1983-08-07', 'Tacloban City', 'Male', 'Roman Catholic', 'High School', 'Single', 0, 0, 0, 0, NULL),
(246, 'YES', 'CS-01-2014-246R', '1994-09-23', 'Tacloban City', 'Male', 'Roman Catholic', 'High School', 'Single', 0, 0, 0, 0, NULL),
(247, 'YES', 'CS-01-2014-247R', '1988-11-13', 'Manila', 'Female', 'Roman Catholic', 'High School', 'Single', 0, 0, 0, 0, NULL),
(248, 'YES', 'CS-01-2014-248R', '1979-01-05', 'Dagupan', 'Female', 'Roman Catholic', 'High School', 'Married', 0, 0, 0, 0, NULL),
(249, 'YES', 'CS-01-2014-249R', '1995-02-03', 'Tacloban City', 'Male', 'Roman Catholic', 'High School', 'Single', 0, 0, 0, 0, NULL),
(250, 'YES', 'CS-01-2014-250R', '1974-01-19', 'Manila', 'Male', 'Roman Catholic', 'College', 'Married', 0, 0, 0, 0, NULL),
(251, 'YES', 'CS-01-2014-251R', '1992-06-17', 'Tacloban City', 'Female', 'Roman Catholic', 'High School', 'Single', 0, 0, 0, 0, NULL),
(252, 'YES', 'CS-01-2014-252R', '1981-07-15', 'Baguio', 'Male', 'Roman Catholic', 'High School', 'Married', 0, 0, 0, 0, NULL),
(253, 'YES', 'CS-01-2014-253R', '1985-05-07', 'Tacloban City', 'Male', 'Roman Catholic', 'High School', 'Single', 0, 0, 0, 0, NULL),
(254, 'YES', 'CS-01-2014-254R', '1969-12-08', 'Manila', 'Male', 'Roman Catholic', 'Elementary', 'Married', 0, 0, 0, 0, NULL),
(255, 'YES', 'CS-01-2014-255R', '1982-02-24', 'Tacloban City', 'Male', 'Roman Catholic', 'High School', 'Single', 0, 0, 0, 0, NULL),
(257, 'YES', 'CS-01-2014-257R', '1985-05-07', 'Tacloban City', 'Female', 'Roman Catholic', 'High School', 'Single', 0, 0, 0, 0, NULL),
(258, 'YES', 'CS-01-2014-258R', '1989-03-13', 'Cavite', 'Female', 'Roman Catholic', 'College', 'Single', 0, 0, 0, 0, NULL),
(259, 'YES', 'CS-01-2014-259R', '1987-01-05', 'Pasig', 'Female', 'Roman Catholic', 'College', 'Single', 0, 0, 0, 0, NULL),
(260, 'YES', 'CS-01-2014-260R', '1988-07-28', 'Tacloban City', 'Male', 'Roman Catholic', 'High School', 'Single', 0, 0, 0, 0, NULL),
(261, 'YES', 'CS-01-2014-261R', '1953-10-05', 'Aklan', 'Female', 'Roman Catholic', 'High School', 'Single', 0, 0, 0, 0, NULL),
(262, 'YES', 'CS-01-2014-262R', '1953-12-05', 'Alaminos, Pangasinan', 'Female', 'Roman Catholic', 'High School', 'Married', 0, 0, 0, 0, NULL),
(263, 'YES', 'CS-01-2014-263R', '1985-05-07', 'Tacloban City', 'Male', 'Roman Catholic', 'High School', 'Single', 0, 0, 0, 0, NULL),
(264, 'YES', 'CS-01-2014-264R', '1950-10-07', 'Alaminos, Pangasinan', 'Male', 'Roman Catholic', 'College', 'Single', 0, 0, 0, 0, NULL),
(265, 'YES', 'CS-01-2014-265R', '1950-10-28', 'Manila', 'Female', 'Roman Catholic', 'High School', 'Married', 0, 0, 0, 0, NULL),
(266, 'YES', 'CS-01-2014-266R', '1978-04-01', 'Tacloban City', 'Female', 'Roman Catholic', 'College', 'Married', 0, 0, 0, 0, NULL),
(267, 'YES', 'CS-01-2014-267R', '1965-04-24', 'Manila', 'Male', 'Roman Catholic', 'High School', 'Single', 0, 0, 0, 0, NULL),
(268, 'YES', 'CS-01-2014-268R', '1989-07-15', 'Quezon City', 'Female', 'Roman Catholic', 'College', 'Married', 0, 0, 0, 0, NULL),
(269, 'YES', 'CS-01-2014-269R', '1970-07-19', 'Antipolo', 'Male', 'Roman Catholic', 'High School', 'Married', 0, 0, 0, 0, NULL),
(270, 'YES', 'CS-01-2014-270R', '1967-08-03', 'Manila', 'Female', 'Roman Catholic', 'College', 'Married', 0, 0, 0, 0, NULL),
(271, 'YES', 'CS-01-2014-271R', '1989-05-23', 'Canlubang', 'Female', 'Roman Catholic', 'High School', 'Single', 0, 0, 0, 0, NULL),
(272, 'YES', 'CS-10-2014-272R', '1972-06-24', 'Baguio', 'Female', 'Roman Catholic', 'College', 'Married', 0, 0, 0, 0, NULL),
(273, 'YES', 'CS-10-2014-273R', '1975-11-09', 'Batangas', 'Female', 'Roman Catholic', 'High School', 'Married', 0, 0, 0, 0, NULL),
(274, 'YES', 'CS-10-2014-274R', '1978-02-13', 'Lucena', 'Male', 'Roman Catholic', 'College', 'Married', 0, 0, 0, 0, NULL),
(275, 'YES', 'CS-10-2014-275R', '1966-11-07', 'Batangas', 'Male', 'Roman Catholic', 'High School', 'Married', 0, 0, 0, 0, NULL),
(276, 'YES', 'CS-10-2014-276R', '1960-05-05', 'Cavite', 'Female', 'Roman Catholic', 'College', 'Married', 0, 0, 0, 0, NULL),
(277, 'YES', 'CS-10-2014-277R', '1954-10-01', 'Yami', 'Female', 'Roman Catholic', 'Elementary', 'Married', 0, 0, 0, 0, NULL),
(278, 'YES', 'CS-10-2014-278R', '1965-10-04', 'Manila City', 'Female', 'Roman Catholic', 'Elementary', 'Married', 0, 0, 0, 0, NULL),
(279, 'YES', 'CS-10-2014-279R', '1965-04-24', 'Pasig', 'Female', 'Roman Catholic', 'College', 'Married', 0, 0, 0, 0, NULL),
(280, 'YES', 'CS-10-2014-280R', '1980-05-22', 'Canlubang', 'Female', 'Roman Catholic', 'High School', 'Single', 0, 0, 0, 0, NULL),
(281, 'YES', 'CS-10-2014-281R', '1972-12-01', 'Pasig', 'Female', 'Roman Catholic', 'College', 'Married', 0, 0, 0, 0, NULL),
(282, 'YES', 'CS-10-2014-282R', '1950-10-28', 'Lucena', 'Male', 'Roman Catholic', 'High School', 'Married', 0, 0, 0, 0, NULL),
(283, 'YES', 'CS-10-2014-283R', '1972-08-07', 'Manila City', 'Female', 'Roman Catholic', 'High School', 'Married', 0, 0, 0, 0, NULL),
(284, 'YES', 'CS-01-2014-284R', '1985-05-07', 'Tacloban City', 'Male', 'Roman Catholic', 'Elementary', 'Single', 0, 0, 0, 0, NULL),
(285, 'YES', 'CS-01-2014-285R', '1990-12-20', 'Tacloban City', 'Male', 'Roman Catholic', 'High School', 'Single', 0, 0, 0, 0, NULL),
(286, 'YES', 'CS-01-2014-286R', '1962-05-22', 'Canlubang', 'Female', 'Roman Catholic', 'College', 'Married', 0, 0, 0, 0, NULL),
(287, 'YES', 'CS-01-2014-287R', '1963-02-19', 'Manila City', 'Female', 'Roman Catholic', 'High School', 'Married', 0, 0, 0, 0, NULL),
(288, 'YES', 'CS-01-2014-288R', '1992-09-08', 'Tacloban City', 'Female', 'Roman Catholic', 'High School', 'Single', 0, 0, 0, 0, NULL),
(289, 'YES', 'CS-01-2014-289R', '1965-10-04', 'Manila', 'Female', 'Roman Catholic', 'College', 'Married', 0, 0, 0, 0, NULL),
(290, 'YES', 'CS-01-2014-290R', '1963-08-03', 'Lucena', 'Female', 'Roman Catholic', 'College', 'Married', 0, 0, 0, 0, NULL),
(291, 'YES', 'CS-01-2014-291R', '1967-01-31', 'Manila City', 'Female', 'Roman Catholic', 'College', 'Single', 0, 0, 0, 0, NULL),
(292, 'YES', 'CS-01-2014-292R', '1950-10-28', 'Laguna', 'Female', 'Roman Catholic', 'High School', 'Single', 0, 0, 0, 0, NULL),
(293, 'YES', 'CS-01-2014-293R', '1956-10-08', 'Manila City', 'Male', 'Roman Catholic', 'High School', 'Married', 0, 0, 0, 0, NULL),
(294, 'YES', 'CS-01-2014-294R', '1988-09-25', 'Tacloban City', 'Male', 'Roman Catholic', 'High School', 'Single', 0, 0, 0, 0, NULL),
(295, 'YES', 'CS-01-2014-295R', '1986-11-25', 'Pampanga', 'Female', 'Roman Catholic', 'College', 'Married', 0, 0, 0, 0, NULL),
(296, 'YES', 'CS-01-2014-296R', '1983-08-07', 'Tacloban City', 'Female', 'Roman Catholic', 'High School', 'Single', 0, 0, 0, 0, NULL),
(297, 'YES', 'CS-01-2014-297R', '1956-10-08', 'Pampanga', 'Female', 'Roman Catholic', 'High School', 'Married', 0, 0, 0, 0, NULL),
(298, 'YES', 'CS-01-2014-298R', '1985-05-07', 'Tacloban City', 'Male', 'Roman Catholic', 'High School', 'Single', 0, 0, 0, 0, NULL),
(299, 'YES', 'CS-01-2014-299R', '1972-01-12', 'Pampanga', 'Male', 'Roman Catholic', 'High School', 'Married', 0, 0, 0, 0, NULL),
(300, 'YES', 'CS-01-2014-300R', '1987-06-26', 'Aklan', 'Female', 'Roman Catholic', 'High School', 'Married', 0, 0, 0, 0, NULL),
(301, 'YES', 'CS-01-2014-301R', '1993-03-28', 'Tacloban City', 'Male', 'Roman Catholic', 'High School', 'Single', 0, 0, 0, 0, NULL),
(302, 'YES', 'CS-01-2014-302R', '1967-05-14', 'Alaminos, Pangasinan', 'Female', 'Roman Catholic', 'High School', 'Married', 0, 0, 0, 0, NULL),
(303, 'YES', 'CS-01-2014-303R', '1994-02-25', 'Tacloban City', 'Female', 'Roman Catholic', 'High School', 'Single', 0, 0, 0, 0, NULL),
(304, 'YES', 'CS-01-2014-304R', '1976-01-25', 'Pampanga', 'Female', 'Roman Catholic', 'Elementary', 'Married', 0, 0, 0, 0, NULL),
(305, 'YES', 'CS-01-2014-305R', '1988-09-25', 'Tacloban City', 'Female', 'Roman Catholic', 'High School', 'Single', 0, 0, 0, 0, NULL),
(306, 'YES', 'CS-01-2014-306R', '1989-07-15', 'Baguio', 'Female', 'Roman Catholic', 'College', 'Married', 0, 0, 0, 0, NULL),
(307, 'YES', 'CS-01-2014-307R', '1994-02-28', 'Tacloban City', 'Female', 'Roman Catholic', 'High School', 'Single', 0, 0, 0, 0, NULL),
(308, 'YES', 'CS-01-2014-308R', '1971-01-02', 'Iloilo', 'Male', 'Roman Catholic', 'High School', 'Married', 0, 0, 0, 0, NULL),
(309, 'YES', 'CS-01-2014-309R', '1963-01-23', 'Tacloban City', 'Male', 'Roman Catholic', 'High School', 'Single', 0, 0, 0, 0, NULL);

-- --------------------------------------------------------

--
-- Table structure for table `membersaddress`
--

CREATE TABLE IF NOT EXISTS `membersaddress` (
  `ControlNo` int(11) NOT NULL,
  `Address` varchar(50) NOT NULL,
  `AddressDate` int(4) DEFAULT NULL,
  `AddressType` varchar(45) NOT NULL,
  PRIMARY KEY (`ControlNo`,`Address`),
  KEY `fk_MembersAddress_Members1_idx` (`ControlNo`),
  KEY `fk_MembersAddress_AddressTypeRef1_idx` (`AddressType`)
) ENGINE=InnoDB DEFAULT CHARSET=utf8;

--
-- Dumping data for table `membersaddress`
--

INSERT INTO `membersaddress` (`ControlNo`, `Address`, `AddressDate`, `AddressType`) VALUES
(1, '111 Taft Avenue ', 5, 'Home Address'),
(2, '111 Taft Avenue ', 5, 'Home Address'),
(3, '111 Taft Avenue ', 5, 'Home Address'),
(4, '111 Taft Avenue ', 5, 'Home Address'),
(5, '111 Taft Avenue ', 5, 'Home Address'),
(6, '1234 Balintawak St. Tondo Manila', 12, 'Home Address'),
(7, 'Manila City', 4, 'Home Address'),
(8, 'Tacloban City', 5, 'Home Address'),
(9, 'Seoul, Korea', 0, 'Home Address'),
(10, 'none', 1, 'Home Address'),
(11, 'Saturn St.', 10, 'Home Address'),
(12, 'Saturn St.', 10, 'Home Address'),
(13, 'Saturn St.', 10, 'Home Address'),
(14, 'Jupiter St.', 10, 'Home Address'),
(15, 'Jupiter St.', 10, 'Home Address'),
(16, 'Jupiter St.', 10, 'Home Address'),
(17, 'Jupiter St.', 10, 'Home Address'),
(18, 'Pluto St.', 10, 'Home Address'),
(19, 'Pluto St.', 10, 'Home Address'),
(20, 'Pluto St.', 10, 'Home Address'),
(21, 'Uranus St.', 10, 'Home Address'),
(22, 'Uranus St.', 10, 'Home Address'),
(23, 'Uranus St.', 10, 'Home Address'),
(24, 'Neptune St.', 10, 'Home Address'),
(25, 'Neptune St.', 10, 'Home Address'),
(26, 'Neptune St.', 10, 'Home Address'),
(27, 'Saturn St.', 10, 'Home Address'),
(28, 'Saturn St.', 10, 'Home Address'),
(29, 'Saturn St.', 10, 'Home Address'),
(30, 'Saturn St.', 10, 'Home Address'),
(31, 'Saturn St.', 10, 'Home Address'),
(32, 'Saturn St.', 10, 'Home Address'),
(33, 'Saturn St.', 10, 'Home Address'),
(34, 'Saturn St.', 10, 'Home Address'),
(35, 'Saturn St.', 10, 'Home Address'),
(36, 'Jupiter St.', 10, 'Home Address'),
(37, 'Jupiter St.', 10, 'Home Address'),
(38, 'Jupiter St.', 10, 'Home Address'),
(39, 'Jupiter St.', 10, 'Home Address'),
(40, 'Jupiter St.', 10, 'Home Address'),
(41, 'Jupiter St.', 10, 'Home Address'),
(42, 'Jupiter St.', 10, 'Home Address'),
(43, 'Jupiter St.', 10, 'Home Address'),
(44, 'Jupiter St.', 10, 'Home Address'),
(46, 'Pluto St.', 10, 'Home Address'),
(47, 'Pluto St.', 10, 'Home Address'),
(48, 'Pluto St.', 10, 'Home Address'),
(49, 'Pluto St.', 10, 'Home Address'),
(50, 'Pluto St.', 10, 'Home Address'),
(51, 'Pluto St.', 10, 'Home Address'),
(52, 'Pluto St.', 10, 'Home Address'),
(53, 'Pluto St.', 10, 'Home Address'),
(54, 'Uranus St.', 10, 'Home Address'),
(55, 'Uranus St.', 10, 'Home Address'),
(56, 'Uranus St.', 10, 'Home Address'),
(57, 'Uranus St.', 10, 'Home Address'),
(58, 'Uranus St.', 10, 'Home Address'),
(59, 'Uranus St.', 10, 'Home Address'),
(60, 'Uranus St.', 10, 'Home Address'),
(61, 'Uranus St.', 10, 'Home Address'),
(62, 'Uranus St.', 10, 'Home Address'),
(63, 'Neptune St.', 10, 'Home Address'),
(64, 'Neptune St.', 10, 'Home Address'),
(65, 'Neptune St.', 10, 'Home Address'),
(66, 'Neptune St.', 10, 'Home Address'),
(67, 'Neptune St.', 10, 'Home Address'),
(68, 'Neptune St.', 10, 'Home Address'),
(69, 'Neptune St.', 10, 'Home Address'),
(70, 'Neptune St.', 10, 'Home Address'),
(71, 'Neptune St.', 10, 'Home Address'),
(72, 'Neptune St.', 10, 'Home Address'),
(73, 'Neptune St.', 10, 'Home Address'),
(74, 'Neptune St.', 10, 'Home Address'),
(75, 'Uranus St. Caloocan Ciyt', 12, 'Home Address'),
(76, 'Saturn St.', 10, 'Home Address'),
(77, 'Saturn St.', 10, 'Home Address'),
(78, 'Saturn St.', 10, 'Home Address'),
(79, 'Saturn St.', 10, 'Home Address'),
(80, 'Saturn St.', 10, 'Home Address'),
(81, 'Saturn St.', 10, 'Home Address'),
(82, 'Saturn St.', 10, 'Home Address'),
(83, 'Saturn St.', 10, 'Home Address'),
(84, 'Saturn St.', 10, 'Home Address'),
(85, 'Saturn St.', 10, 'Home Address'),
(86, 'Saturn St.', 10, 'Home Address'),
(87, 'Saturn St.', 10, 'Home Address'),
(88, 'Saturn St.', 10, 'Home Address'),
(89, 'Saturn St.', 10, 'Home Address'),
(90, 'Saturn St.', 10, 'Home Address'),
(91, 'Saturn St.', 10, 'Home Address'),
(92, 'Saturn St.', 10, 'Home Address'),
(93, 'Saturn St.', 10, 'Home Address'),
(94, 'Saturn St.', 10, 'Home Address'),
(95, 'Saturn St.', 10, 'Home Address'),
(96, 'Saturn St.', 10, 'Home Address'),
(97, 'Saturn St.', 10, 'Home Address'),
(98, 'Saturn St.', 10, 'Home Address'),
(99, 'Saturn St.', 10, 'Home Address'),
(100, 'Saturn St.', 10, 'Home Address'),
(101, 'Saturn St.', 10, 'Home Address'),
(102, 'Saturn St.', 10, 'Home Address'),
(103, 'Saturn St.', 10, 'Home Address'),
(104, 'Saturn St.', 10, 'Home Address'),
(105, 'Saturn St.', 10, 'Home Address'),
(106, 'Saturn St.', 10, 'Home Address'),
(107, 'Saturn St.', 10, 'Home Address'),
(108, 'Saturn St.', 10, 'Home Address'),
(109, 'Saturn St.', 10, 'Home Address'),
(110, 'Saturn St.', 10, 'Home Address'),
(111, 'Jupiter St.', 10, 'Home Address'),
(112, 'Jupiter St.', 10, 'Home Address'),
(113, 'Jupiter St.', 10, 'Home Address'),
(114, 'Jupiter St.', 10, 'Home Address'),
(115, 'Jupiter St.', 10, 'Home Address'),
(116, 'Jupiter St.', 10, 'Home Address'),
(117, 'Jupiter St.', 10, 'Home Address'),
(211, 'Brgy 38, Atlas St., Antipolo', 3, 'Home Address'),
(212, 'Brgy 38, Atlas St., Antipolo', 27, 'Home Address'),
(213, 'Brgy 38, Atlas St., Antipolo', 52, 'Home Address'),
(214, 'Brgy 38, Atlas St., Antipolo', 13, 'Home Address'),
(215, 'Brgy 38, Atlas St., Antipolo', 10, 'Home Address'),
(217, 'Brgy 38, Atlas St., Antipolo', 32, 'Home Address'),
(219, 'Brgy 38, Atlas St., Antipolo', 39, 'Home Address'),
(220, 'Brgy 38, Atlas St., Antipolo', 25, 'Home Address'),
(221, 'Brgy 10, Berkshire St. Antipolo', 54, 'Home Address'),
(222, 'Brgy 11, Berkshire St. Antipolo', 22, 'Home Address'),
(223, 'Brgy 21, Berkshire St. Antipolo', 42, 'Home Address'),
(224, 'Brgy 10, Berkshire St. Antipolo', 20, 'Home Address'),
(225, 'Brgy 21, Berkshire St. Antipolo', 14, 'Home Address'),
(226, 'Brgy 10, Berkshire St. Antipolo', 30, 'Home Address'),
(227, 'Brgy 21, Berkshire St. Antipolo', 27, 'Home Address'),
(228, 'Bry 10 Rose St., Sumilong Highway', 9, 'Home Address'),
(230, 'Bry 142 Rose St., Sumilong Highway', 13, 'Home Address'),
(231, 'Bry 122 Rose St., Sumilong Highway', 10, 'Home Address'),
(232, 'Bry 51 Rose St., Sumilong Highway', 29, 'Home Address'),
(233, 'Bry 1101 Rose St., Sumilong Highway', 21, 'Home Address'),
(234, 'Bry 142 Rose St., Sumilong Highway', 17, 'Home Address'),
(235, 'Bry 10 Morning Glory St.', 10, 'Home Address'),
(236, 'Brgy 21, Berkshire St. Antipolo', 24, 'Home Address'),
(237, 'Bry 142 Rose St., Sumilong Highway', 14, 'Home Address'),
(238, 'Bry 10 Morning Glory St.', 33, 'Home Address'),
(239, 'Bry 10 Rose St., Sumilong Highway', 45, 'Home Address'),
(240, 'Bry 142 Rose St., Sumilong Highway', 29, 'Home Address'),
(241, 'Brgy 10, Berkshire St. Antipolo', 27, 'Home Address'),
(242, 'Brgy 21, Berkshire St. Antipolo', 33, 'Home Address'),
(243, 'Jupiter St.', 10, 'Home Address'),
(244, 'Brgy 11, Berkshire St. Antipolo', 22, 'Home Address'),
(245, 'Jupiter St.', 10, 'Home Address'),
(246, 'Jupiter St.', 10, 'Home Address'),
(247, 'Brgy 10, Berkshire St. Antipolo', 20, 'Home Address'),
(248, 'Brgy 11, Berkshire St. Antipolo', 10, 'Home Address'),
(249, 'Jupiter St.', 10, 'Home Address'),
(250, 'Bry 1101 Rose St., Sumilong Highway', 20, 'Home Address'),
(251, 'Jupiter St.', 10, 'Home Address'),
(252, 'Brgy 11, Berkshire St. Antipolo', 20, 'Home Address'),
(253, 'Jupiter St.', 10, 'Home Address'),
(254, 'Bry 10 Morning Glory St.', 32, 'Home Address'),
(255, 'Jupiter St.', 10, 'Home Address'),
(257, 'Jupiter St.', 10, 'Home Address'),
(258, 'Bry 142 Rose St., Sumilong Highway', 14, 'Home Address'),
(259, 'Bry 142 Rose St., Sumilong Highway', 22, 'Home Address'),
(260, 'Jupiter St.', 10, 'Home Address'),
(261, 'Bry 1101 Rose St., Sumilong Highway', 10, 'Home Address'),
(262, 'Uranus St. Caloocan Ciy', 30, 'Home Address'),
(263, 'Jupiter St.', 10, 'Home Address'),
(264, 'Bry 142 Rose St., Sumilong Highway', 39, 'Home Address'),
(265, 'Bry 142 Rose St., Sumilong Highway', 40, 'Home Address'),
(266, 'Bry 10 Morning Glory St.', 39, 'Home Address'),
(267, 'Bry 122 Rose St., Sumilong Highway', 38, 'Home Address'),
(268, 'Bry 10 Morning Glory St.', 44, 'Home Address'),
(269, 'Uranus St. Caloocan Ciyt', 54, 'Home Address'),
(270, 'Bry 10 Morning Glory St.', 38, 'Home Address'),
(271, 'Bry 1101 Rose St., Sumilong Highway', 38, 'Home Address'),
(272, 'Bry 142 Rose St., Sumilong Highway', 26, 'Home Address'),
(273, 'Brgy 21, Berkshire St. Antipolo', 24, 'Home Address'),
(274, 'Uranus St. Caloocan Ciyt', 30, 'Home Address'),
(275, 'Brgy 21, Berkshire St. Antipolo', 32, 'Home Address'),
(276, 'Bry 10 Rose St., Sumilong Highway', 19, 'Home Address'),
(277, 'Bry 10 Morning Glory St.', 23, 'Home Address'),
(278, 'Bry 142 Rose St., Sumilong Highway', 22, 'Home Address'),
(279, 'Bry 122 Rose St., Sumilong Highway', 37, 'Home Address'),
(280, 'Brgy 11, Berkshire St. Antipolo', 19, 'Home Address'),
(281, 'Bry 142 Rose St., Sumilong Highway', 17, 'Home Address'),
(282, 'Brgy 11, Berkshire St. Antipolo', 22, 'Home Address'),
(283, 'Bry 10 Morning Glory St.', 20, 'Home Address'),
(284, 'Jupiter St.', 10, 'Home Address'),
(285, 'Jupiter St.', 10, 'Home Address'),
(286, 'Bry 1101 Rose St., Sumilong Highway', 23, 'Home Address'),
(287, 'Bry 142 Rose St., Sumilong Highway', 21, 'Home Address'),
(288, 'Jupiter St.', 10, 'Home Address'),
(289, 'Brgy 10, Berkshire St. Antipolo', 13, 'Home Address'),
(290, 'Bry 10 Rose St., Sumilong Highway', 28, 'Home Address'),
(291, 'Bry 51 Rose St., Sumilong Highway', 23, 'Home Address'),
(292, 'Brgy 11, Berkshire St. Antipolo', 24, 'Home Address'),
(293, 'Bry 10 Rose St., Sumilong Highway', 18, 'Home Address'),
(294, 'Jupiter St.', 10, 'Home Address'),
(295, 'Brgy 21, Berkshire St. Antipolo', 20, 'Home Address'),
(296, 'Jupiter St.', 10, 'Home Address'),
(297, 'Bry 122 Rose St., Sumilong Highway', 17, 'Home Address'),
(298, 'Jupiter St.', 10, 'Home Address'),
(299, 'Bry 142 Rose St., Sumilong Highway', 24, 'Home Address'),
(300, 'Bry 1101 Rose St., Sumilong Highway', 15, 'Home Address'),
(301, 'Jupiter St.', 10, 'Home Address'),
(302, 'Bry 10 Morning Glory St.', 31, 'Home Address'),
(303, 'Jupiter St.', 10, 'Home Address'),
(304, 'Bry 122 Rose St., Sumilong Highway', 25, 'Home Address'),
(305, 'Jupiter St.', 10, 'Home Address'),
(306, 'Bry 142 Rose St., Sumilong Highway', 31, 'Home Address'),
(307, 'Jupiter St.', 10, 'Home Address'),
(308, 'Bry 122 Rose St., Sumilong Highway', 16, 'Home Address'),
(309, 'Jupiter St.', 10, 'Home Address');

-- --------------------------------------------------------

--
-- Table structure for table `memberscontact`
--

CREATE TABLE IF NOT EXISTS `memberscontact` (
  `ControlNo` int(11) NOT NULL,
  `ContactNo` varchar(11) NOT NULL,
  PRIMARY KEY (`ControlNo`,`ContactNo`),
  KEY `fk_MembersContact_Members1_idx` (`ControlNo`)
) ENGINE=InnoDB DEFAULT CHARSET=utf8;

--
-- Dumping data for table `memberscontact`
--

INSERT INTO `memberscontact` (`ControlNo`, `ContactNo`) VALUES
(1, '09228756558'),
(2, '09228756558'),
(3, '09228756558'),
(4, '09228756558'),
(5, '09228756558'),
(6, '2526161'),
(7, '2518282'),
(8, '28398238'),
(9, '982379721'),
(10, '1083038'),
(11, '1083038'),
(12, '1083038'),
(13, '1083038'),
(14, '1083038'),
(15, '1083038'),
(16, '1083038'),
(17, '1083038'),
(18, '1083038'),
(19, '1083038'),
(20, '1083038'),
(21, '1083038'),
(22, '1083038'),
(23, '8237912'),
(24, '1083038'),
(25, '1083038'),
(26, '1083038'),
(27, '8293873'),
(28, '1083038'),
(29, '1083038'),
(30, '8293873'),
(31, '2038028'),
(32, '80348924'),
(33, '1083038'),
(34, '9087828'),
(35, '3234567'),
(36, '3234567'),
(37, '1083038'),
(38, '839848'),
(39, '2038028'),
(40, '9087828'),
(41, '888888'),
(42, '2038028'),
(43, '8293873'),
(44, '0280833'),
(46, '8293873'),
(47, '98736523'),
(48, '3234567'),
(49, '2038028'),
(50, '1083038'),
(51, '927492'),
(52, '9742974'),
(53, '1083038'),
(54, '2038028'),
(55, '3234567'),
(56, '9479279'),
(57, '888888'),
(58, '1083038'),
(59, '2038028'),
(60, '3234567'),
(61, '3232322'),
(62, '3232894'),
(63, '3239292'),
(64, '3239292'),
(65, '72974927'),
(66, '839848'),
(67, '3232322'),
(68, '3237988'),
(69, '1083038'),
(70, '3237988'),
(71, '5220420'),
(72, '3232894'),
(73, '5169999'),
(74, '982379721'),
(75, '3561234'),
(76, '1083038'),
(77, '1083038'),
(78, '1083038'),
(79, '1083038'),
(80, '1083038'),
(81, '1083038'),
(82, '1083038'),
(83, '1083038'),
(84, '1083038'),
(85, '1083038'),
(86, '1083038'),
(87, '1083038'),
(88, '1083038'),
(89, '1083038'),
(90, '1083038'),
(91, '1083038'),
(92, '1083038'),
(93, '1083038'),
(94, '1083038'),
(95, '1083038'),
(96, '1083038'),
(97, '1083038'),
(98, '1083038'),
(99, '1083038'),
(100, '1083038'),
(101, '1083038'),
(102, '1083038'),
(103, '1083038'),
(104, '1083038'),
(105, '1083038'),
(106, '1083038'),
(107, '1083038'),
(108, '1083038'),
(109, '1083038'),
(110, '1083038'),
(111, '1083038'),
(112, '1083038'),
(113, '1083038'),
(114, '1083038'),
(115, '1083038'),
(116, '1083038'),
(117, '1083038'),
(211, '09223455433'),
(212, '09170001122'),
(213, '3561234'),
(214, '09057781032'),
(215, '09238889090'),
(217, '5236008'),
(219, '09101112233'),
(220, '09182220000'),
(221, '5230011'),
(222, '0'),
(223, '80971111'),
(224, '09057789911'),
(225, '3625111'),
(226, '09099991023'),
(227, '5239000'),
(228, '09178830274'),
(230, '4636110'),
(231, '09172345682'),
(232, '6548201'),
(233, '09033829101'),
(234, '09015123422'),
(235, '09156626677'),
(236, '09092773333'),
(237, '0901243200'),
(238, '0283991828'),
(239, '09832228899'),
(240, '09045678375'),
(241, '09223455433'),
(242, '6548201'),
(243, '1083038'),
(244, '2518282'),
(245, '1083038'),
(246, '1083038'),
(247, '09153938997'),
(248, '3561234'),
(249, '1083038'),
(250, '09170001122'),
(251, '1083038'),
(252, '3561234'),
(253, '1083038'),
(254, '09170001122'),
(255, '1083038'),
(257, '1083038'),
(258, '12345'),
(259, '09057789911'),
(260, '1083038'),
(261, '09153938997'),
(262, '09133283729'),
(263, '1083038'),
(264, '09170001122'),
(265, '09198472847'),
(266, '4636110'),
(267, '09182220000'),
(268, '5230011'),
(269, '09101112233'),
(270, '5239000'),
(271, '09133283729'),
(272, '09099991023'),
(273, '09182220000'),
(274, '09156626677'),
(275, '09133283729'),
(276, '09170001122'),
(277, '09832228899'),
(278, '09099991023'),
(279, '09182220000'),
(280, '5236008'),
(281, '5230011'),
(282, '09057789911'),
(283, '09182220000'),
(284, '1083038'),
(285, '1083038'),
(286, '09832228899'),
(287, '2518282'),
(288, '1083038'),
(289, '09133283729'),
(290, '09133283729'),
(291, '3625111'),
(292, '09092773333'),
(293, '09033829101'),
(294, '1083038'),
(295, '09178830274'),
(296, '1083038'),
(297, '09170001122'),
(298, '1083038'),
(299, '09057789911'),
(300, '09223455433'),
(301, '1083038'),
(302, '09133283729'),
(303, '1083038'),
(304, '12345'),
(305, '1083038'),
(306, '09101112233'),
(307, '1083038'),
(308, '4636110'),
(309, '1083038');

-- --------------------------------------------------------

--
-- Table structure for table `membershousehold`
--

CREATE TABLE IF NOT EXISTS `membershousehold` (
  `HouseholdNo` int(11) NOT NULL AUTO_INCREMENT,
  `Age` int(11) NOT NULL,
  `GenderID` varchar(6) NOT NULL,
  `CivilStatus` varchar(45) NOT NULL,
  PRIMARY KEY (`HouseholdNo`),
  KEY `fk_MembersHousehold_GenderRef1_idx` (`GenderID`),
  KEY `fk_MembersHousehold_CivilStatusRef1_idx` (`CivilStatus`)
) ENGINE=InnoDB  DEFAULT CHARSET=utf8 AUTO_INCREMENT=2419 ;

--
-- Dumping data for table `membershousehold`
--

INSERT INTO `membershousehold` (`HouseholdNo`, `Age`, `GenderID`, `CivilStatus`) VALUES
(1, 21, 'female', 'Single'),
(2, 44, 'female', 'Married'),
(3, 33, 'female', 'Married'),
(4, 37, 'female', 'Single'),
(5, 32, 'female', 'Married'),
(6, 44, 'female', 'Married'),
(7, 43, 'male', 'Married'),
(8, 78, 'male', 'Married'),
(9, 56, 'male', 'Married'),
(10, 89, 'male', 'Single'),
(11, 50, 'female', 'Married'),
(12, 50, 'male', 'Married'),
(13, 50, 'female', 'Married'),
(14, 60, 'Male', 'Married'),
(15, 50, 'female', 'Married'),
(16, 50, 'male', 'Married'),
(17, 70, 'male', 'Married'),
(18, 50, 'female', 'Married'),
(19, 60, 'male', 'Married'),
(20, 50, 'female', 'Married'),
(21, 50, 'female', 'Married'),
(22, 50, 'male', 'Married'),
(23, 80, 'female', 'Married'),
(24, 50, 'male', 'Married'),
(25, 50, 'male', 'Married'),
(26, 50, 'male', 'Married'),
(27, 29, 'male', 'Single'),
(28, 29, 'female', 'Single'),
(29, 24, 'female', 'Married'),
(30, 68, 'female', 'Married'),
(31, 34, 'male', 'Single'),
(32, 78, 'female', 'Married'),
(33, 80, 'male', 'Married'),
(34, 78, 'male', 'Married'),
(35, 68, 'female', 'Married'),
(36, 37, 'female', 'Married'),
(37, 30, 'male', 'Married'),
(38, 28, 'male', 'Married'),
(39, 78, 'female', 'Married'),
(40, 57, 'male', 'Married'),
(41, 39, 'male', 'Married'),
(42, 34, 'male', 'Married'),
(43, 34, 'male', 'Single'),
(44, 24, 'male', 'Single'),
(45, 29, 'male', 'Single'),
(46, 56, 'male', 'Married'),
(47, 20, 'female', 'Married'),
(48, 24, 'female', 'Single'),
(49, 20, 'female', 'Married'),
(50, 29, 'male', 'Single'),
(51, 67, 'male', 'Married'),
(52, 45, 'female', 'Single'),
(53, 23, 'male', 'Single'),
(54, 24, 'male', 'Single'),
(55, 57, 'male', 'Married'),
(56, 35, 'male', 'Single'),
(57, 78, 'male', 'Married'),
(58, 27, 'male', 'Single'),
(59, 24, 'male', 'Single'),
(60, 34, 'male', 'Single'),
(61, 67, 'male', 'Married'),
(62, 25, 'male', 'Single'),
(63, 60, 'male', 'Married'),
(64, 24, 'male', 'Single'),
(65, 24, 'female', 'Single'),
(66, 67, 'female', 'Married'),
(67, 23, 'male', 'Single'),
(68, 26, 'male', 'Single'),
(69, 20, 'female', 'Single'),
(70, 28, 'male', 'Single'),
(71, 43, 'male', 'Single'),
(72, 34, 'female', 'Single'),
(73, 24, 'male', 'Single'),
(74, 50, 'female', 'Married'),
(76, 50, 'male', 'Single'),
(77, 50, 'male', 'Single'),
(78, 40, 'male', 'Married'),
(79, 40, 'male', 'Married'),
(80, 40, 'male', 'Married'),
(81, 55, 'male', 'Married'),
(82, 55, 'male', 'Married'),
(83, 55, 'male', 'Married'),
(84, 55, 'male', 'Married'),
(85, 55, 'male', 'Married'),
(86, 55, 'female', 'Married'),
(87, 50, 'female', 'Married'),
(88, 30, 'male', 'Single'),
(89, 30, 'male', 'Single'),
(90, 30, 'male', 'Married'),
(91, 30, 'male', 'Single'),
(92, 30, 'male', 'Single'),
(93, 30, 'male', 'Single'),
(94, 30, 'male', 'Single'),
(95, 60, 'female', 'Married'),
(96, 60, 'female', 'Married'),
(97, 50, 'male', 'Married'),
(98, 50, 'male', 'Married'),
(99, 50, 'male', 'Married'),
(100, 50, 'male', 'Married'),
(101, 50, 'male', 'Married'),
(102, 50, 'male', 'Married'),
(103, 50, 'male', 'Married'),
(104, 50, 'female', 'Married'),
(105, 50, 'male', 'Married'),
(106, 30, 'male', 'Single'),
(107, 30, 'male', 'Single'),
(108, 30, 'male', 'Single'),
(109, 30, 'male', 'Single'),
(110, 60, 'male', 'Married'),
(111, 60, 'male', 'Married'),
(112, 60, 'male', 'Married'),
(113, 60, 'male', 'Married'),
(114, 60, 'male', 'Married'),
(115, 60, 'male', 'Married'),
(116, 60, 'male', 'Single'),
(2110, 27, 'female', 'Married'),
(2120, 52, 'female', 'Married'),
(2130, 49, 'female', 'Married'),
(2140, 13, 'female', 'Single'),
(2150, 55, 'male', 'Married'),
(2170, 38, 'male', 'Married'),
(2190, 48, 'female', 'Married'),
(2200, 55, 'male', 'Married'),
(2210, 25, 'female', 'Married'),
(2220, 33, 'female', 'Married'),
(2230, 26, 'female', 'Married'),
(2240, 26, 'female', 'Married'),
(2250, 56, 'female', 'Married'),
(2260, 26, 'male', 'Single'),
(2270, 16, 'female', 'Single'),
(2280, 26, 'male', 'Single'),
(2300, 25, 'male', 'Single'),
(2310, 13, 'female', 'Single'),
(2320, 57, 'male', 'Married'),
(2330, 34, 'female', 'Married'),
(2340, 50, 'female', 'Married'),
(2350, 43, 'female', 'Married'),
(2351, 35, 'female', 'Married'),
(2352, 32, 'female', 'Married'),
(2353, 60, 'male', 'Married'),
(2354, 49, 'female', 'Married'),
(2355, 50, 'male', 'Single'),
(2356, 50, 'male', 'Single'),
(2357, 37, 'male', 'Married'),
(2358, 42, 'female', 'Married'),
(2359, 50, 'male', 'Single'),
(2360, 32, 'female', 'Single'),
(2361, 50, 'male', 'Single'),
(2362, 35, 'male', 'Married'),
(2363, 24, 'male', 'Single'),
(2364, 40, 'female', 'Married'),
(2365, 24, 'male', 'Single'),
(2366, 24, 'male', 'Single'),
(2367, 37, 'female', 'Married'),
(2368, 35, 'female', 'Married'),
(2369, 50, 'male', 'Single'),
(2370, 42, 'female', 'Married'),
(2371, 29, 'male', 'Single'),
(2372, 24, 'male', 'Single'),
(2373, 29, 'female', 'Single'),
(2374, 52, 'male', 'Married'),
(2375, 45, 'female', 'Married'),
(2376, 28, 'female', 'Married'),
(2377, 78, 'male', 'Married'),
(2378, 49, 'male', 'Married'),
(2379, 27, 'female', 'Married'),
(2380, 24, 'female', 'Single'),
(2381, 36, 'male', 'Married'),
(2382, 20, 'male', 'Single'),
(2383, 65, 'female', 'Married'),
(2384, 48, 'female', 'Single'),
(2385, 27, 'female', 'Single'),
(2386, 29, 'female', 'Married'),
(2387, 14, 'female', 'Single'),
(2388, 56, 'male', 'Married'),
(2389, 35, 'female', 'Married'),
(2390, 18, 'male', 'Single'),
(2391, 30, 'female', 'Married'),
(2392, 42, 'female', 'Married'),
(2393, 40, 'female', 'Single'),
(2394, 40, 'female', 'Single'),
(2395, 38, 'female', 'Married'),
(2396, 42, 'female', 'Married'),
(2397, 30, 'female', 'Single'),
(2398, 30, 'female', 'Married'),
(2399, 30, 'male', 'Married'),
(2400, 30, 'female', 'Single'),
(2401, 30, 'male', 'Married'),
(2402, 78, 'male', 'Married'),
(2403, 30, 'male', 'Single'),
(2404, 26, 'female', 'Married'),
(2405, 43, 'male', 'Single'),
(2406, 26, 'male', 'Married'),
(2407, 30, 'male', 'Single'),
(2408, 28, 'female', 'Married'),
(2409, 57, 'male', 'Married'),
(2410, 30, 'male', 'Single'),
(2411, 32, 'female', 'Married'),
(2412, 43, 'male', 'Single'),
(2413, 55, 'female', 'Married'),
(2414, 43, 'male', 'Single'),
(2415, 30, 'female', 'Married'),
(2416, 43, 'female', 'Single'),
(2417, 27, 'female', 'Married'),
(2418, 43, 'male', 'Single');

-- --------------------------------------------------------

--
-- Table structure for table `membersmembershipstatus`
--

CREATE TABLE IF NOT EXISTS `membersmembershipstatus` (
  `Status` varchar(45) NOT NULL,
  PRIMARY KEY (`Status`)
) ENGINE=InnoDB DEFAULT CHARSET=utf8;

--
-- Dumping data for table `membersmembershipstatus`
--

INSERT INTO `membersmembershipstatus` (`Status`) VALUES
('Active'),
('Active Saver'),
('Borrower'),
('dormant saver'),
('Past Due'),
('Terminated'),
('Terminated Voluntarily');

-- --------------------------------------------------------

--
-- Table structure for table `membersmfi`
--

CREATE TABLE IF NOT EXISTS `membersmfi` (
  `ControlNo` int(11) NOT NULL,
  `MFI` longtext NOT NULL,
  PRIMARY KEY (`ControlNo`),
  KEY `fk_MembersMFI_Members1_idx` (`ControlNo`)
) ENGINE=InnoDB DEFAULT CHARSET=utf8;

--
-- Dumping data for table `membersmfi`
--

INSERT INTO `membersmfi` (`ControlNo`, `MFI`) VALUES
(1, 'CASA'),
(2, 'CASA'),
(3, 'CASA'),
(4, 'CASA'),
(5, 'CASA'),
(6, 'Chevron'),
(7, 'casa'),
(8, 'none'),
(9, 'none'),
(10, 'none'),
(11, 'None'),
(12, 'none'),
(13, 'none'),
(14, 'none'),
(15, 'none'),
(16, 'none'),
(17, 'none'),
(18, 'none'),
(19, 'none'),
(20, 'none'),
(21, 'none'),
(22, 'none'),
(23, 'none'),
(24, 'none'),
(25, 'none'),
(26, 'none'),
(27, 'None'),
(28, 'None'),
(29, 'None'),
(30, 'None'),
(31, 'None'),
(32, 'none'),
(33, 'none'),
(34, 'None'),
(35, 'none'),
(36, 'None'),
(37, 'none'),
(38, 'none'),
(39, 'none'),
(40, 'none'),
(41, 'none'),
(42, 'none'),
(43, 'none'),
(44, 'none'),
(46, 'None'),
(47, 'none'),
(48, 'None'),
(49, 'none'),
(50, 'none'),
(51, 'none'),
(52, 'none'),
(53, 'none'),
(54, 'none'),
(55, 'none'),
(56, 'none'),
(57, 'none'),
(58, 'none'),
(59, 'none'),
(60, 'none'),
(61, 'none'),
(62, 'none'),
(63, 'none'),
(64, 'none'),
(65, 'none'),
(66, 'none'),
(67, 'none'),
(68, 'none'),
(69, 'none'),
(70, 'none'),
(71, 'none'),
(72, 'none'),
(73, 'none'),
(74, 'none'),
(75, 'None'),
(76, 'None'),
(77, 'None'),
(78, 'None'),
(79, 'None'),
(80, 'None'),
(81, 'None'),
(82, 'None'),
(83, 'None'),
(84, 'None'),
(85, 'None'),
(86, 'None'),
(87, 'None'),
(88, 'None'),
(89, 'None'),
(90, 'None'),
(91, 'None'),
(92, 'None'),
(93, 'None'),
(94, 'None'),
(95, 'None'),
(96, 'None'),
(97, 'None'),
(98, 'None'),
(99, 'None'),
(100, 'None'),
(101, 'None'),
(102, 'None'),
(103, 'None'),
(104, 'None'),
(105, 'None'),
(106, 'None'),
(107, 'None'),
(108, 'None'),
(109, 'None'),
(110, 'None'),
(111, 'None'),
(112, 'None'),
(113, 'None'),
(114, 'None'),
(115, 'None'),
(116, 'None'),
(117, 'None'),
(211, ''),
(212, ''),
(213, ''),
(214, 'PUSO'),
(215, ''),
(217, 'PUSO'),
(219, 'CASA'),
(220, 'CASA'),
(221, 'PUSO'),
(222, ''),
(223, 'St. Michael Credit Cooperative'),
(224, ''),
(225, 'PUSO'),
(226, 'CASA'),
(227, 'PUSO'),
(228, 'CASA'),
(230, 'PUSO'),
(231, 'PUSO'),
(232, 'PUSO'),
(233, 'Puso'),
(234, ''),
(235, 'PUSO'),
(236, 'PUSO'),
(237, ''),
(238, 'PUSO'),
(239, ''),
(240, ''),
(241, 'PUSO'),
(242, 'PUSO'),
(243, 'None'),
(244, ''),
(245, 'None'),
(246, 'None'),
(247, 'PUSO'),
(248, 'PUSO'),
(249, 'None'),
(250, ''),
(251, 'None'),
(252, ''),
(253, 'None'),
(254, ''),
(255, 'None'),
(257, 'None'),
(258, ''),
(259, 'St. Michael Credit Cooperative'),
(260, 'None'),
(261, ''),
(262, 'HUSIQHS Inc.'),
(263, 'None'),
(264, 'HUSIQHS Inc.'),
(265, 'St. Michael Credit Cooperative'),
(266, 'casa'),
(267, ''),
(268, 'PUSO'),
(269, ''),
(270, 'Puso'),
(271, 'None'),
(272, 'HUSIQHS Inc.'),
(273, ''),
(274, 'HUSIQHS Inc.'),
(275, ''),
(276, ''),
(277, 'Puso'),
(278, ''),
(279, 'None'),
(280, ''),
(281, ''),
(282, ''),
(283, 'Puso'),
(284, 'None'),
(285, 'None'),
(286, ''),
(287, 'St. Michael Credit Cooperative'),
(288, 'None'),
(289, ''),
(290, 'HUSIQHS Inc.'),
(291, ''),
(292, 'St. Michael Credit Cooperative'),
(293, 'HUSIQHS Inc.'),
(294, 'None'),
(295, ''),
(296, 'None'),
(297, 'PUSO'),
(298, 'None'),
(299, 'St. Michael Credit Cooperative'),
(300, 'St. Michael Credit Cooperative'),
(301, 'None'),
(302, ''),
(303, 'None'),
(304, ''),
(305, 'None'),
(306, ''),
(307, 'None'),
(308, 'St. Michael Credit Cooperative'),
(309, 'None');

-- --------------------------------------------------------

--
-- Table structure for table `membersname`
--

CREATE TABLE IF NOT EXISTS `membersname` (
  `ControlNo` int(11) NOT NULL,
  `FirstName` varchar(45) NOT NULL,
  `LastName` varchar(45) NOT NULL,
  `MiddleName` varchar(45) NOT NULL,
  PRIMARY KEY (`ControlNo`),
  KEY `fk_MembersName_Members1_idx` (`ControlNo`)
) ENGINE=InnoDB DEFAULT CHARSET=utf8;

--
-- Dumping data for table `membersname`
--

INSERT INTO `membersname` (`ControlNo`, `FirstName`, `LastName`, `MiddleName`) VALUES
(1, 'Angela', 'Yap', 'Tiu'),
(2, 'Vergilia', 'Uy', 'Ngo'),
(3, 'Alaiza', 'Tiu', 'Cajilo'),
(4, 'Shane', 'Harvard', 'Harold'),
(5, 'Ingrid', 'Insigne', 'Signe'),
(6, 'Lyla', 'Lee', 'K'),
(7, 'Gaby', 'Riano', 'Riano'),
(8, 'Minseok', 'Kim', 'Lim'),
(9, 'Han', 'Kim', 'Bin'),
(10, 'Shin', 'hwan', 'jin'),
(11, 'John', 'Uy', 'Prince'),
(12, 'Roy', 'Vy', 'Ritche'),
(13, 'Josha', 'Lirios', 'Beth'),
(14, 'Marj', 'Balo', 'Jorie'),
(15, 'Char', 'Guiza', 'Lene'),
(16, 'Mar', 'Balo', 'Jorie'),
(17, 'Patrick', 'Sia', 'Shane'),
(18, 'Marc', 'Ngo', 'Evence'),
(19, 'Gen', 'Gara', 'Pearl'),
(20, 'Juvy', 'Go', 'Ann'),
(21, 'John', 'Tabon', 'Paul'),
(22, 'Chris', 'Castilo', 'Tine'),
(23, 'Shang', 'Liu', 'En'),
(24, 'Charl', 'Ba', 'Ama'),
(25, 'Marie', 'Cubio', 'Nel'),
(26, 'Maria', 'Lustre', 'Cass'),
(27, 'Damon', 'Santiago', 'Dee'),
(28, 'Aria', 'Sy', 'Marie'),
(29, 'Michael', 'Uy', 'Jeffrey'),
(30, 'Ronald', 'Sim', 'Benson'),
(31, 'Minnie', 'Bell', 'Mickey'),
(32, 'Rachel', 'Sy', 'Alexis'),
(33, 'Ryona', 'Sy', 'Allison'),
(34, 'Aileen', 'Tan', 'Joanna'),
(35, 'Jenny', 'Tan', 'Jenna'),
(36, 'Brad ', 'Lee', 'Pitt'),
(37, 'Belle', 'Lustre', 'Arielle'),
(38, 'Nadine', 'Go', 'Sam'),
(39, 'Samantha', 'Gosyco', 'Rae'),
(40, 'Janikka', 'Poe', 'Jay'),
(41, 'Honeylet', 'Ping', 'Jane'),
(42, 'Mulan', 'Ling', 'Mei'),
(43, 'Lala', 'Sie', 'Loop'),
(44, 'Polly', 'Dy', 'Molly'),
(46, 'Jong', 'Kim', 'Hyun'),
(47, 'Min', 'Choi', 'Ho'),
(48, 'Lu', 'Xing', 'Han'),
(49, 'Chan', 'Park', 'Yeol'),
(50, 'Min', 'Kim', 'Seok'),
(51, 'Baek', 'Byun', 'Hyun'),
(52, 'Se', 'Oh', 'Hun'),
(53, 'Kyung', 'Do', 'Soo'),
(54, 'Dong', 'Lee', 'Hae'),
(55, 'Ki', 'Kim', 'Bum'),
(56, 'Jong', 'Kim', 'Dae'),
(57, 'Jun', 'Kim', 'Myeon'),
(58, 'Zi', 'Huang', 'Tao'),
(59, 'Yi', 'Wu', 'Fan'),
(60, 'Jong', 'Kim', 'In'),
(61, 'Jin', 'Lee', 'Ki'),
(62, 'Taem', 'Lee', 'Min'),
(63, 'Stephanie', 'Uy', 'Anne'),
(64, 'Rosita', 'Go', 'Yang'),
(65, 'Ruby', 'Delgado', 'Elaine'),
(66, 'Sherwin', 'Vy', 'Mark'),
(67, 'Charles', 'Ngo', 'Emerson'),
(68, 'Sean', 'Ng', 'Uy'),
(69, 'Chad', 'Murray', 'Allan'),
(70, 'Las', 'Do', 'Tic'),
(71, 'Jen', 'Do', 'Nie'),
(72, 'Taylor', 'Taeo', 'Aames'),
(73, 'Ricky', 'Kim', 'Mandaerk'),
(74, 'Dexter', 'Sim', 'Dee'),
(75, 'Aileen', 'Uy', 'Chua'),
(76, 'Blossom', 'Utonion', 'Bell'),
(77, 'Buttercup', 'utonion', 'Bell'),
(78, 'Bubbles', 'Utonion', 'Bell'),
(79, 'Claudine', 'Baretto', 'Santos'),
(80, 'Gretchen', 'Baretto', 'Santos'),
(81, 'Julia', 'Baretto', 'Santos '),
(82, 'Aaron ', 'Uy', 'Chua'),
(83, 'Darren', 'Uy', 'Chua'),
(84, 'Abigail', 'Uy', 'Chua'),
(85, 'Sherry', 'Uy', 'Chua'),
(86, 'Sheila', 'Uy', 'Chua'),
(87, 'Susan', 'Uy', 'Chua'),
(88, 'Allan', 'Uy', 'Go'),
(89, 'Jessica', 'Yang', 'Go'),
(90, 'Rose', 'Yang', 'Go'),
(91, 'Alice', 'Tan', 'Uy'),
(92, 'Jenny', 'Tan', 'Uy'),
(93, 'Quintin', 'Tan', 'Lim'),
(94, 'Raymund', 'Uy', 'Sim'),
(95, 'Bryan', 'Uy', 'Sim'),
(96, 'Ricci', 'Sy', 'Uy'),
(97, 'Aames', 'Sy', 'Uy'),
(98, 'Joseph', 'Cu', 'Uy'),
(99, 'Jeffrey', 'Cu', 'Uy'),
(100, 'Anne', 'Cu', 'Uy'),
(101, 'Joy', 'Cu', 'Uy'),
(102, 'George', 'Go', 'Uy'),
(103, 'Jackson', 'Go', 'Uy'),
(104, 'Roque', 'Go', 'Uy'),
(105, 'Heidi', 'Lim', 'Lee'),
(106, 'Haydee', 'Lim', 'Lee'),
(107, 'Maria', 'Reyes', 'Corazon'),
(108, 'Manolo', 'Reyes', 'Corazon'),
(109, 'Joaquin', 'Reyes', 'Corazon'),
(110, 'La Muerte', 'Reyes', 'Corazon'),
(111, 'Sheryl', 'Vy', 'Japson'),
(112, 'Mitch', 'Vy', 'Japson'),
(113, 'Shermaine', 'Vy', 'Japson'),
(114, 'Marie', 'Vy', 'Japson'),
(115, 'Shirley', 'Vy', 'Japson'),
(116, 'Mae', 'Japson', 'Vy'),
(117, 'Shiela', 'Japson', 'Vy'),
(211, 'Joyce', 'De Vera', 'Tan'),
(212, 'Meryll', 'Abaya', 'Velasco'),
(213, 'John Jay', 'Binloc', 'Acosta'),
(214, 'Erika Kaye', 'Decena', 'Cruz'),
(215, 'Katrina Tricia', 'Herrero', 'Enriquez'),
(217, 'Shaira', 'Pioquinta', 'Diokno'),
(219, 'Jaycee Mae', 'Perez', 'Ignacio'),
(220, 'Adrienne', 'Galapon', 'Chua'),
(221, 'Sammy', 'Isidoro', 'Desiderio'),
(222, 'Ofelia', 'Ortiz', 'Guadalupe'),
(223, 'Luis', 'De Leon', 'Santiago'),
(224, 'Ma. Carmen', 'Garcia', 'Cuervo'),
(225, 'Ofelia', 'Amonte', 'Avelino'),
(226, 'Arnold', 'Navarro', 'Cerezo'),
(227, 'Kristian Mae', 'Tabadero', 'Lacson'),
(228, 'Bryann', 'Dispo', 'Zaplan'),
(230, 'Benedict', 'Escobar', 'Aurello'),
(231, 'Jane Natasha', 'Alcaraz', 'Carreon'),
(232, 'Ella Faye', 'Cruz', 'Fernando'),
(233, 'Keira Mae', 'Inigo', 'Manuyag'),
(234, 'Inigo', 'Ungco', 'Villacorta'),
(235, 'Gwen Stefan', 'Maron', 'Torio'),
(236, 'Jamzy Blake', 'Siapno', 'Domalanta'),
(237, 'Chriselle', 'Pascual', 'Gajo'),
(238, 'Monaliza', 'Dendiego', 'Nerida'),
(239, 'Abigail Mae', 'Siy', 'Tuazon'),
(240, 'Alpheus', 'Novido', 'Samson'),
(241, 'Neri', 'Panopio', 'Faye'),
(242, 'Donna', 'Lim', 'Silang'),
(243, 'Mariz', 'Vy', 'Japson'),
(244, 'Jose', 'Perez', 'Agustin'),
(245, 'Mark', 'Ng', 'Ang'),
(246, 'Sherwin', 'Ng', 'Ang'),
(247, 'Shaynne', 'Mejia', 'Villanueva'),
(248, 'Anna', 'Siongco', 'Pagal'),
(249, 'Shane', 'Ng', 'Ang'),
(250, 'Almon', 'Santoalla', 'Tiangson'),
(251, 'Shara', 'Ng', 'Ang'),
(252, 'Jonah Bon', 'Estrada', 'Reano'),
(253, 'Jayson', 'Reyes', 'Garcia'),
(254, 'Clarence', 'Insigne', 'Dela Cruz'),
(255, 'Jeremy', 'Reyes', 'Garcia'),
(257, 'Elena', 'Reyes', 'Garcia'),
(258, 'Arielle', 'Fernandez', 'Ramirez'),
(259, 'Patricia', 'De Vera', 'Canero'),
(260, 'Dean', 'Winchester', 'Pena'),
(261, 'Kelly', 'Geronimo', 'Gajo'),
(262, 'Abigail Mae', 'Alcaraz', 'Ramirez'),
(263, 'Sam', 'Winchester', 'Pena'),
(264, 'George', 'Dublon', 'Andrey'),
(265, 'Nikki Erica', 'Tamayo', 'Gabrillo'),
(266, 'Aileen', 'Reyes', 'Tan'),
(267, 'Luis', 'Sto. Domingo', 'Reyes'),
(268, 'Margarette', 'Morales', 'Gaddi'),
(269, 'Jolo', 'Navidad', 'Pagal'),
(270, 'Meryll', 'Dendiego', 'Samson'),
(271, 'Keira Mae', 'Ortiz', 'Santiago'),
(272, 'Aleck', 'Hudino', 'Delevigne'),
(273, 'Hazel', 'Castro', 'Merin'),
(274, 'Dawn Jay', 'Isidoro', 'Fernando'),
(275, 'Bryann', 'Garcia', 'Torio'),
(276, 'Clarence', 'Amonte', 'Acosta'),
(277, 'Ma. Abigail', 'Gabrillo', 'Tuazon'),
(278, 'Perla Jane', 'Gaena', 'Jiano'),
(279, 'Ella Faye', 'Mejia', 'Villanueva'),
(280, 'Jamzy Blake', 'Cendreda', 'Villegas'),
(281, 'Kathrine', 'Sison', 'Bernasor'),
(282, 'Gene John', 'Cruz', 'Carreon'),
(283, 'Cara', 'Manalo', 'Ruiz'),
(284, 'William', 'Padua', 'Dy'),
(285, 'Benedict', 'Padua', 'Dy'),
(286, 'Anna', 'Sto. Domingo', 'Nerida'),
(287, 'Adrienne', 'Reyes', 'Manuyag'),
(288, 'Camille', 'Bacsa', 'Diwa'),
(289, 'Jennifer', 'Cruz', 'Esmenda'),
(290, 'Danielle', 'Yu', 'Ringor'),
(291, 'Samuel', 'Alcaraz', 'Dion'),
(292, 'Lara', 'Erlano', 'Acevedo'),
(293, 'Ramon Jose', 'Opiniano', 'Dimaculangan'),
(294, 'Fred', 'Lim', 'Diwa'),
(295, 'Joyce', 'Yap', 'Nerida'),
(296, 'Julie', 'Yu', 'Young'),
(297, 'Christine Mae', 'Improgo', 'Reyes'),
(298, 'Jude', 'Ubalde', 'Montano'),
(299, 'John Jay', 'Frianeza', 'Roque'),
(300, 'Alyssa', 'Carino', 'Concepcion'),
(301, 'Yves', 'Yu', 'Young'),
(302, 'Amiel Jay', 'Lu', 'Castro'),
(303, 'Victoria', 'Cu', 'Montano'),
(304, 'Nicole', 'Yu', 'Onga'),
(305, 'Sophia', 'Cu', 'Montano'),
(306, 'Gwen', 'Balbiran', 'Torio'),
(307, 'Mariane', 'Ausa', 'Manalo'),
(308, 'William', 'Libiran', 'Adrian'),
(309, 'Cholo', 'Guy', 'Manalo');

-- --------------------------------------------------------

--
-- Table structure for table `membersorganization`
--

CREATE TABLE IF NOT EXISTS `membersorganization` (
  `ControlNo` int(11) NOT NULL,
  `Organization` varchar(40) NOT NULL,
  `Position` varchar(45) NOT NULL,
  PRIMARY KEY (`ControlNo`,`Organization`),
  KEY `fk_MembersOrganization_Members1_idx` (`ControlNo`)
) ENGINE=InnoDB DEFAULT CHARSET=utf8;

--
-- Dumping data for table `membersorganization`
--

INSERT INTO `membersorganization` (`ControlNo`, `Organization`, `Position`) VALUES
(1, 'Green and White', 'Member'),
(2, 'Green and White', 'Member'),
(3, 'Blue and White', 'Member'),
(4, 'Hapzan', 'Member'),
(5, 'Green and White', 'Member'),
(6, 'Microsoft', 'Member'),
(7, 'org1', 'manager'),
(8, 'none', 'none'),
(9, 'none', 'none'),
(10, 'none', 'none'),
(11, 'Tacloban Christian Church', 'Band Member'),
(12, 'Tacloban Christian Church', 'Band Member'),
(13, 'Tacloban Christian Church', 'Band Member'),
(14, 'Tacloban Christian Church', 'Band Member'),
(15, 'Tacloban Christian Church', 'Band Member'),
(16, 'Tacloban Christian Church', 'Band Member'),
(17, 'Tacloban Christian Church', 'Band Member'),
(18, 'Tacloban Christian Church', 'Band Member'),
(19, 'Tacloban Christian Church', 'Band Member'),
(20, 'Tacloban Christian Church', 'Band Member'),
(21, 'Tacloban Christian Church', 'Band Member'),
(22, 'Tacloban Christian Church', 'Band Member'),
(23, 'Tacloban Christian Church', 'Band Member'),
(24, 'Tacloban Christian Church', 'Band Member'),
(25, 'Tacloban Christian Church', 'Band Member'),
(26, 'Tacloban Christian Church', 'Band Member'),
(27, 'Tacloban Christian Church', 'Member'),
(28, 'Tacloban Christian Church', 'Member'),
(29, 'Tacloban Christian Church', 'Member'),
(30, 'Tacloban Christian Church', 'Member'),
(31, 'Tacloban Christian Church', 'Member'),
(32, 'Tacloban Christian Church', 'Member'),
(33, 'Tacloban Christian Church', 'Member'),
(34, 'Tacloban Christian Church', 'Member'),
(35, 'Tacloban Christian Church', 'Member'),
(36, 'Tacloban Christian Church', 'Member'),
(37, 'Tacloban Christian Church', 'Member'),
(38, 'Tacloban Christian Church', 'Member'),
(39, 'Tacloban Christian Church', 'Member'),
(40, 'Tacloban Christian Church', 'Member'),
(41, 'Tacloban Christian Church', 'Member'),
(42, 'Tacloban Christian Church', 'Member'),
(43, 'Tacloban Christian Church', 'Member'),
(44, 'Tacloban Christian Church', 'Member'),
(46, 'Tacloban Christian Church', 'Member'),
(47, 'Tacloban Christian Church', 'Member'),
(48, 'Tacloban Christian Church', 'Member'),
(49, 'Tacloban Christian Church', 'Band Member'),
(50, 'Tacloban Christian Church', 'Member'),
(51, 'Tacloban Christian Church', 'Member'),
(52, 'Tacloban Christian Church', 'Member'),
(53, 'Tacloban Christian Church', 'Member'),
(54, 'Tacloban Christian Church', 'Member'),
(55, 'Tacloban Christian Church', 'Member'),
(56, 'Tacloban Christian Church', 'Member'),
(57, 'Tacloban Christian Church', 'Member'),
(58, 'Tacloban Christian Church', 'Member'),
(59, 'Tacloban Christian Church', 'Member'),
(60, 'Tacloban Christian Church', 'Member'),
(61, 'Tacloban Christian Church', 'Member'),
(62, 'Tacloban Christian Church', 'Member'),
(63, 'Tacloban Christian Church', 'Member'),
(64, 'Tacloban Christian Church', 'Member'),
(65, 'Tacloban Christian Church', 'Member'),
(66, 'Tacloban Christian Church', 'Member'),
(67, 'Tacloban Christian Church', 'Member'),
(68, 'Tacloban Christian Church', 'Member'),
(69, 'Tacloban Christian Church', 'Member'),
(70, 'Tacloban Christian Church', 'Member'),
(71, 'Tacloban Christian Church', 'Member'),
(72, 'Tacloban Christian Church', 'Member'),
(73, 'Tacloban Christian Church', 'Member'),
(74, 'Tacloban Christian Church', 'Member'),
(75, 'Noneu', 'None'),
(76, 'Tacloban Christian Church', 'Member'),
(77, 'Tacloban Christian Church', 'Member'),
(78, 'Tacloban Christian Church', 'Member'),
(79, 'Tacloban Christian Church', 'Member'),
(80, 'Tacloban Christian Church', 'Member'),
(81, 'Tacloban Christian Church', 'Member'),
(82, 'Tacloban Christian Church', 'Member'),
(83, 'Tacloban Christian Church', 'Member'),
(84, 'Tacloban Christian Church', 'Member'),
(85, 'Tacloban Christian Church', 'Member'),
(86, 'Tacloban Christian Church', 'Member'),
(87, 'Tacloban Christian Church', 'Member'),
(88, 'Tacloban Christian Church', 'Member'),
(89, 'Tacloban Christian Church', 'Member'),
(90, 'Tacloban Christian Church', 'Member'),
(91, 'Tacloban Christian Church', 'Member'),
(92, 'Tacloban Christian Church', 'Member'),
(93, 'Tacloban Christian Church', 'Member'),
(94, 'Tacloban Christian Church', 'Member'),
(95, 'Tacloban Christian Church', 'Member'),
(96, 'Tacloban Christian Church', 'Member'),
(97, 'Tacloban Christian Church', 'Member'),
(98, 'Tacloban Christian Church', 'Member'),
(99, 'Tacloban Christian Church', 'Member'),
(100, 'Tacloban Christian Church', 'Member'),
(101, 'Tacloban Christian Church', 'Member'),
(102, 'Tacloban Christian Church', 'Member'),
(103, 'Tacloban Christian Church', 'Member'),
(104, 'Tacloban Christian Church', 'Member'),
(105, 'Tacloban Christian Church', 'Member'),
(106, 'Tacloban Christian Church', 'Member'),
(107, 'Tacloban Christian Church', 'Member'),
(108, 'Tacloban Christian Church', 'Member'),
(109, 'Tacloban Christian Church', 'Member'),
(110, 'Tacloban Christian Church', 'Member'),
(111, 'Tacloban Christian Church', 'Member'),
(112, 'Tacloban Christian Church', 'Member'),
(113, 'Tacloban Christian Church', 'Member'),
(114, 'Tacloban Christian Church', 'Member'),
(115, 'Tacloban Christian Church', 'Member'),
(116, 'Tacloban Christian Church', 'Member'),
(117, 'Tacloban Christian Church', 'Member'),
(211, '', ''),
(212, '', ''),
(213, '', ''),
(214, '', ''),
(215, '', ''),
(217, '', ''),
(219, '', ''),
(220, '', ''),
(221, '', ''),
(222, '', ''),
(223, '', ''),
(224, '', ''),
(225, '', ''),
(226, '', ''),
(227, '', ''),
(228, '', ''),
(230, '', ''),
(231, '', ''),
(232, '', ''),
(233, '', ''),
(234, '', ''),
(235, '', ''),
(236, '', ''),
(237, '', ''),
(238, '', ''),
(239, '', ''),
(240, '', ''),
(241, '', ''),
(242, 'Antipolo Church', 'Usher'),
(243, 'Tacloban Christian Church', 'Member'),
(244, 'Antipolo Church', 'Usher'),
(245, 'Tacloban Christian Church', 'Member'),
(246, 'Tacloban Christian Church', 'Member'),
(247, '', ''),
(248, '', ''),
(249, 'Tacloban Christian Church', 'Member'),
(250, '', ''),
(251, 'Tacloban Christian Church', 'Member'),
(252, '', ''),
(253, 'Tacloban Christian Church', 'Member'),
(254, '', ''),
(255, 'Tacloban Christian Church', 'Member'),
(257, 'Tacloban Christian Church', 'Member'),
(258, '', ''),
(259, 'org1', 'usher'),
(260, 'Tacloban Christian Church', 'Member'),
(261, '', ''),
(262, '', ''),
(263, 'Tacloban Christian Church', 'Member'),
(264, '', ''),
(265, '', ''),
(266, 'Antipolo Church', 'treasurer'),
(267, 'Antipolo Church', 'manager'),
(268, '', ''),
(269, '', ''),
(270, 'org1', 'member'),
(271, '', ''),
(272, '', ''),
(273, '', ''),
(274, '', ''),
(275, '', ''),
(276, '', ''),
(277, '', ''),
(278, '', ''),
(279, '', ''),
(280, '', ''),
(281, '', ''),
(282, '', ''),
(283, 'org1', 'usher'),
(284, 'Tacloban Christian Church', 'Member'),
(285, 'Tacloban Christian Church', 'Member'),
(286, '', ''),
(287, '', ''),
(288, 'Tacloban Christian Church', 'Member'),
(289, '', ''),
(290, 'Antipolo Church', 'Usher'),
(291, '', ''),
(292, '', ''),
(293, '', ''),
(294, 'Tacloban Christian Church', 'Member'),
(295, '', ''),
(296, 'Tacloban Christian Church', 'Member'),
(297, '', ''),
(298, 'Tacloban Christian Church', 'Member'),
(299, 'org1', 'Usher'),
(300, '', ''),
(301, 'Tacloban Christian Church', 'Member'),
(302, '', ''),
(303, 'Tacloban Christian Church', 'Member'),
(304, '', ''),
(305, 'Tacloban Christian Church', 'Member'),
(306, '', ''),
(307, 'Tacloban Christian Church', 'Member'),
(308, '', ''),
(309, 'Tacloban Christian Church', 'Member');

-- --------------------------------------------------------

--
-- Table structure for table `memberspicture`
--

CREATE TABLE IF NOT EXISTS `memberspicture` (
  `ControlNo` int(11) NOT NULL,
  `Picture` varchar(1000) NOT NULL,
  PRIMARY KEY (`ControlNo`),
  KEY `fk_MembersPicture_Members1_idx` (`ControlNo`)
) ENGINE=InnoDB DEFAULT CHARSET=utf8;

--
-- Dumping data for table `memberspicture`
--

INSERT INTO `memberspicture` (`ControlNo`, `Picture`) VALUES
(1, 'ids/images.jpg'),
(2, 'ids/images.jpg'),
(3, 'ids/npa_vorne.jpg'),
(4, 'ids/download.jpg'),
(5, 'ids/npa_vorne.jpg'),
(6, 'ids/npa_vorne.jpg'),
(7, 'ids/BgqM3t9IYAAzsaX.png'),
(8, 'ids/Screen shot 2013-09-09 at 11.13.09 PM.png'),
(9, 'ids/anigif_enhanced-27850-1413138496-1.gif'),
(10, 'ids/new_drivers_license.gif'),
(11, 'ids/7186076977_f1ae9e53f3.jpg'),
(12, 'ids/7186076977_f1ae9e53f3.jpg'),
(13, 'ids/SSS-ID.jpg'),
(14, 'ids/7186076977_f1ae9e53f3.jpg'),
(15, 'ids/SSS-ID.jpg'),
(16, 'ids/SSS-ID.jpg'),
(17, 'ids/7186076977_f1ae9e53f3.jpg'),
(18, 'ids/7186076977_f1ae9e53f3.jpg'),
(19, 'ids/SSS-ID.jpg'),
(20, 'ids/SSS-ID.jpg'),
(21, 'ids/7186076977_f1ae9e53f3.jpg'),
(22, 'ids/SSS-ID.jpg'),
(23, 'ids/SSS-ID.jpg'),
(24, 'ids/7186076977_f1ae9e53f3.jpg'),
(25, 'ids/SSS-ID.jpg'),
(26, 'ids/SSS-ID.jpg'),
(27, 'ids/7186076977_f1ae9e53f3.jpg'),
(28, 'ids/SSS-ID.jpg'),
(29, 'ids/7186076977_f1ae9e53f3.jpg'),
(30, 'ids/7186076977_f1ae9e53f3.jpg'),
(31, 'ids/SSS-ID.jpg'),
(32, 'ids/SSS-ID.jpg'),
(33, 'ids/SSS-ID.jpg'),
(34, 'ids/SSS-ID.jpg'),
(35, 'ids/SSS-ID.jpg'),
(36, 'ids/7186076977_f1ae9e53f3.jpg'),
(37, 'ids/SSS-ID.jpg'),
(38, 'ids/SSS-ID.jpg'),
(39, 'ids/SSS-ID.jpg'),
(40, 'ids/SSS-ID.jpg'),
(41, 'ids/SSS-ID.jpg'),
(42, 'ids/SSS-ID.jpg'),
(43, 'ids/SSS-ID.jpg'),
(44, 'ids/SSS-ID.jpg'),
(46, 'ids/7186076977_f1ae9e53f3.jpg'),
(47, 'ids/7186076977_f1ae9e53f3.jpg'),
(48, 'ids/7186076977_f1ae9e53f3.jpg'),
(49, 'ids/7186076977_f1ae9e53f3.jpg'),
(50, 'ids/7186076977_f1ae9e53f3.jpg'),
(51, 'ids/7186076977_f1ae9e53f3.jpg'),
(52, 'ids/7186076977_f1ae9e53f3.jpg'),
(53, 'ids/7186076977_f1ae9e53f3.jpg'),
(54, 'ids/7186076977_f1ae9e53f3.jpg'),
(55, 'ids/7186076977_f1ae9e53f3.jpg'),
(56, 'ids/7186076977_f1ae9e53f3.jpg'),
(57, 'ids/7186076977_f1ae9e53f3.jpg'),
(58, 'ids/7186076977_f1ae9e53f3.jpg'),
(59, 'ids/7186076977_f1ae9e53f3.jpg'),
(60, 'ids/7186076977_f1ae9e53f3.jpg'),
(61, 'ids/7186076977_f1ae9e53f3.jpg'),
(62, 'ids/7186076977_f1ae9e53f3.jpg'),
(63, 'ids/7186076977_f1ae9e53f3.jpg'),
(64, 'ids/SSS-ID.jpg'),
(65, 'ids/SSS-ID.jpg'),
(66, 'ids/7186076977_f1ae9e53f3.jpg'),
(67, 'ids/7186076977_f1ae9e53f3.jpg'),
(68, 'ids/7186076977_f1ae9e53f3.jpg'),
(69, 'ids/7186076977_f1ae9e53f3.jpg'),
(70, 'ids/SSS-ID.jpg'),
(71, 'ids/7186076977_f1ae9e53f3.jpg'),
(72, 'ids/7186076977_f1ae9e53f3.jpg'),
(73, 'ids/7186076977_f1ae9e53f3.jpg'),
(74, 'ids/7186076977_f1ae9e53f3.jpg'),
(75, 'ids/7186076977_f1ae9e53f3.jpg'),
(76, 'ids/7186076977_f1ae9e53f3.jpg'),
(77, 'ids/SSS-ID.jpg'),
(78, 'ids/SSS-ID.jpg'),
(79, 'ids/SSS-ID.jpg'),
(80, 'ids/SSS-ID.jpg'),
(81, 'ids/SSS-ID.jpg'),
(82, 'ids/7186076977_f1ae9e53f3.jpg'),
(83, 'ids/7186076977_f1ae9e53f3.jpg'),
(84, 'ids/7186076977_f1ae9e53f3.jpg'),
(85, 'ids/SSS-ID.jpg'),
(86, 'ids/7186076977_f1ae9e53f3.jpg'),
(87, 'ids/SSS-ID.jpg'),
(88, 'ids/7186076977_f1ae9e53f3.jpg'),
(89, 'ids/SSS-ID.jpg'),
(90, 'ids/7186076977_f1ae9e53f3.jpg'),
(91, 'ids/SSS-ID.jpg'),
(92, 'ids/SSS-ID.jpg'),
(93, 'ids/7186076977_f1ae9e53f3.jpg'),
(94, 'ids/7186076977_f1ae9e53f3.jpg'),
(95, 'ids/7186076977_f1ae9e53f3.jpg'),
(96, 'ids/7186076977_f1ae9e53f3.jpg'),
(97, 'ids/7186076977_f1ae9e53f3.jpg'),
(98, 'ids/7186076977_f1ae9e53f3.jpg'),
(99, 'ids/7186076977_f1ae9e53f3.jpg'),
(100, 'ids/SSS-ID.jpg'),
(101, 'ids/7186076977_f1ae9e53f3.jpg'),
(102, 'ids/7186076977_f1ae9e53f3.jpg'),
(103, 'ids/7186076977_f1ae9e53f3.jpg'),
(104, 'ids/7186076977_f1ae9e53f3.jpg'),
(105, 'ids/SSS-ID.jpg'),
(106, 'ids/SSS-ID.jpg'),
(107, 'ids/SSS-ID.jpg'),
(108, 'ids/7186076977_f1ae9e53f3.jpg'),
(109, 'ids/7186076977_f1ae9e53f3.jpg'),
(110, 'ids/7186076977_f1ae9e53f3.jpg'),
(111, 'ids/7186076977_f1ae9e53f3.jpg'),
(112, 'ids/SSS-ID.jpg'),
(113, 'ids/7186076977_f1ae9e53f3.jpg'),
(114, 'ids/SSS-ID.jpg'),
(115, 'ids/SSS-ID.jpg'),
(116, 'ids/SSS-ID.jpg'),
(117, 'ids/SSS-ID.jpg'),
(211, 'ids/voterID_8-2012.jpg'),
(212, 'ids/SSS-ID.jpg'),
(213, 'ids/7186076977_f1ae9e53f3.jpg'),
(214, 'ids/SSS-ID.jpg'),
(215, 'ids/voterID_8-2012.jpg'),
(217, 'ids/voterID_8-2012.jpg'),
(219, 'ids/SSS-ID.jpg'),
(220, 'ids/7186076977_f1ae9e53f3.jpg'),
(221, 'ids/7186076977_f1ae9e53f3.jpg'),
(222, 'ids/SSS-ID.jpg'),
(223, 'ids/7186076977_f1ae9e53f3.jpg'),
(224, 'ids/voterID_8-2012.jpg'),
(225, 'ids/voterID_8-2012.jpg'),
(226, 'ids/7186076977_f1ae9e53f3.jpg'),
(227, 'ids/7186076977_f1ae9e53f3.jpg'),
(228, 'ids/7186076977_f1ae9e53f3.jpg'),
(230, 'ids/7186076977_f1ae9e53f3.jpg'),
(231, 'ids/voterID_8-2012.jpg'),
(232, 'ids/voterID_8-2012.jpg'),
(233, 'ids/SSS-ID.jpg'),
(234, 'ids/7186076977_f1ae9e53f3.jpg'),
(235, 'ids/7186076977_f1ae9e53f3.jpg'),
(236, 'ids/7186076977_f1ae9e53f3.jpg'),
(237, 'ids/7186076977_f1ae9e53f3.jpg'),
(238, 'ids/7186076977_f1ae9e53f3.jpg'),
(239, 'ids/SSS-ID.jpg'),
(240, 'ids/7186076977_f1ae9e53f3.jpg'),
(241, 'ids/SSS-ID.jpg'),
(242, 'ids/SSS-ID.jpg'),
(243, 'ids/SSS-ID.jpg'),
(244, 'ids/SSS-ID.jpg'),
(245, 'ids/7186076977_f1ae9e53f3.jpg'),
(246, 'ids/7186076977_f1ae9e53f3.jpg'),
(247, 'ids/SSS-ID.jpg'),
(248, 'ids/SSS-ID.jpg'),
(249, 'ids/7186076977_f1ae9e53f3.jpg'),
(250, 'ids/voterID_8-2012.jpg'),
(251, 'ids/SSS-ID.jpg'),
(252, 'ids/voterID_8-2012.jpg'),
(253, 'ids/7186076977_f1ae9e53f3.jpg'),
(254, 'ids/7186076977_f1ae9e53f3.jpg'),
(255, 'ids/7186076977_f1ae9e53f3.jpg'),
(257, 'ids/7186076977_f1ae9e53f3.jpg'),
(258, 'ids/SSS-ID.jpg'),
(259, 'ids/SSS-ID.jpg'),
(260, 'ids/7186076977_f1ae9e53f3.jpg'),
(261, 'ids/SSS-ID.jpg'),
(262, 'ids/7186076977_f1ae9e53f3.jpg'),
(263, 'ids/7186076977_f1ae9e53f3.jpg'),
(264, 'ids/7186076977_f1ae9e53f3.jpg'),
(265, 'ids/SSS-ID.jpg'),
(266, 'ids/7186076977_f1ae9e53f3.jpg'),
(267, 'ids/7186076977_f1ae9e53f3.jpg'),
(268, 'ids/SSS-ID.jpg'),
(269, 'ids/7186076977_f1ae9e53f3.jpg'),
(270, 'ids/SSS-ID.jpg'),
(271, 'ids/SSS-ID.jpg'),
(272, 'ids/7186076977_f1ae9e53f3.jpg'),
(273, 'ids/7186076977_f1ae9e53f3.jpg'),
(274, 'ids/7186076977_f1ae9e53f3.jpg'),
(275, 'ids/7186076977_f1ae9e53f3.jpg'),
(276, 'ids/SSS-ID.jpg'),
(277, 'ids/SSS-ID.jpg'),
(278, 'ids/7186076977_f1ae9e53f3.jpg'),
(279, 'ids/7186076977_f1ae9e53f3.jpg'),
(280, 'ids/SSS-ID.jpg'),
(281, 'ids/SSS-ID.jpg'),
(282, 'ids/voterID_8-2012.jpg'),
(283, 'ids/7186076977_f1ae9e53f3.jpg'),
(284, 'ids/7186076977_f1ae9e53f3.jpg'),
(285, 'ids/7186076977_f1ae9e53f3.jpg'),
(286, 'ids/7186076977_f1ae9e53f3.jpg'),
(287, 'ids/7186076977_f1ae9e53f3.jpg'),
(288, 'ids/SSS-ID.jpg'),
(289, 'ids/voterID_8-2012.jpg'),
(290, 'ids/SSS-ID.jpg'),
(291, 'ids/SSS-ID.jpg'),
(292, 'ids/7186076977_f1ae9e53f3.jpg'),
(293, 'ids/7186076977_f1ae9e53f3.jpg'),
(294, 'ids/7186076977_f1ae9e53f3.jpg'),
(295, 'ids/SSS-ID.jpg'),
(296, 'ids/SSS-ID.jpg'),
(297, 'ids/7186076977_f1ae9e53f3.jpg'),
(298, 'ids/7186076977_f1ae9e53f3.jpg'),
(299, 'ids/SSS-ID.jpg'),
(300, 'ids/7186076977_f1ae9e53f3.jpg'),
(301, 'ids/7186076977_f1ae9e53f3.jpg'),
(302, 'ids/7186076977_f1ae9e53f3.jpg'),
(303, 'ids/SSS-ID.jpg'),
(304, 'ids/SSS-ID.jpg'),
(305, 'ids/SSS-ID.jpg'),
(306, 'ids/SSS-ID.jpg'),
(307, 'ids/SSS-ID.jpg'),
(308, 'ids/7186076977_f1ae9e53f3.jpg'),
(309, 'ids/7186076977_f1ae9e53f3.jpg');

-- --------------------------------------------------------

--
-- Table structure for table `memberssignature`
--

CREATE TABLE IF NOT EXISTS `memberssignature` (
  `ControlNo` int(11) NOT NULL,
  `Signature` varchar(1000) NOT NULL,
  PRIMARY KEY (`ControlNo`),
  KEY `fk_MembersSigniture_Members1_idx` (`ControlNo`)
) ENGINE=InnoDB DEFAULT CHARSET=utf8;

--
-- Dumping data for table `memberssignature`
--

INSERT INTO `memberssignature` (`ControlNo`, `Signature`) VALUES
(1, 'signatures/download (1).jpg'),
(2, 'signatures/download.jpg'),
(3, 'signatures/download.jpg'),
(4, 'signatures/npa_vorne.jpg'),
(5, 'signatures/download (1).jpg'),
(6, 'signatures/download (1).jpg'),
(7, 'signatures/Capture.PNG'),
(8, 'signatures/Screen shot 2013-08-03 at 12.47.03 AM.png'),
(9, 'signatures/Bz0zGibCEAAqi6b.jpg'),
(10, 'signatures/barangay-clearance-construction-house.jpg'),
(11, 'signatures/barangay-clearance-construction-house.jpg'),
(12, 'signatures/barangay-clearance-construction-house.jpg'),
(13, 'signatures/barangay-clearance-construction-house.jpg'),
(14, 'signatures/barangay-clearance-construction-house.jpg'),
(15, 'signatures/barangay-clearance-construction-house.jpg'),
(16, 'signatures/barangay-clearance-construction-house.jpg'),
(17, 'signatures/barangay-clearance-construction-house.jpg'),
(18, 'signatures/barangay-clearance-construction-house.jpg'),
(19, 'signatures/barangay-clearance-construction-house.jpg'),
(20, 'signatures/barangay-clearance-construction-house.jpg'),
(21, 'signatures/barangay-clearance-construction-house.jpg'),
(22, 'signatures/barangay-clearance-construction-house.jpg'),
(23, 'signatures/barangay-clearance-construction-house.jpg'),
(24, 'signatures/barangay-clearance-construction-house.jpg'),
(25, 'signatures/barangay-clearance-construction-house.jpg'),
(26, 'signatures/barangay-clearance-construction-house.jpg'),
(27, 'signatures/barangay-clearance-construction-house.jpg'),
(28, 'signatures/barangay-clearance-construction-house.jpg'),
(29, 'signatures/barangay-clearance-construction-house.jpg'),
(30, 'signatures/barangay-clearance-construction-house.jpg'),
(31, 'signatures/barangay-clearance-construction-house.jpg'),
(32, 'signatures/barangay-clearance-construction-house.jpg'),
(33, 'signatures/barangay-clearance-construction-house.jpg'),
(34, 'signatures/barangay-clearance-construction-house.jpg'),
(35, 'signatures/barangay-clearance-construction-house.jpg'),
(36, 'signatures/barangay-clearance-construction-house.jpg'),
(37, 'signatures/barangay-clearance-construction-house.jpg'),
(38, 'signatures/barangay-clearance-construction-house.jpg'),
(39, 'signatures/barangay-clearance-construction-house.jpg'),
(40, 'signatures/barangay-clearance-construction-house.jpg'),
(41, 'signatures/barangay-clearance-construction-house.jpg'),
(42, 'signatures/barangay-clearance-construction-house.jpg'),
(43, 'signatures/barangay-clearance-construction-house.jpg'),
(44, 'signatures/barangay-clearance-construction-house.jpg'),
(46, 'signatures/barangay-clearance-construction-house.jpg'),
(47, 'signatures/barangay-clearance-construction-house.jpg'),
(48, 'signatures/barangay-clearance-construction-house.jpg'),
(49, 'signatures/barangay-clearance-construction-house.jpg'),
(50, 'signatures/barangay-clearance-construction-house.jpg'),
(51, 'signatures/barangay-clearance-construction-house.jpg'),
(52, 'signatures/barangay-clearance-construction-house.jpg'),
(53, 'signatures/barangay-clearance-construction-house.jpg'),
(54, 'signatures/barangay-clearance-construction-house.jpg'),
(55, 'signatures/barangay-clearance-construction-house.jpg'),
(56, 'signatures/barangay-clearance-construction-house.jpg'),
(57, 'signatures/barangay-clearance-construction-house.jpg'),
(58, 'signatures/barangay-clearance-construction-house.jpg'),
(59, 'signatures/barangay-clearance-construction-house.jpg'),
(60, 'signatures/barangay-clearance-construction-house.jpg'),
(61, 'signatures/barangay-clearance-construction-house.jpg'),
(62, 'signatures/barangay-clearance-construction-house.jpg'),
(63, 'signatures/barangay-clearance-construction-house.jpg'),
(64, 'signatures/barangay-clearance-construction-house.jpg'),
(65, 'signatures/barangay-clearance-construction-house.jpg'),
(66, 'signatures/barangay-clearance-construction-house.jpg'),
(67, 'signatures/barangay-clearance-construction-house.jpg'),
(68, 'signatures/barangay-clearance-construction-house.jpg'),
(69, 'signatures/barangay-clearance-construction-house.jpg'),
(70, 'signatures/barangay-clearance-construction-house.jpg'),
(71, 'signatures/barangay-clearance-construction-house.jpg'),
(72, 'signatures/barangay-clearance-construction-house.jpg'),
(73, 'signatures/barangay-clearance-construction-house.jpg'),
(74, 'signatures/barangay-clearance-construction-house.jpg'),
(75, 'signatures/Bgy Clearance.jpg'),
(76, 'signatures/barangay-clearance-construction-house.jpg'),
(77, 'signatures/barangay-clearance-construction-house.jpg'),
(78, 'signatures/barangay-clearance-construction-house.jpg'),
(79, 'signatures/barangay-clearance-construction-house.jpg'),
(80, 'signatures/barangay-clearance-construction-house.jpg'),
(81, 'signatures/barangay-clearance-construction-house.jpg'),
(82, 'signatures/barangay-clearance-construction-house.jpg'),
(83, 'signatures/barangay-clearance-construction-house.jpg'),
(84, 'signatures/barangay-clearance-construction-house.jpg'),
(85, 'signatures/barangay-clearance-construction-house.jpg'),
(86, 'signatures/barangay-clearance-construction-house.jpg'),
(87, 'signatures/barangay-clearance-construction-house.jpg'),
(88, 'signatures/barangay-clearance-construction-house.jpg'),
(89, 'signatures/barangay-clearance-construction-house.jpg'),
(90, 'signatures/barangay-clearance-construction-house.jpg'),
(91, 'signatures/barangay-clearance-construction-house.jpg'),
(92, 'signatures/barangay-clearance-construction-house.jpg'),
(93, 'signatures/barangay-clearance-construction-house.jpg'),
(94, 'signatures/barangay-clearance-construction-house.jpg'),
(95, 'signatures/barangay-clearance-construction-house.jpg'),
(96, 'signatures/barangay-clearance-construction-house.jpg'),
(97, 'signatures/barangay-clearance-construction-house.jpg'),
(98, 'signatures/barangay-clearance-construction-house.jpg'),
(99, 'signatures/barangay-clearance-construction-house.jpg'),
(100, 'signatures/barangay-clearance-construction-house.jpg'),
(101, 'signatures/barangay-clearance-construction-house.jpg'),
(102, 'signatures/barangay-clearance-construction-house.jpg'),
(103, 'signatures/barangay-clearance-construction-house.jpg'),
(104, 'signatures/barangay-clearance-construction-house.jpg'),
(105, 'signatures/barangay-clearance-construction-house.jpg'),
(106, 'signatures/barangay-clearance-construction-house.jpg'),
(107, 'signatures/barangay-clearance-construction-house.jpg'),
(108, 'signatures/barangay-clearance-construction-house.jpg'),
(109, 'signatures/barangay-clearance-construction-house.jpg'),
(110, 'signatures/barangay-clearance-construction-house.jpg'),
(111, 'signatures/barangay-clearance-construction-house.jpg'),
(112, 'signatures/barangay-clearance-construction-house.jpg'),
(113, 'signatures/barangay-clearance-construction-house.jpg'),
(114, 'signatures/barangay-clearance-construction-house.jpg'),
(115, 'signatures/barangay-clearance-construction-house.jpg'),
(116, 'signatures/barangay-clearance-construction-house.jpg'),
(117, 'signatures/barangay-clearance-construction-house.jpg'),
(211, 'signatures/Bgy Clearance.jpg'),
(212, 'signatures/Bgy Clearance.jpg'),
(213, 'signatures/barangay-clearance-construction-house.jpg'),
(214, 'signatures/barangay-clearance-construction-house.jpg'),
(215, 'signatures/Bgy Clearance.jpg'),
(217, 'signatures/Bgy Clearance.jpg'),
(219, 'signatures/Bgy Clearance.jpg'),
(220, 'signatures/Bgy Clearance.jpg'),
(221, 'signatures/barangay-clearance-construction-house.jpg'),
(222, 'signatures/barangay-clearance-construction-house.jpg'),
(223, 'signatures/Bgy Clearance.jpg'),
(224, 'signatures/Bgy Clearance.jpg'),
(225, 'signatures/Bgy Clearance.jpg'),
(226, 'signatures/barangay-clearance-construction-house.jpg'),
(227, 'signatures/barangay-clearance-construction-house.jpg'),
(228, 'signatures/barangay-clearance-construction-house.jpg'),
(230, 'signatures/Bgy Clearance.jpg'),
(231, 'signatures/Bgy Clearance.jpg'),
(232, 'signatures/Bgy Clearance.jpg'),
(233, 'signatures/barangay-clearance-construction-house.jpg'),
(234, 'signatures/barangay-clearance-construction-house.jpg'),
(235, 'signatures/barangay-clearance-construction-house.jpg'),
(236, 'signatures/barangay-clearance-construction-house.jpg'),
(237, 'signatures/barangay-clearance-construction-house.jpg'),
(238, 'signatures/barangay-clearance-construction-house.jpg'),
(239, 'signatures/Bgy Clearance.jpg'),
(240, 'signatures/barangay-clearance-construction-house.jpg'),
(241, 'signatures/Bgy Clearance.jpg'),
(242, 'signatures/Bgy Clearance.jpg'),
(243, 'signatures/barangay-clearance-construction-house.jpg'),
(244, 'signatures/Bgy Clearance.jpg'),
(245, 'signatures/barangay-clearance-construction-house.jpg'),
(246, 'signatures/barangay-clearance-construction-house.jpg'),
(247, 'signatures/Bgy Clearance.jpg'),
(248, 'signatures/Bgy Clearance.jpg'),
(249, 'signatures/barangay-clearance-construction-house.jpg'),
(250, 'signatures/Bgy Clearance.jpg'),
(251, 'signatures/barangay-clearance-construction-house.jpg'),
(252, 'signatures/Bgy Clearance.jpg'),
(253, 'signatures/barangay-clearance-construction-house.jpg'),
(254, 'signatures/Bgy Clearance.jpg'),
(255, 'signatures/barangay-clearance-construction-house.jpg'),
(257, 'signatures/barangay-clearance-construction-house.jpg'),
(258, 'signatures/barangay-clearance-construction-house.jpg'),
(259, 'signatures/Bgy Clearance.jpg'),
(260, 'signatures/barangay-clearance-construction-house.jpg'),
(261, 'signatures/Bgy Clearance.jpg'),
(262, 'signatures/Bgy Clearance.jpg'),
(263, 'signatures/barangay-clearance-construction-house.jpg'),
(264, 'signatures/Bgy Clearance.jpg'),
(265, 'signatures/Bgy Clearance.jpg'),
(266, 'signatures/Bgy Clearance.jpg'),
(267, 'signatures/Bgy Clearance.jpg'),
(268, 'signatures/Bgy Clearance.jpg'),
(269, 'signatures/barangay-clearance-construction-house.jpg'),
(270, 'signatures/Bgy Clearance.jpg'),
(271, 'signatures/barangay-clearance-construction-house.jpg'),
(272, 'signatures/Bgy Clearance.jpg'),
(273, 'signatures/Bgy Clearance.jpg'),
(274, 'signatures/Bgy Clearance.jpg'),
(275, 'signatures/Bgy Clearance.jpg'),
(276, 'signatures/Bgy Clearance.jpg'),
(277, 'signatures/Bgy Clearance.jpg'),
(278, 'signatures/Bgy Clearance.jpg'),
(279, 'signatures/Bgy Clearance.jpg'),
(280, 'signatures/Bgy Clearance.jpg'),
(281, 'signatures/Bgy Clearance.jpg'),
(282, 'signatures/Bgy Clearance.jpg'),
(283, 'signatures/Bgy Clearance.jpg'),
(284, 'signatures/barangay-clearance-construction-house.jpg'),
(285, 'signatures/barangay-clearance-construction-house.jpg'),
(286, 'signatures/Bgy Clearance.jpg'),
(287, 'signatures/Bgy Clearance.jpg'),
(288, 'signatures/barangay-clearance-construction-house.jpg'),
(289, 'signatures/Bgy Clearance.jpg'),
(290, 'signatures/Bgy Clearance.jpg'),
(291, 'signatures/Bgy Clearance.jpg'),
(292, 'signatures/Bgy Clearance.jpg'),
(293, 'signatures/Bgy Clearance.jpg'),
(294, 'signatures/barangay-clearance-construction-house.jpg'),
(295, 'signatures/Bgy Clearance.jpg'),
(296, 'signatures/barangay-clearance-construction-house.jpg'),
(297, 'signatures/Bgy Clearance.jpg'),
(298, 'signatures/barangay-clearance-construction-house.jpg'),
(299, 'signatures/Bgy Clearance.jpg'),
(300, 'signatures/Bgy Clearance.jpg'),
(301, 'signatures/barangay-clearance-construction-house.jpg'),
(302, 'signatures/Bgy Clearance.jpg'),
(303, 'signatures/barangay-clearance-construction-house.jpg'),
(304, 'signatures/Bgy Clearance.jpg'),
(305, 'signatures/barangay-clearance-construction-house.jpg'),
(306, 'signatures/Bgy Clearance.jpg'),
(307, 'signatures/barangay-clearance-construction-house.jpg'),
(308, 'signatures/Bgy Clearance.jpg'),
(309, 'signatures/barangay-clearance-construction-house.jpg');

-- --------------------------------------------------------

--
-- Table structure for table `members_has_members`
--

CREATE TABLE IF NOT EXISTS `members_has_members` (
  `ControlNo` int(11) NOT NULL,
  `FamilyControlNo` int(11) NOT NULL,
  PRIMARY KEY (`ControlNo`,`FamilyControlNo`),
  KEY `fk_Members_has_Members_Members2_idx` (`FamilyControlNo`),
  KEY `fk_Members_has_Members_Members1_idx` (`ControlNo`)
) ENGINE=InnoDB DEFAULT CHARSET=utf8;

-- --------------------------------------------------------

--
-- Table structure for table `members_has_membershousehold`
--

CREATE TABLE IF NOT EXISTS `members_has_membershousehold` (
  `ControlNo` int(11) NOT NULL,
  `HouseholdNo` int(11) NOT NULL,
  `Relationship` varchar(45) NOT NULL,
  PRIMARY KEY (`ControlNo`,`HouseholdNo`),
  KEY `fk_Members_has_MembersHousehold_MembersHousehold1_idx` (`HouseholdNo`),
  KEY `fk_Members_has_MembersHousehold_Members1_idx` (`ControlNo`)
) ENGINE=InnoDB DEFAULT CHARSET=utf8;

--
-- Dumping data for table `members_has_membershousehold`
--

INSERT INTO `members_has_membershousehold` (`ControlNo`, `HouseholdNo`, `Relationship`) VALUES
(1, 1, 'Child'),
(2, 2, 'Mother'),
(3, 3, 'In-Law'),
(4, 4, 'In-Law'),
(5, 5, 'Mother'),
(6, 6, 'In-Law'),
(7, 7, 'Father'),
(8, 8, 'Grandparent'),
(9, 9, 'Father'),
(10, 10, 'Father'),
(11, 11, 'Mother'),
(12, 12, 'Father'),
(13, 13, 'Mother'),
(14, 14, 'Grandparent'),
(15, 15, 'Mother'),
(16, 16, 'Father'),
(17, 17, 'Grandparent'),
(18, 18, 'Mother'),
(19, 19, 'Father'),
(20, 20, 'Mother'),
(21, 21, 'Mother'),
(22, 22, 'Father'),
(23, 23, 'Grandparent'),
(24, 24, 'Father'),
(25, 25, 'Father'),
(26, 26, 'Father'),
(27, 27, 'Sibling'),
(28, 28, 'Sibling'),
(29, 29, 'Spouse'),
(30, 30, 'Parent'),
(31, 31, 'Child'),
(32, 32, 'Grandparent'),
(33, 33, 'Grandparent'),
(34, 34, 'Grandparent'),
(35, 35, 'Grandparent'),
(36, 36, 'Spouse'),
(37, 37, 'Spouse'),
(38, 38, 'Spouse'),
(39, 39, 'Grandparent'),
(40, 40, 'Grandparent'),
(41, 41, 'Spouse'),
(42, 42, 'Spouse'),
(43, 43, 'In-Law'),
(44, 44, 'In-Law'),
(46, 45, 'In-Law'),
(47, 46, 'Grandparent'),
(48, 47, 'Spouse'),
(49, 48, 'In-Law'),
(50, 49, 'Spouse'),
(51, 50, 'In-Law'),
(52, 51, 'Grandparent'),
(53, 52, 'Parent'),
(54, 53, 'In-Law'),
(55, 54, 'In-Law'),
(56, 55, 'Grandparent'),
(57, 56, 'Grandparent'),
(58, 57, 'Grandparent'),
(59, 58, 'In-Law'),
(60, 59, 'In-Law'),
(61, 60, 'In-Law'),
(62, 61, 'Grandparent'),
(63, 62, 'Sibling'),
(64, 63, 'Spouse'),
(65, 64, 'In-Law'),
(66, 65, 'Sibling'),
(67, 66, 'Parent'),
(68, 67, 'In-Law'),
(69, 68, 'Sibling'),
(70, 69, 'Sibling'),
(71, 70, 'In-Law'),
(72, 71, 'In-Law'),
(73, 72, 'In-Law'),
(74, 73, 'In-Law'),
(75, 74, 'Parent'),
(77, 76, 'Uncle'),
(78, 77, 'Uncle'),
(79, 78, 'Spouse'),
(80, 79, 'Spouse'),
(81, 80, 'Parent'),
(82, 81, 'Parent'),
(83, 82, 'Parent'),
(84, 83, 'Parent'),
(85, 84, 'Parent'),
(86, 85, 'Parent'),
(87, 86, 'Spouse'),
(88, 87, 'Spouse'),
(89, 88, 'Cousin'),
(90, 89, 'Cousin'),
(91, 90, 'Cousin'),
(92, 91, 'Cousin'),
(93, 92, 'In-Law'),
(94, 93, 'Cousin'),
(95, 94, 'Cousin'),
(96, 95, 'Parent'),
(97, 96, 'Parent'),
(98, 97, 'Parent'),
(99, 98, 'Parent'),
(100, 99, 'Parent'),
(101, 100, 'Parent'),
(102, 101, 'Uncle'),
(103, 102, 'Cousin'),
(104, 103, 'Cousin'),
(105, 104, 'Parent'),
(106, 105, 'Parent'),
(107, 106, 'Cousin'),
(108, 107, 'Cousin'),
(109, 108, 'Cousin'),
(110, 109, 'Cousin'),
(111, 110, 'Parent'),
(112, 111, 'Parent'),
(113, 112, 'Parent'),
(114, 113, 'Parent'),
(115, 114, 'Parent'),
(116, 115, 'Parent'),
(117, 116, 'Parent'),
(211, 2110, 'Spouse'),
(212, 2120, 'Spouse'),
(213, 2110, 'Child'),
(214, 2120, 'Parent'),
(215, 2130, 'Parent'),
(220, 2150, 'Parent'),
(221, 2170, 'Child'),
(222, 2170, 'Child'),
(223, 2190, 'In-Law'),
(224, 2190, 'Sibling'),
(225, 2200, 'Spouse'),
(226, 2210, 'Child'),
(227, 2220, 'Child'),
(228, 2240, 'Child'),
(230, 2250, 'Spouse'),
(231, 2260, 'Child'),
(232, 2270, 'Child'),
(233, 2280, 'Sibling'),
(234, 2280, 'Sibling'),
(235, 2300, 'Child'),
(236, 2310, 'Child'),
(237, 2320, 'Uncle'),
(238, 2330, 'Sibling'),
(239, 2340, 'In-Law'),
(240, 2350, 'Aunt'),
(241, 2351, 'Cousin'),
(242, 2352, 'Aunt'),
(243, 2353, 'Parent'),
(244, 2354, 'Spouse'),
(245, 2355, 'Uncle'),
(246, 2356, 'Uncle'),
(247, 2357, 'Cousin'),
(248, 2358, 'Aunt'),
(249, 2359, 'Uncle'),
(250, 2360, 'In-Law'),
(251, 2361, 'Uncle'),
(252, 2362, 'Cousin'),
(253, 2363, 'Cousin'),
(254, 2364, 'Aunt'),
(255, 2365, 'Uncle'),
(257, 2366, 'Uncle'),
(258, 2367, 'Cousin'),
(259, 2368, 'Cousin'),
(260, 2369, 'Uncle'),
(261, 2370, 'In-Law'),
(262, 2371, 'Child'),
(263, 2372, 'Uncle'),
(264, 2373, 'Child'),
(265, 2374, 'Cousin'),
(266, 2375, 'Aunt'),
(267, 2376, 'Child'),
(268, 2377, 'Grandparent'),
(269, 2378, 'Uncle'),
(270, 2379, 'Cousin'),
(271, 2380, 'Child'),
(272, 2381, 'In-Law'),
(273, 2382, 'Child'),
(274, 2383, 'Parent'),
(275, 2384, 'Spouse'),
(276, 2385, 'Child'),
(277, 2386, 'Cousin'),
(278, 2387, 'Child'),
(279, 2388, 'Uncle'),
(280, 2389, 'Child'),
(281, 2390, 'Child'),
(282, 2391, 'In-Law'),
(283, 2392, 'Cousin'),
(284, 2393, 'Aunt'),
(285, 2394, 'Aunt'),
(286, 2395, 'Cousin'),
(287, 2396, 'Child'),
(288, 2397, 'Cousin'),
(289, 2398, 'Cousin'),
(290, 2399, 'Uncle'),
(291, 2400, 'Child'),
(292, 2401, 'Child'),
(293, 2402, 'In-Law'),
(294, 2403, 'Cousin'),
(295, 2404, 'Child'),
(296, 2405, 'Cousin'),
(297, 2406, 'Child'),
(298, 2407, 'Uncle'),
(299, 2408, 'Cousin'),
(300, 2409, 'Spouse'),
(301, 2410, 'Uncle'),
(302, 2411, 'Grandparent'),
(303, 2412, 'Uncle'),
(304, 2413, 'Cousin'),
(305, 2414, 'Uncle'),
(306, 2415, 'Cousin'),
(307, 2416, 'Aunt'),
(308, 2417, 'In-Law'),
(309, 2418, 'Uncle');

-- --------------------------------------------------------

--
-- Table structure for table `members_has_membersmembershipstatus`
--

CREATE TABLE IF NOT EXISTS `members_has_membersmembershipstatus` (
  `ControlNo` int(11) NOT NULL,
  `DateUpdated` timestamp NOT NULL DEFAULT CURRENT_TIMESTAMP,
  `Status` varchar(45) NOT NULL DEFAULT 'Active',
  PRIMARY KEY (`ControlNo`,`DateUpdated`,`Status`),
  KEY `fk_Members_has_MembersMembershipStatus_Members1_idx` (`ControlNo`),
  KEY `fk_Members_has_MembersMembershipStatus_MembersMembershipSta_idx` (`Status`)
) ENGINE=InnoDB DEFAULT CHARSET=utf8;

--
-- Dumping data for table `members_has_membersmembershipstatus`
--

INSERT INTO `members_has_membersmembershipstatus` (`ControlNo`, `DateUpdated`, `Status`) VALUES
(1, '2014-10-20 22:26:10', 'Borrower'),
(2, '2014-10-20 22:26:10', 'Borrower'),
(3, '2014-03-26 05:07:38', 'Active Saver'),
(3, '2014-03-26 05:09:04', 'Active Saver'),
(3, '2014-03-26 05:09:57', 'Active Saver'),
(3, '2014-07-02 08:08:07', 'Active Saver'),
(3, '2014-10-20 22:26:10', 'Active Saver'),
(3, '2014-10-20 23:07:24', 'Active Saver'),
(3, '2014-10-22 08:05:46', 'Active Saver'),
(3, '2014-10-28 04:14:11', 'Terminated Voluntarily'),
(3, '2014-10-28 05:42:42', 'Active Saver'),
(3, '2014-10-29 06:45:15', 'Active Saver'),
(3, '2014-10-29 06:50:46', 'Active Saver'),
(4, '2014-10-20 22:26:10', 'Active Saver'),
(4, '2014-10-20 23:07:24', 'Active Saver'),
(5, '2012-12-31 21:43:59', 'Active'),
(5, '2014-10-20 23:07:24', 'Borrower'),
(5, '2014-10-29 06:15:18', 'Borrower'),
(5, '2014-10-29 06:50:46', 'Borrower'),
(6, '2014-10-20 22:26:10', 'Active Saver'),
(6, '2014-10-20 23:07:24', 'Borrower'),
(7, '2014-08-04 22:42:09', 'dormant saver'),
(7, '2014-10-20 23:07:24', 'Borrower'),
(7, '2014-10-29 06:50:47', 'Borrower'),
(7, '2014-10-31 03:13:16', 'Borrower'),
(8, '2014-10-03 19:30:05', 'Active'),
(8, '2014-10-20 23:07:24', 'Borrower'),
(8, '2014-10-22 08:05:46', 'Borrower'),
(8, '2014-10-29 06:45:15', 'Borrower'),
(8, '2014-10-31 03:12:24', 'Borrower'),
(8, '2014-10-31 03:13:16', 'Borrower'),
(9, '2014-10-18 18:38:44', 'Active'),
(10, '2014-10-18 20:47:10', 'Past Due'),
(11, '2013-09-17 15:56:51', 'Active Saver'),
(11, '2013-09-21 15:59:10', 'Active Saver'),
(11, '2013-09-22 16:01:32', 'Active Saver'),
(11, '2013-09-22 16:01:54', 'Active Saver'),
(11, '2013-09-22 16:06:55', 'Active Saver'),
(11, '2013-09-22 23:22:53', 'Active Saver'),
(11, '2013-09-22 23:45:35', 'Active Saver'),
(11, '2013-09-22 23:46:46', 'Active Saver'),
(11, '2013-09-22 23:47:15', 'Active Saver'),
(11, '2013-09-22 23:48:49', 'Active Saver'),
(11, '2013-09-22 23:59:34', 'Active Saver'),
(11, '2013-09-25 00:03:18', 'Active Saver'),
(11, '2013-09-25 00:03:31', 'Active Saver'),
(11, '2013-09-25 00:19:19', 'Active Saver'),
(11, '2013-09-25 00:24:36', 'Active Saver'),
(11, '2013-10-02 00:31:23', 'Active Saver'),
(11, '2013-10-09 00:33:34', 'Active Saver'),
(11, '2013-10-16 00:35:22', 'Active Saver'),
(11, '2013-10-23 00:38:01', 'Active Saver'),
(11, '2013-10-30 00:39:18', 'Active Saver'),
(11, '2013-11-06 00:40:34', 'Active Saver'),
(11, '2013-11-13 00:41:43', 'Active Saver'),
(11, '2013-11-20 00:42:45', 'Active Saver'),
(11, '2013-11-27 00:44:17', 'Active Saver'),
(11, '2013-12-04 00:45:31', 'Active Saver'),
(11, '2013-12-11 00:47:25', 'Active Saver'),
(11, '2013-12-18 00:53:34', 'Active Saver'),
(11, '2013-12-25 00:54:35', 'Active Saver'),
(11, '2014-01-01 00:55:30', 'Active Saver'),
(11, '2014-01-08 00:58:29', 'Active Saver'),
(11, '2014-01-08 01:03:17', 'Active Saver'),
(11, '2014-01-15 01:03:53', 'Active Saver'),
(11, '2014-01-21 22:54:18', 'Active Saver'),
(11, '2014-01-22 01:04:53', 'Active Saver'),
(11, '2014-01-22 05:20:54', 'Active Saver'),
(11, '2014-01-22 05:34:17', 'Active Saver'),
(11, '2014-01-22 05:55:56', 'Active Saver'),
(11, '2014-01-22 06:09:42', 'Active Saver'),
(11, '2014-01-27 06:10:01', 'Active Saver'),
(11, '2014-01-27 06:13:57', 'Active Saver'),
(11, '2014-01-27 06:15:20', 'Active Saver'),
(11, '2014-01-29 01:05:58', 'Active Saver'),
(11, '2014-02-03 06:18:38', 'Active Saver'),
(11, '2014-02-05 01:07:21', 'Active Saver'),
(11, '2014-02-10 06:20:15', 'Active Saver'),
(11, '2014-02-12 01:08:27', 'Active Saver'),
(11, '2014-02-17 06:21:54', 'Active Saver'),
(11, '2014-02-19 01:10:10', 'Active Saver'),
(11, '2014-02-21 23:02:30', 'Active Saver'),
(11, '2014-02-24 06:23:07', 'Active Saver'),
(11, '2014-02-26 01:11:02', 'Active Saver'),
(11, '2014-03-03 06:24:47', 'Active Saver'),
(11, '2014-03-05 01:12:00', 'Active Saver'),
(11, '2014-03-10 06:25:39', 'Active Saver'),
(11, '2014-03-17 06:27:56', 'Active Saver'),
(11, '2014-03-21 05:25:11', 'Active Saver'),
(11, '2014-03-21 05:28:44', 'Active Saver'),
(11, '2014-03-24 06:29:32', 'Active Saver'),
(11, '2014-03-26 04:50:09', 'Active Saver'),
(11, '2014-03-27 04:52:05', 'Active Saver'),
(11, '2014-03-27 05:05:56', 'Active Saver'),
(11, '2014-03-27 05:21:33', 'Active Saver'),
(11, '2014-03-31 06:32:36', 'Active Saver'),
(11, '2014-04-07 06:35:15', 'Active Saver'),
(11, '2014-04-14 06:36:28', 'Active Saver'),
(11, '2014-04-21 06:37:44', 'Active Saver'),
(11, '2014-04-28 06:39:15', 'Active Saver'),
(11, '2014-05-05 06:42:37', 'Active Saver'),
(11, '2014-05-12 06:44:08', 'Active Saver'),
(11, '2014-05-19 06:45:02', 'Active Saver'),
(11, '2014-05-26 06:45:57', 'Active Saver'),
(11, '2014-06-02 06:47:36', 'Active Saver'),
(11, '2014-06-09 06:48:22', 'Active Saver'),
(11, '2014-06-16 06:49:25', 'Active Saver'),
(11, '2014-06-23 06:50:40', 'Active Saver'),
(11, '2014-10-24 02:29:05', 'Active Saver'),
(12, '2013-09-17 15:56:51', 'Borrower'),
(12, '2013-09-21 15:59:10', 'Borrower'),
(12, '2013-09-22 16:01:33', 'Borrower'),
(12, '2013-09-22 16:01:54', 'Borrower'),
(12, '2013-09-22 16:06:55', 'Borrower'),
(12, '2013-09-22 23:22:53', 'Borrower'),
(12, '2013-09-22 23:45:35', 'Borrower'),
(12, '2013-09-22 23:46:46', 'Borrower'),
(12, '2013-09-22 23:47:15', 'Borrower'),
(12, '2013-09-22 23:48:49', 'Borrower'),
(12, '2013-09-22 23:59:34', 'Borrower'),
(12, '2013-09-25 00:03:18', 'Borrower'),
(12, '2013-09-25 00:03:31', 'Borrower'),
(12, '2013-09-25 00:19:19', 'Borrower'),
(12, '2013-09-25 00:24:36', 'Borrower'),
(12, '2013-10-02 00:31:23', 'Borrower'),
(12, '2013-10-09 00:33:34', 'Borrower'),
(12, '2013-10-16 00:35:22', 'Borrower'),
(12, '2013-10-23 00:38:01', 'Borrower'),
(12, '2013-10-30 00:39:18', 'Borrower'),
(12, '2013-11-06 00:40:34', 'Borrower'),
(12, '2013-11-13 00:41:43', 'Borrower'),
(12, '2013-11-20 00:42:45', 'Borrower'),
(12, '2013-11-27 00:44:17', 'Borrower'),
(12, '2013-12-04 00:45:31', 'Borrower'),
(12, '2013-12-11 00:47:25', 'Borrower'),
(12, '2013-12-18 00:53:34', 'Borrower'),
(12, '2013-12-25 00:54:35', 'Borrower'),
(12, '2014-01-01 00:55:30', 'Borrower'),
(12, '2014-01-08 00:58:29', 'Borrower'),
(12, '2014-01-08 01:03:17', 'Borrower'),
(12, '2014-01-15 01:03:53', 'Borrower'),
(12, '2014-01-21 22:57:56', 'Active'),
(12, '2014-01-22 01:04:53', 'Borrower'),
(12, '2014-01-22 05:20:54', 'Borrower'),
(12, '2014-01-22 05:34:17', 'Borrower'),
(12, '2014-01-22 05:55:56', 'Borrower'),
(12, '2014-01-22 06:09:42', 'Borrower'),
(12, '2014-01-27 06:10:01', 'Borrower'),
(12, '2014-01-27 06:13:57', 'Borrower'),
(12, '2014-01-27 06:15:20', 'Borrower'),
(12, '2014-01-29 01:05:58', 'Borrower'),
(12, '2014-02-03 06:18:38', 'Borrower'),
(12, '2014-02-05 01:07:21', 'Borrower'),
(12, '2014-02-10 06:20:15', 'Borrower'),
(12, '2014-02-12 01:08:27', 'Borrower'),
(12, '2014-02-17 06:21:54', 'Borrower'),
(12, '2014-02-19 01:10:10', 'Borrower'),
(12, '2014-02-21 23:02:30', 'Borrower'),
(12, '2014-02-24 06:23:07', 'Borrower'),
(12, '2014-02-26 01:11:02', 'Borrower'),
(12, '2014-03-03 06:24:47', 'Borrower'),
(12, '2014-03-05 01:12:00', 'Borrower'),
(12, '2014-03-10 06:25:39', 'Borrower'),
(12, '2014-03-17 06:27:56', 'Borrower'),
(12, '2014-03-21 05:25:11', 'Borrower'),
(12, '2014-03-21 05:28:44', 'Borrower'),
(12, '2014-03-24 06:29:32', 'Borrower'),
(12, '2014-03-26 04:50:09', 'Borrower'),
(12, '2014-03-27 04:52:05', 'Borrower'),
(12, '2014-03-27 05:05:56', 'Borrower'),
(12, '2014-03-27 05:21:33', 'Borrower'),
(12, '2014-03-31 06:32:36', 'Borrower'),
(12, '2014-04-07 06:35:15', 'Borrower'),
(12, '2014-04-14 06:36:28', 'Borrower'),
(12, '2014-04-21 06:37:44', 'Borrower'),
(12, '2014-04-28 06:39:15', 'Borrower'),
(12, '2014-05-05 06:42:37', 'Borrower'),
(12, '2014-05-12 06:44:08', 'Borrower'),
(12, '2014-05-19 06:45:02', 'Borrower'),
(12, '2014-05-26 06:45:57', 'Borrower'),
(12, '2014-06-02 06:47:36', 'Borrower'),
(12, '2014-06-09 06:48:22', 'Borrower'),
(12, '2014-06-16 06:49:25', 'Borrower'),
(12, '2014-06-23 06:50:40', 'Borrower'),
(12, '2014-06-30 06:52:19', 'Borrower'),
(12, '2014-10-24 02:29:05', 'Past Due'),
(12, '2014-10-26 07:42:19', 'Borrower'),
(13, '2013-09-17 15:56:51', 'Active Saver'),
(13, '2013-09-21 15:59:10', 'Active Saver'),
(13, '2013-09-22 16:01:33', 'Active Saver'),
(13, '2013-09-22 16:01:54', 'Active Saver'),
(13, '2013-09-22 16:06:55', 'Active Saver'),
(13, '2013-09-22 23:22:53', 'Active Saver'),
(13, '2013-09-22 23:45:35', 'Active Saver'),
(13, '2013-09-22 23:46:46', 'Active Saver'),
(13, '2013-09-22 23:47:15', 'Active Saver'),
(13, '2013-09-22 23:48:49', 'Active Saver'),
(13, '2013-09-22 23:59:34', 'Active Saver'),
(13, '2013-09-25 00:03:18', 'Active Saver'),
(13, '2013-09-25 00:03:31', 'Active Saver'),
(13, '2013-09-25 00:19:19', 'Active Saver'),
(13, '2013-09-25 00:24:36', 'Active Saver'),
(13, '2013-10-02 00:31:23', 'Active Saver'),
(13, '2013-10-09 00:33:34', 'Active Saver'),
(13, '2013-10-16 00:35:22', 'Active Saver'),
(13, '2013-10-23 00:38:01', 'Active Saver'),
(13, '2013-10-30 00:39:18', 'Active Saver'),
(13, '2013-11-06 00:40:34', 'Active Saver'),
(13, '2013-11-13 00:41:43', 'Active Saver'),
(13, '2013-11-20 00:42:45', 'Active Saver'),
(13, '2013-11-27 00:44:17', 'Active Saver'),
(13, '2013-12-04 00:45:31', 'Active Saver'),
(13, '2013-12-11 00:47:25', 'Active Saver'),
(13, '2013-12-18 00:53:34', 'Active Saver'),
(13, '2013-12-25 00:54:35', 'Active Saver'),
(13, '2014-01-01 00:55:30', 'Active Saver'),
(13, '2014-01-08 00:58:29', 'Active Saver'),
(13, '2014-01-08 01:03:17', 'Active Saver'),
(13, '2014-01-15 01:03:53', 'Active Saver'),
(13, '2014-01-21 23:01:16', 'Active Saver'),
(13, '2014-01-22 01:04:53', 'Active Saver'),
(13, '2014-01-22 05:20:54', 'Active Saver'),
(13, '2014-01-22 05:34:17', 'Active Saver'),
(13, '2014-01-22 05:55:56', 'Active Saver'),
(13, '2014-01-22 06:09:42', 'Active Saver'),
(13, '2014-01-27 06:10:01', 'Active Saver'),
(13, '2014-01-27 06:13:57', 'Active Saver'),
(13, '2014-01-27 06:15:20', 'Active Saver'),
(13, '2014-01-29 01:05:58', 'Active Saver'),
(13, '2014-02-03 06:18:38', 'Active Saver'),
(13, '2014-02-05 01:07:21', 'Active Saver'),
(13, '2014-02-10 06:20:15', 'Active Saver'),
(13, '2014-02-12 01:08:27', 'Active Saver'),
(13, '2014-02-17 06:21:54', 'Active Saver'),
(13, '2014-02-19 01:10:10', 'Active Saver'),
(13, '2014-02-21 23:02:30', 'Active Saver'),
(13, '2014-02-24 06:23:07', 'Active Saver'),
(13, '2014-02-26 01:11:02', 'Active Saver'),
(13, '2014-03-03 06:24:47', 'Active Saver'),
(13, '2014-03-05 01:12:00', 'Active Saver'),
(13, '2014-03-10 06:25:39', 'Active Saver'),
(13, '2014-03-17 06:27:56', 'Active Saver'),
(13, '2014-03-21 05:25:11', 'Active Saver'),
(13, '2014-03-21 05:28:44', 'Active Saver'),
(13, '2014-03-24 06:29:32', 'Active Saver'),
(13, '2014-03-26 04:50:09', 'Active Saver'),
(13, '2014-03-27 04:52:05', 'Active Saver'),
(13, '2014-03-27 05:05:56', 'Active Saver'),
(13, '2014-03-27 05:21:33', 'Active Saver'),
(13, '2014-03-31 06:32:36', 'Active Saver'),
(13, '2014-04-07 06:35:15', 'Active Saver'),
(13, '2014-04-14 06:36:28', 'Active Saver'),
(13, '2014-04-21 06:37:44', 'Active Saver'),
(13, '2014-04-28 06:39:15', 'Active Saver'),
(13, '2014-05-05 06:42:37', 'Active Saver'),
(13, '2014-05-12 06:44:08', 'Active Saver'),
(13, '2014-05-19 06:45:02', 'Active Saver'),
(13, '2014-05-26 06:45:57', 'Active Saver'),
(13, '2014-06-02 06:47:36', 'Active Saver'),
(13, '2014-06-09 06:48:22', 'Active Saver'),
(13, '2014-06-16 06:49:25', 'Active Saver'),
(13, '2014-06-23 06:50:40', 'Active Saver'),
(13, '2014-10-24 02:29:05', 'Active Saver'),
(14, '2014-02-21 23:05:02', 'Active'),
(15, '2014-02-21 23:15:22', 'Active'),
(15, '2014-03-21 23:26:51', 'Borrower'),
(15, '2014-10-22 08:18:18', 'Borrower'),
(15, '2014-10-29 06:45:15', 'Borrower'),
(16, '2014-02-21 23:17:12', 'Active'),
(16, '2014-03-21 23:26:51', 'Borrower'),
(17, '2014-02-21 23:19:08', 'Active'),
(17, '2014-03-21 23:26:51', 'Borrower'),
(17, '2014-10-22 08:05:46', 'Borrower'),
(17, '2014-10-29 06:15:18', 'Borrower'),
(17, '2014-10-29 06:50:47', 'Borrower'),
(17, '2014-10-31 03:05:56', 'Borrower'),
(17, '2014-10-31 03:12:24', 'Borrower'),
(18, '2013-04-03 03:52:26', 'Active Saver'),
(18, '2013-04-10 06:39:35', 'Active Saver'),
(18, '2013-04-17 06:49:22', 'Active Saver'),
(18, '2013-04-20 19:19:04', 'Active Saver'),
(18, '2013-04-23 16:10:22', 'Active Saver'),
(18, '2013-04-30 16:11:56', 'Active Saver'),
(18, '2013-05-07 16:13:09', 'Active Saver'),
(18, '2013-05-14 16:16:27', 'Active Saver'),
(18, '2013-05-21 16:18:09', 'Active Saver'),
(18, '2013-05-28 16:24:24', 'Active Saver'),
(18, '2013-06-04 16:25:29', 'Active Saver'),
(18, '2013-06-11 16:30:09', 'Active Saver'),
(18, '2013-06-18 16:31:09', 'Active Saver'),
(18, '2013-06-25 16:32:11', 'Active Saver'),
(18, '2013-07-02 16:34:09', 'Active Saver'),
(18, '2013-07-09 16:35:14', 'Active Saver'),
(18, '2013-07-16 16:36:01', 'Active Saver'),
(18, '2013-07-23 16:36:55', 'Active Saver'),
(18, '2013-07-30 16:37:46', 'Active Saver'),
(18, '2013-08-06 16:38:34', 'Active Saver'),
(18, '2013-08-13 16:39:12', 'Active Saver'),
(18, '2013-08-20 16:40:00', 'Active Saver'),
(18, '2013-08-20 19:20:30', 'Active Saver'),
(18, '2013-08-20 19:23:33', 'Active Saver'),
(18, '2013-08-27 16:40:52', 'Active Saver'),
(18, '2013-09-03 16:42:45', 'Active Saver'),
(18, '2013-09-10 16:43:48', 'Active Saver'),
(18, '2013-09-17 15:56:51', 'Active Saver'),
(18, '2013-09-17 16:44:33', 'Active Saver'),
(18, '2013-09-21 15:59:10', 'Active Saver'),
(18, '2013-09-22 16:01:33', 'Active Saver'),
(18, '2013-09-22 16:01:54', 'Active Saver'),
(18, '2013-09-22 16:06:55', 'Active Saver'),
(18, '2013-09-22 23:22:53', 'Active Saver'),
(18, '2013-09-22 23:45:35', 'Active Saver'),
(18, '2013-09-22 23:46:46', 'Active Saver'),
(18, '2013-09-22 23:47:15', 'Active Saver'),
(18, '2013-09-22 23:48:49', 'Active Saver'),
(18, '2013-09-22 23:59:34', 'Active Saver'),
(18, '2013-09-25 00:03:18', 'Active Saver'),
(18, '2013-09-25 00:03:31', 'Active Saver'),
(18, '2013-09-25 00:19:19', 'Active Saver'),
(18, '2013-09-25 00:24:36', 'Active Saver'),
(18, '2013-10-02 00:31:23', 'Active Saver'),
(18, '2013-10-09 00:33:34', 'Active Saver'),
(18, '2013-10-16 00:35:22', 'Active Saver'),
(18, '2013-10-23 00:38:01', 'Active Saver'),
(18, '2013-10-30 00:39:18', 'Active Saver'),
(18, '2013-11-06 00:40:34', 'Active Saver'),
(18, '2013-11-13 00:41:43', 'Active Saver'),
(18, '2013-11-20 00:42:45', 'Active Saver'),
(18, '2013-11-27 00:44:17', 'Active Saver'),
(18, '2013-12-04 00:45:31', 'Active Saver'),
(18, '2013-12-11 00:47:25', 'Active Saver'),
(18, '2013-12-18 00:53:34', 'Active Saver'),
(18, '2013-12-25 00:54:35', 'Active Saver'),
(18, '2014-01-01 00:55:30', 'Active Saver'),
(18, '2014-01-08 00:58:29', 'Active Saver'),
(18, '2014-01-08 01:03:17', 'Active Saver'),
(18, '2014-01-15 01:03:53', 'Active Saver'),
(18, '2014-01-22 01:04:53', 'Active Saver'),
(18, '2014-01-22 05:20:54', 'Active Saver'),
(18, '2014-01-22 05:34:17', 'Active Saver'),
(18, '2014-01-22 05:55:56', 'Active Saver'),
(18, '2014-01-22 06:09:42', 'Active Saver'),
(18, '2014-01-26 19:24:11', 'Active Saver'),
(18, '2014-01-26 19:38:59', 'Active Saver'),
(18, '2014-01-27 06:10:01', 'Active Saver'),
(18, '2014-01-27 06:13:57', 'Active Saver'),
(18, '2014-01-27 06:15:20', 'Active Saver'),
(18, '2014-01-29 01:05:58', 'Active Saver'),
(18, '2014-02-02 19:40:45', 'Active Saver'),
(18, '2014-02-02 20:15:46', 'Active Saver'),
(18, '2014-02-03 06:18:38', 'Active Saver'),
(18, '2014-02-05 01:07:21', 'Active Saver'),
(18, '2014-02-10 06:20:15', 'Active Saver'),
(18, '2014-02-12 01:08:27', 'Active Saver'),
(18, '2014-02-17 06:21:54', 'Active Saver'),
(18, '2014-02-19 01:10:10', 'Active Saver'),
(18, '2014-02-24 06:23:07', 'Active Saver'),
(18, '2014-02-26 01:11:02', 'Active Saver'),
(18, '2014-03-03 06:24:47', 'Active Saver'),
(18, '2014-03-10 06:25:39', 'Active Saver'),
(18, '2014-03-17 06:27:56', 'Active Saver'),
(18, '2014-03-21 05:25:11', 'Active Saver'),
(18, '2014-03-21 05:28:44', 'Active Saver'),
(18, '2014-03-21 23:29:42', 'Active Saver'),
(18, '2014-03-21 23:48:26', 'Active Saver'),
(18, '2014-03-24 06:29:32', 'Active Saver'),
(18, '2014-03-25 17:34:38', 'Active Saver'),
(18, '2014-03-26 01:17:54', 'Active Saver'),
(18, '2014-03-26 01:30:55', 'Active Saver'),
(18, '2014-03-26 01:31:37', 'Active Saver'),
(18, '2014-03-26 01:35:40', 'Active Saver'),
(18, '2014-03-26 01:37:04', 'Active Saver'),
(18, '2014-03-26 05:07:38', 'Active Saver'),
(18, '2014-03-26 05:09:04', 'Active Saver'),
(18, '2014-03-26 05:09:57', 'Active Saver'),
(18, '2014-03-26 06:04:47', 'Active Saver'),
(18, '2014-03-26 06:32:54', 'Active Saver'),
(18, '2014-03-26 06:37:53', 'Active Saver'),
(18, '2014-03-26 06:44:16', 'Active Saver'),
(18, '2014-03-26 06:50:42', 'Active Saver'),
(18, '2014-03-26 06:57:31', 'Active Saver'),
(18, '2014-03-26 07:14:21', 'Active Saver'),
(18, '2014-03-26 07:42:19', 'Active Saver'),
(18, '2014-03-27 05:21:33', 'Active Saver'),
(18, '2014-03-31 06:32:36', 'Active Saver'),
(18, '2014-04-01 17:38:27', 'Active Saver'),
(18, '2014-04-07 06:35:15', 'Active Saver'),
(18, '2014-04-08 17:40:11', 'Active Saver'),
(18, '2014-04-14 06:36:28', 'Active Saver'),
(18, '2014-04-15 17:41:15', 'Active Saver'),
(18, '2014-04-21 06:37:44', 'Active Saver'),
(18, '2014-04-22 17:42:40', 'Active Saver'),
(18, '2014-04-28 06:39:15', 'Active Saver'),
(18, '2014-04-29 17:44:32', 'Active Saver'),
(18, '2014-05-05 06:42:37', 'Active Saver'),
(18, '2014-05-06 17:46:38', 'Active Saver'),
(18, '2014-05-12 06:44:08', 'Active Saver'),
(18, '2014-05-13 17:47:33', 'Active Saver'),
(18, '2014-05-19 06:45:02', 'Active Saver'),
(18, '2014-05-20 17:48:27', 'Active Saver'),
(18, '2014-05-26 06:45:57', 'Active Saver'),
(18, '2014-05-27 17:49:47', 'Active Saver'),
(18, '2014-06-02 06:47:36', 'Active Saver'),
(18, '2014-06-03 17:51:07', 'Active Saver'),
(18, '2014-06-09 06:48:22', 'Active Saver'),
(18, '2014-06-10 17:51:56', 'Active Saver'),
(18, '2014-06-16 06:49:25', 'Active Saver'),
(18, '2014-06-17 17:55:14', 'Active Saver'),
(18, '2014-06-23 06:50:40', 'Active Saver'),
(18, '2014-06-24 17:53:18', 'Active Saver'),
(18, '2014-06-30 06:52:19', 'Active Saver'),
(18, '2014-07-01 17:54:23', 'Active Saver'),
(18, '2014-07-01 17:57:43', 'Active Saver'),
(18, '2014-07-15 17:59:00', 'Active Saver'),
(18, '2014-07-22 17:59:44', 'Active Saver'),
(18, '2014-07-27 23:07:26', 'Active Saver'),
(18, '2014-07-27 23:12:59', 'Active Saver'),
(18, '2014-07-27 23:13:38', 'Active Saver'),
(18, '2014-07-27 23:16:17', 'Active Saver'),
(18, '2014-07-27 23:18:59', 'Active Saver'),
(18, '2014-07-27 23:23:56', 'Active Saver'),
(18, '2014-07-27 23:24:44', 'Active Saver'),
(18, '2014-07-29 18:00:31', 'Active Saver'),
(18, '2014-07-29 18:00:58', 'Active Saver'),
(18, '2014-08-05 18:02:05', 'Active Saver'),
(18, '2014-08-12 18:02:51', 'Active Saver'),
(18, '2014-08-19 18:04:00', 'Active Saver'),
(18, '2014-08-26 18:05:09', 'Active Saver'),
(18, '2014-09-02 18:06:19', 'Active Saver'),
(18, '2014-10-22 01:13:00', 'Active Saver'),
(18, '2014-10-22 01:19:36', 'Active Saver'),
(18, '2014-10-22 19:03:22', 'Active Saver'),
(18, '2014-10-24 20:47:01', 'Active Saver'),
(18, '2014-10-26 05:20:18', 'Active Saver'),
(19, '2013-04-03 03:52:26', 'Active Saver'),
(19, '2013-04-10 06:39:35', 'Active Saver'),
(19, '2013-04-17 06:49:22', 'Active Saver'),
(19, '2013-04-20 19:19:04', 'Active Saver'),
(19, '2013-04-23 16:10:22', 'Active Saver'),
(19, '2013-04-30 16:11:56', 'Active Saver'),
(19, '2013-05-07 16:13:09', 'Active Saver'),
(19, '2013-05-14 16:16:27', 'Active Saver'),
(19, '2013-05-21 16:18:09', 'Active Saver'),
(19, '2013-05-28 16:24:24', 'Active Saver'),
(19, '2013-06-04 16:25:29', 'Active Saver'),
(19, '2013-06-11 16:30:09', 'Active Saver'),
(19, '2013-06-18 16:31:09', 'Active Saver'),
(19, '2013-06-25 16:32:11', 'Active Saver'),
(19, '2013-07-02 16:34:09', 'Active Saver'),
(19, '2013-07-09 16:35:14', 'Active Saver'),
(19, '2013-07-16 16:36:01', 'Active Saver'),
(19, '2013-07-23 16:36:55', 'Active Saver'),
(19, '2013-07-30 16:37:46', 'Active Saver'),
(19, '2013-08-06 16:38:34', 'Active Saver'),
(19, '2013-08-13 16:39:12', 'Active Saver'),
(19, '2013-08-20 16:40:00', 'Active Saver'),
(19, '2013-08-20 19:20:30', 'Active Saver'),
(19, '2013-08-20 19:23:33', 'Active Saver'),
(19, '2013-08-27 16:40:52', 'Active Saver'),
(19, '2013-09-03 16:42:45', 'Active Saver'),
(19, '2013-09-10 16:43:48', 'Active Saver'),
(19, '2013-09-17 15:56:51', 'Active Saver'),
(19, '2013-09-17 16:44:33', 'Active Saver'),
(19, '2013-09-21 15:59:10', 'Active Saver'),
(19, '2013-09-22 16:01:33', 'Active Saver'),
(19, '2013-09-22 16:01:54', 'Active Saver'),
(19, '2013-09-22 16:06:55', 'Active Saver'),
(19, '2013-09-22 23:22:53', 'Active Saver'),
(19, '2013-09-22 23:45:35', 'Active Saver'),
(19, '2013-09-22 23:46:46', 'Active Saver'),
(19, '2013-09-22 23:47:15', 'Active Saver'),
(19, '2013-09-22 23:48:49', 'Active Saver'),
(19, '2013-09-22 23:59:34', 'Active Saver'),
(19, '2013-09-25 00:03:19', 'Active Saver'),
(19, '2013-09-25 00:03:31', 'Active Saver'),
(19, '2013-09-25 00:19:19', 'Active Saver'),
(19, '2013-09-25 00:24:36', 'Active Saver'),
(19, '2013-10-02 00:31:23', 'Active Saver'),
(19, '2013-10-09 00:33:34', 'Active Saver'),
(19, '2013-10-16 00:35:22', 'Active Saver'),
(19, '2013-10-23 00:38:01', 'Active Saver'),
(19, '2013-10-30 00:39:18', 'Active Saver'),
(19, '2013-11-06 00:40:34', 'Active Saver'),
(19, '2013-11-13 00:41:43', 'Active Saver'),
(19, '2013-11-20 00:42:45', 'Active Saver'),
(19, '2013-11-27 00:44:17', 'Active Saver'),
(19, '2013-12-04 00:45:31', 'Active Saver'),
(19, '2013-12-11 00:47:25', 'Active Saver'),
(19, '2013-12-18 00:53:34', 'Active Saver'),
(19, '2013-12-25 00:54:35', 'Active Saver'),
(19, '2014-01-01 00:55:30', 'Active Saver'),
(19, '2014-01-08 00:58:29', 'Active Saver'),
(19, '2014-01-08 01:03:17', 'Active Saver'),
(19, '2014-01-15 01:03:53', 'Active Saver'),
(19, '2014-01-22 01:04:53', 'Active Saver'),
(19, '2014-01-22 05:20:54', 'Active Saver'),
(19, '2014-01-22 05:34:17', 'Active Saver'),
(19, '2014-01-22 05:55:56', 'Active Saver'),
(19, '2014-01-22 06:09:42', 'Active Saver'),
(19, '2014-01-26 19:24:11', 'Active Saver'),
(19, '2014-01-26 19:38:59', 'Active Saver'),
(19, '2014-01-27 06:10:01', 'Active Saver'),
(19, '2014-01-27 06:13:57', 'Active Saver'),
(19, '2014-01-27 06:15:20', 'Active Saver'),
(19, '2014-01-29 01:05:58', 'Active Saver'),
(19, '2014-02-02 19:40:45', 'Active Saver'),
(19, '2014-02-02 20:15:46', 'Active Saver'),
(19, '2014-02-03 06:18:38', 'Active Saver'),
(19, '2014-02-05 01:07:21', 'Active Saver'),
(19, '2014-02-10 06:20:15', 'Active Saver'),
(19, '2014-02-12 01:08:27', 'Active Saver'),
(19, '2014-02-17 06:21:54', 'Active Saver'),
(19, '2014-02-19 01:10:10', 'Active Saver'),
(19, '2014-02-24 06:23:07', 'Active Saver'),
(19, '2014-02-26 01:11:02', 'Active Saver'),
(19, '2014-03-03 06:24:47', 'Active Saver'),
(19, '2014-03-10 06:25:39', 'Active Saver'),
(19, '2014-03-17 06:27:56', 'Active Saver'),
(19, '2014-03-21 05:25:11', 'Active Saver'),
(19, '2014-03-21 05:28:44', 'Active Saver'),
(19, '2014-03-21 23:44:41', 'Active Saver'),
(19, '2014-03-21 23:48:26', 'Active Saver'),
(19, '2014-03-24 06:29:32', 'Active Saver'),
(19, '2014-03-25 17:34:38', 'Active Saver'),
(19, '2014-03-26 01:17:54', 'Active Saver'),
(19, '2014-03-26 01:30:55', 'Active Saver'),
(19, '2014-03-26 01:31:37', 'Active Saver'),
(19, '2014-03-26 01:35:40', 'Active Saver'),
(19, '2014-03-26 01:37:04', 'Active Saver'),
(19, '2014-03-26 05:07:38', 'Active Saver'),
(19, '2014-03-26 05:09:04', 'Active Saver'),
(19, '2014-03-26 05:09:57', 'Active Saver'),
(19, '2014-03-26 06:04:47', 'Active Saver'),
(19, '2014-03-26 06:32:54', 'Active Saver'),
(19, '2014-03-26 06:37:53', 'Active Saver'),
(19, '2014-03-26 06:44:16', 'Active Saver'),
(19, '2014-03-26 06:50:42', 'Active Saver'),
(19, '2014-03-26 06:57:31', 'Active Saver'),
(19, '2014-03-26 07:14:21', 'Active Saver'),
(19, '2014-03-26 07:42:19', 'Active Saver'),
(19, '2014-03-27 05:21:33', 'Active Saver'),
(19, '2014-03-31 06:32:36', 'Active Saver'),
(19, '2014-04-01 17:38:27', 'Active Saver'),
(19, '2014-04-07 06:35:15', 'Active Saver'),
(19, '2014-04-08 17:40:11', 'Active Saver'),
(19, '2014-04-14 06:36:28', 'Active Saver'),
(19, '2014-04-15 17:41:15', 'Active Saver'),
(19, '2014-04-21 06:37:44', 'Active Saver'),
(19, '2014-04-22 17:42:40', 'Active Saver'),
(19, '2014-04-28 06:39:15', 'Active Saver'),
(19, '2014-04-29 17:44:32', 'Active Saver'),
(19, '2014-05-05 06:42:37', 'Active Saver'),
(19, '2014-05-06 17:46:38', 'Active Saver'),
(19, '2014-05-12 06:44:08', 'Active Saver'),
(19, '2014-05-13 17:47:33', 'Active Saver'),
(19, '2014-05-19 06:45:02', 'Active Saver'),
(19, '2014-05-20 17:48:27', 'Active Saver'),
(19, '2014-05-26 06:45:57', 'Active Saver'),
(19, '2014-05-27 17:49:47', 'Active Saver'),
(19, '2014-06-02 06:47:36', 'Active Saver'),
(19, '2014-06-03 17:51:07', 'Active Saver'),
(19, '2014-06-09 06:48:22', 'Active Saver'),
(19, '2014-06-10 17:51:56', 'Active Saver'),
(19, '2014-06-16 06:49:25', 'Active Saver'),
(19, '2014-06-17 17:55:14', 'Active Saver'),
(19, '2014-06-23 06:50:40', 'Active Saver'),
(19, '2014-06-24 17:53:18', 'Active Saver'),
(19, '2014-06-30 06:52:19', 'Active Saver'),
(19, '2014-07-01 17:54:23', 'Active Saver'),
(19, '2014-07-01 17:57:43', 'Active Saver'),
(19, '2014-07-15 17:59:00', 'Active Saver'),
(19, '2014-07-22 17:59:44', 'Active Saver'),
(19, '2014-07-27 23:07:26', 'Active Saver'),
(19, '2014-07-27 23:12:59', 'Active Saver'),
(19, '2014-07-27 23:13:38', 'Active Saver'),
(19, '2014-07-27 23:16:17', 'Active Saver'),
(19, '2014-07-27 23:18:59', 'Active Saver'),
(19, '2014-07-27 23:23:56', 'Active Saver'),
(19, '2014-07-27 23:24:44', 'Active Saver'),
(19, '2014-07-29 18:00:31', 'Active Saver'),
(19, '2014-07-29 18:00:58', 'Active Saver'),
(19, '2014-08-05 18:02:05', 'Active Saver'),
(19, '2014-08-12 18:02:51', 'Active Saver'),
(19, '2014-08-19 18:04:00', 'Active Saver'),
(19, '2014-08-26 18:05:09', 'Active Saver'),
(19, '2014-09-02 18:06:19', 'Active Saver'),
(19, '2014-10-22 01:13:00', 'Active Saver'),
(19, '2014-10-22 01:19:36', 'Active Saver'),
(19, '2014-10-22 19:03:22', 'Active Saver'),
(19, '2014-10-24 20:47:01', 'Active Saver'),
(19, '2014-10-26 05:20:18', 'Active Saver'),
(20, '2013-04-03 03:52:26', 'Active Saver'),
(20, '2013-04-10 06:39:35', 'Active Saver'),
(20, '2013-04-17 06:49:22', 'Active Saver'),
(20, '2013-04-20 19:19:04', 'Active Saver'),
(20, '2013-04-23 16:10:22', 'Active Saver'),
(20, '2013-04-30 16:11:56', 'Active Saver'),
(20, '2013-05-07 16:13:09', 'Active Saver'),
(20, '2013-05-14 16:16:27', 'Active Saver'),
(20, '2013-05-21 16:18:09', 'Active Saver'),
(20, '2013-05-28 16:24:24', 'Active Saver'),
(20, '2013-06-04 16:25:29', 'Active Saver'),
(20, '2013-06-11 16:30:09', 'Active Saver'),
(20, '2013-06-18 16:31:09', 'Active Saver'),
(20, '2013-06-25 16:32:11', 'Active Saver'),
(20, '2013-07-02 16:34:09', 'Active Saver'),
(20, '2013-07-09 16:35:14', 'Active Saver'),
(20, '2013-07-16 16:36:01', 'Active Saver'),
(20, '2013-07-23 16:36:55', 'Active Saver'),
(20, '2013-07-30 16:37:46', 'Active Saver'),
(20, '2013-08-06 16:38:34', 'Active Saver'),
(20, '2013-08-13 16:39:12', 'Active Saver'),
(20, '2013-08-20 16:40:00', 'Active Saver'),
(20, '2013-08-20 19:20:30', 'Active Saver'),
(20, '2013-08-20 19:23:33', 'Active Saver'),
(20, '2013-08-27 16:40:52', 'Active Saver'),
(20, '2013-09-03 16:42:45', 'Active Saver'),
(20, '2013-09-10 16:43:48', 'Active Saver'),
(20, '2013-09-17 15:56:51', 'Active Saver'),
(20, '2013-09-17 16:44:33', 'Active Saver'),
(20, '2013-09-21 15:59:10', 'Active Saver'),
(20, '2013-09-22 16:01:33', 'Active Saver'),
(20, '2013-09-22 16:01:54', 'Active Saver'),
(20, '2013-09-22 16:06:55', 'Active Saver'),
(20, '2013-09-22 23:22:53', 'Active Saver'),
(20, '2013-09-22 23:45:35', 'Active Saver'),
(20, '2013-09-22 23:46:46', 'Active Saver'),
(20, '2013-09-22 23:47:15', 'Active Saver'),
(20, '2013-09-22 23:48:49', 'Active Saver'),
(20, '2013-09-22 23:59:34', 'Active Saver'),
(20, '2013-09-25 00:03:19', 'Active Saver'),
(20, '2013-09-25 00:03:31', 'Active Saver'),
(20, '2013-09-25 00:19:19', 'Active Saver'),
(20, '2013-09-25 00:24:36', 'Active Saver'),
(20, '2013-10-02 00:31:23', 'Active Saver'),
(20, '2013-10-09 00:33:34', 'Active Saver'),
(20, '2013-10-16 00:35:22', 'Active Saver'),
(20, '2013-10-23 00:38:01', 'Active Saver'),
(20, '2013-10-30 00:39:18', 'Active Saver'),
(20, '2013-11-06 00:40:34', 'Active Saver'),
(20, '2013-11-13 00:41:43', 'Active Saver'),
(20, '2013-11-20 00:42:45', 'Active Saver'),
(20, '2013-11-27 00:44:17', 'Active Saver'),
(20, '2013-12-04 00:45:31', 'Active Saver'),
(20, '2013-12-11 00:47:25', 'Active Saver'),
(20, '2013-12-18 00:53:34', 'Active Saver'),
(20, '2013-12-25 00:54:35', 'Active Saver'),
(20, '2014-01-01 00:55:30', 'Active Saver'),
(20, '2014-01-08 00:58:29', 'Active Saver'),
(20, '2014-01-08 01:03:17', 'Active Saver'),
(20, '2014-01-15 01:03:53', 'Active Saver'),
(20, '2014-01-22 01:04:53', 'Active Saver'),
(20, '2014-01-22 05:20:54', 'Active Saver'),
(20, '2014-01-22 05:34:17', 'Active Saver'),
(20, '2014-01-22 05:55:56', 'Active Saver'),
(20, '2014-01-22 06:09:42', 'Active Saver'),
(20, '2014-01-26 19:24:11', 'Active Saver'),
(20, '2014-01-26 19:38:59', 'Active Saver'),
(20, '2014-01-27 06:10:01', 'Active Saver'),
(20, '2014-01-27 06:13:57', 'Active Saver'),
(20, '2014-01-27 06:15:20', 'Active Saver'),
(20, '2014-01-29 01:05:58', 'Active Saver'),
(20, '2014-02-02 19:40:45', 'Active Saver'),
(20, '2014-02-02 20:15:46', 'Active Saver'),
(20, '2014-02-03 06:18:38', 'Active Saver'),
(20, '2014-02-05 01:07:21', 'Active Saver'),
(20, '2014-02-10 06:20:15', 'Active Saver'),
(20, '2014-02-12 01:08:27', 'Active Saver'),
(20, '2014-02-17 06:21:54', 'Active Saver'),
(20, '2014-02-19 01:10:10', 'Active Saver'),
(20, '2014-02-24 06:23:07', 'Active Saver'),
(20, '2014-02-26 01:11:02', 'Active Saver'),
(20, '2014-03-03 06:24:47', 'Active Saver'),
(20, '2014-03-10 06:25:39', 'Active Saver'),
(20, '2014-03-17 06:27:56', 'Active Saver'),
(20, '2014-03-21 05:25:11', 'Active Saver'),
(20, '2014-03-21 05:28:44', 'Active Saver'),
(20, '2014-03-21 23:47:00', 'Active Saver'),
(20, '2014-03-21 23:48:26', 'Active Saver'),
(20, '2014-03-24 06:29:32', 'Active Saver'),
(20, '2014-03-25 17:34:38', 'Active Saver'),
(20, '2014-03-26 01:17:54', 'Active Saver'),
(20, '2014-03-26 01:30:55', 'Active Saver'),
(20, '2014-03-26 01:31:37', 'Active Saver'),
(20, '2014-03-26 01:35:40', 'Active Saver'),
(20, '2014-03-26 01:37:04', 'Active Saver'),
(20, '2014-03-26 05:07:38', 'Active Saver'),
(20, '2014-03-26 05:09:04', 'Active Saver'),
(20, '2014-03-26 05:09:57', 'Active Saver'),
(20, '2014-03-26 06:04:47', 'Active Saver'),
(20, '2014-03-26 06:32:54', 'Active Saver'),
(20, '2014-03-26 06:37:53', 'Active Saver'),
(20, '2014-03-26 06:44:16', 'Active Saver'),
(20, '2014-03-26 06:50:42', 'Active Saver'),
(20, '2014-03-26 06:57:31', 'Active Saver'),
(20, '2014-03-26 07:14:21', 'Active Saver'),
(20, '2014-03-26 07:42:19', 'Active Saver'),
(20, '2014-03-27 05:21:33', 'Active Saver'),
(20, '2014-03-31 06:32:36', 'Active Saver'),
(20, '2014-04-01 17:38:27', 'Active Saver'),
(20, '2014-04-07 06:35:15', 'Active Saver'),
(20, '2014-04-08 17:40:11', 'Active Saver'),
(20, '2014-04-14 06:36:28', 'Active Saver'),
(20, '2014-04-15 17:41:15', 'Active Saver'),
(20, '2014-04-21 06:37:44', 'Active Saver'),
(20, '2014-04-22 17:42:40', 'Active Saver'),
(20, '2014-04-28 06:39:15', 'Active Saver'),
(20, '2014-04-29 17:44:32', 'Active Saver'),
(20, '2014-05-05 06:42:37', 'Active Saver'),
(20, '2014-05-06 17:46:38', 'Active Saver'),
(20, '2014-05-12 06:44:08', 'Active Saver'),
(20, '2014-05-13 17:47:33', 'Active Saver'),
(20, '2014-05-19 06:45:02', 'Active Saver'),
(20, '2014-05-20 17:48:27', 'Active Saver'),
(20, '2014-05-26 06:45:57', 'Active Saver'),
(20, '2014-05-27 17:49:47', 'Active Saver'),
(20, '2014-06-02 06:47:36', 'Active Saver'),
(20, '2014-06-03 17:51:07', 'Active Saver'),
(20, '2014-06-09 06:48:22', 'Active Saver'),
(20, '2014-06-10 17:51:56', 'Active Saver'),
(20, '2014-06-16 06:49:25', 'Active Saver'),
(20, '2014-06-17 17:55:14', 'Active Saver'),
(20, '2014-06-23 06:50:40', 'Active Saver'),
(20, '2014-06-24 17:53:18', 'Active Saver'),
(20, '2014-06-30 06:52:19', 'Active Saver'),
(20, '2014-07-01 17:54:23', 'Active Saver'),
(20, '2014-07-01 17:57:43', 'Active Saver'),
(20, '2014-07-15 17:59:00', 'Active Saver'),
(20, '2014-07-22 17:59:44', 'Active Saver'),
(20, '2014-07-27 23:07:26', 'Active Saver'),
(20, '2014-07-27 23:12:59', 'Active Saver'),
(20, '2014-07-27 23:13:38', 'Active Saver'),
(20, '2014-07-27 23:16:17', 'Active Saver'),
(20, '2014-07-27 23:18:59', 'Active Saver'),
(20, '2014-07-27 23:23:56', 'Active Saver'),
(20, '2014-07-27 23:24:44', 'Active Saver'),
(20, '2014-07-29 18:00:31', 'Active Saver'),
(20, '2014-07-29 18:00:58', 'Active Saver'),
(20, '2014-08-05 18:02:05', 'Active Saver'),
(20, '2014-08-12 18:02:51', 'Active Saver'),
(20, '2014-08-19 18:04:00', 'Active Saver'),
(20, '2014-08-26 18:05:09', 'Active Saver'),
(20, '2014-09-02 18:06:19', 'Active Saver'),
(20, '2014-10-22 01:13:00', 'Active Saver'),
(20, '2014-10-22 01:19:36', 'Active Saver'),
(20, '2014-10-22 19:03:22', 'Active Saver'),
(20, '2014-10-24 20:47:01', 'Active Saver'),
(20, '2014-10-26 05:20:18', 'Active Saver'),
(21, '2013-04-03 03:52:26', 'Active Saver'),
(21, '2013-04-10 06:39:35', 'Active Saver'),
(21, '2013-04-17 06:49:22', 'Active Saver'),
(21, '2013-04-20 19:19:04', 'Active Saver'),
(21, '2013-04-23 16:10:22', 'Active Saver'),
(21, '2013-04-30 16:11:56', 'Active Saver'),
(21, '2013-05-07 16:13:09', 'Active Saver'),
(21, '2013-05-14 16:16:27', 'Active Saver'),
(21, '2013-05-21 16:18:09', 'Active Saver'),
(21, '2013-05-28 16:24:24', 'Active Saver'),
(21, '2013-06-04 16:25:29', 'Active Saver'),
(21, '2013-06-11 16:30:09', 'Active Saver'),
(21, '2013-06-18 16:31:09', 'Active Saver'),
(21, '2013-06-25 16:32:11', 'Active Saver'),
(21, '2013-07-02 16:34:09', 'Active Saver'),
(21, '2013-07-09 16:35:14', 'Active Saver'),
(21, '2013-07-16 16:36:01', 'Active Saver'),
(21, '2013-07-23 16:36:55', 'Active Saver'),
(21, '2013-07-30 16:37:46', 'Active Saver'),
(21, '2013-08-06 16:38:34', 'Active Saver'),
(21, '2013-08-13 16:39:12', 'Active Saver'),
(21, '2013-08-20 16:40:00', 'Active Saver'),
(21, '2013-08-20 19:20:30', 'Active Saver'),
(21, '2013-08-20 19:23:33', 'Active Saver'),
(21, '2013-08-27 16:40:52', 'Active Saver'),
(21, '2013-09-03 16:42:45', 'Active Saver'),
(21, '2013-09-10 16:43:48', 'Active Saver'),
(21, '2013-09-17 15:56:51', 'Active Saver'),
(21, '2013-09-17 16:44:33', 'Active Saver'),
(21, '2014-01-22 05:20:54', 'Active Saver'),
(21, '2014-01-22 05:34:17', 'Active Saver'),
(21, '2014-01-22 05:55:56', 'Active Saver'),
(21, '2014-01-22 06:09:42', 'Active Saver'),
(21, '2014-01-26 19:24:11', 'Active Saver'),
(21, '2014-01-26 19:38:59', 'Active Saver'),
(21, '2014-01-27 06:10:01', 'Active Saver'),
(21, '2014-01-27 06:13:57', 'Active Saver'),
(21, '2014-01-27 06:15:20', 'Active Saver'),
(21, '2014-02-02 19:40:45', 'Active Saver'),
(21, '2014-02-02 20:15:46', 'Active Saver'),
(21, '2014-02-03 06:18:38', 'Active Saver'),
(21, '2014-02-10 06:20:15', 'Active Saver'),
(21, '2014-02-17 06:21:54', 'Active Saver'),
(21, '2014-02-24 06:23:07', 'Active Saver'),
(21, '2014-03-03 06:24:47', 'Active Saver'),
(21, '2014-03-10 06:25:39', 'Active Saver'),
(21, '2014-03-17 06:27:56', 'Active Saver'),
(21, '2014-03-21 05:25:11', 'Active Saver'),
(21, '2014-03-21 05:28:44', 'Active Saver'),
(21, '2014-03-24 06:29:32', 'Active Saver'),
(21, '2014-03-25 17:34:38', 'Active Saver'),
(21, '2014-03-26 01:17:54', 'Active Saver'),
(21, '2014-03-26 01:30:55', 'Active Saver'),
(21, '2014-03-26 01:31:37', 'Active Saver'),
(21, '2014-03-26 01:35:40', 'Active Saver'),
(21, '2014-03-26 01:37:04', 'Active Saver'),
(21, '2014-03-26 05:07:38', 'Active Saver'),
(21, '2014-03-26 05:09:04', 'Active Saver'),
(21, '2014-03-26 05:09:57', 'Active Saver'),
(21, '2014-03-26 06:04:47', 'Active Saver'),
(21, '2014-03-26 06:32:54', 'Active Saver'),
(21, '2014-03-26 06:37:53', 'Active Saver'),
(21, '2014-03-26 06:44:16', 'Active Saver'),
(21, '2014-03-26 06:50:42', 'Active Saver'),
(21, '2014-03-26 06:57:31', 'Active Saver'),
(21, '2014-03-26 07:14:21', 'Active Saver'),
(21, '2014-03-26 07:42:19', 'Active Saver'),
(21, '2014-03-27 05:21:33', 'Active Saver'),
(21, '2014-03-31 06:32:36', 'Active Saver'),
(21, '2014-04-01 17:38:27', 'Active Saver'),
(21, '2014-04-07 06:35:15', 'Active Saver'),
(21, '2014-04-08 17:40:11', 'Active Saver'),
(21, '2014-04-14 06:36:28', 'Active Saver'),
(21, '2014-04-15 17:41:15', 'Active Saver'),
(21, '2014-04-21 06:37:44', 'Active Saver'),
(21, '2014-04-21 23:51:05', 'Active Saver'),
(21, '2014-04-22 17:42:40', 'Active Saver'),
(21, '2014-04-28 06:39:15', 'Active Saver'),
(21, '2014-04-29 17:44:32', 'Active Saver'),
(21, '2014-05-05 06:42:37', 'Active Saver'),
(21, '2014-05-06 17:46:38', 'Active Saver'),
(21, '2014-05-12 06:44:08', 'Active Saver'),
(21, '2014-05-13 17:47:33', 'Active Saver'),
(21, '2014-05-19 06:45:02', 'Active Saver'),
(21, '2014-05-20 17:48:27', 'Active Saver'),
(21, '2014-05-21 23:58:20', 'Active Saver'),
(21, '2014-05-26 06:45:57', 'Active Saver'),
(21, '2014-05-27 17:49:47', 'Active Saver'),
(21, '2014-06-02 06:47:36', 'Active Saver'),
(21, '2014-06-03 17:51:07', 'Active Saver'),
(21, '2014-06-09 06:48:22', 'Active Saver'),
(21, '2014-06-10 17:51:56', 'Active Saver'),
(21, '2014-06-16 06:49:25', 'Active Saver'),
(21, '2014-06-17 17:55:14', 'Active Saver'),
(21, '2014-06-23 06:50:40', 'Active Saver'),
(21, '2014-06-24 17:53:18', 'Active Saver'),
(21, '2014-06-30 06:52:19', 'Active Saver'),
(21, '2014-07-01 17:54:23', 'Active Saver'),
(21, '2014-07-01 17:57:43', 'Active Saver'),
(21, '2014-07-15 17:59:00', 'Active Saver'),
(21, '2014-07-22 17:59:44', 'Active Saver'),
(21, '2014-07-27 23:07:26', 'Active Saver'),
(21, '2014-07-27 23:12:59', 'Active Saver'),
(21, '2014-07-27 23:13:38', 'Active Saver'),
(21, '2014-07-27 23:16:17', 'Active Saver'),
(21, '2014-07-27 23:18:59', 'Active Saver'),
(21, '2014-07-27 23:23:56', 'Active Saver'),
(21, '2014-07-27 23:24:44', 'Active Saver'),
(21, '2014-07-29 18:00:31', 'Active Saver'),
(21, '2014-07-29 18:00:58', 'Active Saver'),
(21, '2014-08-05 18:02:05', 'Active Saver'),
(21, '2014-08-12 18:02:51', 'Active Saver'),
(21, '2014-08-19 18:04:00', 'Active Saver'),
(21, '2014-08-26 18:05:09', 'Active Saver'),
(21, '2014-09-02 18:06:19', 'Active Saver'),
(21, '2014-10-22 01:13:00', 'Active Saver'),
(21, '2014-10-22 01:19:36', 'Active Saver'),
(21, '2014-10-22 19:03:22', 'Active Saver'),
(21, '2014-10-24 05:16:46', 'Active Saver'),
(21, '2014-10-24 20:47:01', 'Active Saver'),
(21, '2014-10-26 05:20:18', 'Active Saver'),
(22, '2013-04-03 03:52:26', 'Active Saver'),
(22, '2013-04-10 06:39:35', 'Active Saver'),
(22, '2013-04-17 06:49:22', 'Active Saver'),
(22, '2013-04-20 19:19:04', 'Active Saver'),
(22, '2013-04-23 16:10:22', 'Active Saver'),
(22, '2013-04-30 16:11:56', 'Active Saver'),
(22, '2013-05-07 16:13:09', 'Active Saver'),
(22, '2013-05-14 16:16:27', 'Active Saver'),
(22, '2013-05-21 16:18:09', 'Active Saver'),
(22, '2013-05-28 16:24:24', 'Active Saver'),
(22, '2013-06-04 16:25:29', 'Active Saver'),
(22, '2013-06-11 16:30:09', 'Active Saver'),
(22, '2013-06-18 16:31:09', 'Active Saver'),
(22, '2013-06-25 16:32:11', 'Active Saver'),
(22, '2013-07-02 16:34:09', 'Active Saver'),
(22, '2013-07-09 16:35:14', 'Active Saver'),
(22, '2013-07-16 16:36:01', 'Active Saver'),
(22, '2013-07-23 16:36:55', 'Active Saver'),
(22, '2013-07-30 16:37:46', 'Active Saver'),
(22, '2013-08-06 16:38:34', 'Active Saver'),
(22, '2013-08-13 16:39:12', 'Active Saver'),
(22, '2013-08-20 16:40:00', 'Active Saver'),
(22, '2013-08-20 19:20:30', 'Active Saver'),
(22, '2013-08-20 19:23:33', 'Active Saver'),
(22, '2013-08-27 16:40:52', 'Active Saver'),
(22, '2013-09-03 16:42:45', 'Active Saver'),
(22, '2013-09-10 16:43:48', 'Active Saver'),
(22, '2013-09-17 15:56:51', 'Active Saver'),
(22, '2013-09-17 16:44:33', 'Active Saver'),
(22, '2014-01-22 05:20:54', 'Active Saver'),
(22, '2014-01-22 05:34:17', 'Active Saver'),
(22, '2014-01-22 05:55:56', 'Active Saver'),
(22, '2014-01-22 06:09:42', 'Active Saver'),
(22, '2014-01-26 19:24:11', 'Active Saver'),
(22, '2014-01-26 19:38:59', 'Active Saver'),
(22, '2014-01-27 06:10:01', 'Active Saver'),
(22, '2014-01-27 06:13:57', 'Active Saver'),
(22, '2014-01-27 06:15:20', 'Active Saver'),
(22, '2014-02-02 19:40:45', 'Active Saver'),
(22, '2014-02-02 20:15:46', 'Active Saver'),
(22, '2014-02-03 06:18:38', 'Active Saver'),
(22, '2014-02-10 06:20:15', 'Active Saver'),
(22, '2014-02-17 06:21:54', 'Active Saver'),
(22, '2014-02-24 06:23:07', 'Active Saver'),
(22, '2014-03-03 06:24:47', 'Active Saver'),
(22, '2014-03-10 06:25:39', 'Active Saver'),
(22, '2014-03-17 06:27:56', 'Active Saver'),
(22, '2014-03-21 05:25:11', 'Active Saver'),
(22, '2014-03-21 05:28:44', 'Active Saver'),
(22, '2014-03-24 06:29:32', 'Active Saver'),
(22, '2014-03-25 17:34:38', 'Active Saver'),
(22, '2014-03-26 01:17:54', 'Active Saver'),
(22, '2014-03-26 01:30:55', 'Active Saver'),
(22, '2014-03-26 01:31:37', 'Active Saver'),
(22, '2014-03-26 01:35:40', 'Active Saver'),
(22, '2014-03-26 01:37:04', 'Active Saver'),
(22, '2014-03-26 05:07:38', 'Active Saver'),
(22, '2014-03-26 05:09:04', 'Active Saver'),
(22, '2014-03-26 05:09:57', 'Active Saver'),
(22, '2014-03-26 06:04:47', 'Active Saver'),
(22, '2014-03-26 06:32:54', 'Active Saver'),
(22, '2014-03-26 06:37:53', 'Active Saver'),
(22, '2014-03-26 06:44:16', 'Active Saver'),
(22, '2014-03-26 06:50:42', 'Active Saver'),
(22, '2014-03-26 06:57:31', 'Active Saver'),
(22, '2014-03-26 07:14:21', 'Active Saver'),
(22, '2014-03-26 07:42:19', 'Active Saver'),
(22, '2014-03-27 05:21:33', 'Active Saver'),
(22, '2014-03-31 06:32:36', 'Active Saver'),
(22, '2014-04-01 17:38:27', 'Active Saver'),
(22, '2014-04-07 06:35:15', 'Active Saver'),
(22, '2014-04-08 17:40:11', 'Active Saver'),
(22, '2014-04-14 06:36:28', 'Active Saver'),
(22, '2014-04-15 17:41:15', 'Active Saver'),
(22, '2014-04-21 06:37:44', 'Active Saver'),
(22, '2014-04-21 23:53:15', 'Active Saver'),
(22, '2014-04-22 17:42:40', 'Active Saver'),
(22, '2014-04-28 06:39:15', 'Active Saver'),
(22, '2014-04-29 17:44:32', 'Active Saver'),
(22, '2014-05-05 06:42:37', 'Active Saver'),
(22, '2014-05-06 17:46:38', 'Active Saver'),
(22, '2014-05-12 06:44:08', 'Active Saver'),
(22, '2014-05-13 17:47:33', 'Active Saver'),
(22, '2014-05-19 06:45:02', 'Active Saver'),
(22, '2014-05-20 17:48:27', 'Active Saver'),
(22, '2014-05-21 23:58:20', 'Active Saver'),
(22, '2014-05-26 06:45:57', 'Active Saver'),
(22, '2014-05-27 17:49:47', 'Active Saver'),
(22, '2014-06-02 06:47:36', 'Active Saver'),
(22, '2014-06-03 17:51:07', 'Active Saver'),
(22, '2014-06-09 06:48:22', 'Active Saver'),
(22, '2014-06-10 17:51:56', 'Active Saver'),
(22, '2014-06-16 06:49:25', 'Active Saver'),
(22, '2014-06-17 17:55:14', 'Active Saver'),
(22, '2014-06-23 06:50:40', 'Active Saver'),
(22, '2014-06-24 17:53:18', 'Active Saver'),
(22, '2014-06-30 06:52:19', 'Active Saver'),
(22, '2014-07-01 17:54:23', 'Active Saver'),
(22, '2014-07-01 17:57:43', 'Active Saver'),
(22, '2014-07-15 17:59:00', 'Active Saver'),
(22, '2014-07-22 17:59:44', 'Active Saver'),
(22, '2014-07-27 23:07:26', 'Active Saver'),
(22, '2014-07-27 23:12:59', 'Active Saver'),
(22, '2014-07-27 23:13:38', 'Active Saver'),
(22, '2014-07-27 23:16:17', 'Active Saver'),
(22, '2014-07-27 23:18:59', 'Active Saver'),
(22, '2014-07-27 23:23:56', 'Active Saver'),
(22, '2014-07-27 23:24:44', 'Active Saver'),
(22, '2014-07-29 18:00:31', 'Active Saver'),
(22, '2014-07-29 18:00:58', 'Active Saver'),
(22, '2014-08-05 18:02:05', 'Active Saver'),
(22, '2014-08-12 18:02:51', 'Active Saver'),
(22, '2014-08-19 18:04:00', 'Active Saver'),
(22, '2014-08-26 18:05:09', 'Active Saver'),
(22, '2014-09-02 18:06:19', 'Active Saver'),
(22, '2014-10-22 01:13:00', 'Active Saver'),
(22, '2014-10-22 01:19:36', 'Active Saver'),
(22, '2014-10-22 19:03:22', 'Active Saver'),
(22, '2014-10-24 05:16:46', 'Active Saver'),
(22, '2014-10-24 20:47:01', 'Active Saver'),
(22, '2014-10-26 05:20:18', 'Active Saver'),
(23, '2013-04-03 03:52:26', 'Active Saver'),
(23, '2013-04-10 06:39:35', 'Active Saver'),
(23, '2013-04-17 06:49:22', 'Active Saver'),
(23, '2013-04-20 19:19:04', 'Active Saver'),
(23, '2013-04-23 16:10:22', 'Active Saver'),
(23, '2013-04-30 16:11:56', 'Active Saver'),
(23, '2013-05-07 16:13:09', 'Active Saver'),
(23, '2013-05-14 16:16:27', 'Active Saver'),
(23, '2013-05-21 16:18:09', 'Active Saver'),
(23, '2013-05-28 16:24:24', 'Active Saver'),
(23, '2013-06-04 16:25:29', 'Active Saver'),
(23, '2013-06-11 16:30:09', 'Active Saver'),
(23, '2013-06-18 16:31:09', 'Active Saver'),
(23, '2013-06-25 16:32:11', 'Active Saver'),
(23, '2013-07-02 16:34:09', 'Active Saver'),
(23, '2013-07-09 16:35:14', 'Active Saver'),
(23, '2013-07-16 16:36:01', 'Active Saver'),
(23, '2013-07-23 16:36:55', 'Active Saver'),
(23, '2013-07-30 16:37:46', 'Active Saver'),
(23, '2013-08-06 16:38:34', 'Active Saver'),
(23, '2013-08-13 16:39:12', 'Active Saver'),
(23, '2013-08-20 16:40:00', 'Active Saver'),
(23, '2013-08-20 19:20:30', 'Active Saver'),
(23, '2013-08-20 19:23:33', 'Active Saver'),
(23, '2013-08-27 16:40:52', 'Active Saver'),
(23, '2013-09-03 16:42:45', 'Active Saver'),
(23, '2013-09-10 16:43:48', 'Active Saver'),
(23, '2013-09-17 15:56:51', 'Active Saver'),
(23, '2013-09-17 16:44:33', 'Active Saver'),
(23, '2014-01-22 05:20:54', 'Active Saver'),
(23, '2014-01-22 05:34:17', 'Active Saver'),
(23, '2014-01-22 05:55:56', 'Active Saver'),
(23, '2014-01-22 06:09:42', 'Active Saver'),
(23, '2014-01-26 19:24:11', 'Active Saver'),
(23, '2014-01-26 19:38:59', 'Active Saver'),
(23, '2014-01-27 06:10:01', 'Active Saver'),
(23, '2014-01-27 06:13:57', 'Active Saver'),
(23, '2014-01-27 06:15:20', 'Active Saver'),
(23, '2014-02-02 19:40:45', 'Active Saver'),
(23, '2014-02-02 20:15:46', 'Active Saver'),
(23, '2014-02-03 06:18:38', 'Active Saver'),
(23, '2014-02-10 06:20:15', 'Active Saver'),
(23, '2014-02-17 06:21:54', 'Active Saver'),
(23, '2014-02-24 06:23:07', 'Active Saver'),
(23, '2014-03-03 06:24:47', 'Active Saver'),
(23, '2014-03-10 06:25:39', 'Active Saver'),
(23, '2014-03-17 06:27:56', 'Active Saver'),
(23, '2014-03-21 05:25:11', 'Active Saver'),
(23, '2014-03-21 05:28:44', 'Active Saver'),
(23, '2014-03-24 06:29:32', 'Active Saver'),
(23, '2014-03-25 17:34:38', 'Active Saver'),
(23, '2014-03-26 01:17:54', 'Active Saver'),
(23, '2014-03-26 01:30:55', 'Active Saver'),
(23, '2014-03-26 01:31:37', 'Active Saver'),
(23, '2014-03-26 01:35:40', 'Active Saver'),
(23, '2014-03-26 01:37:04', 'Active Saver'),
(23, '2014-03-26 05:07:38', 'Active Saver'),
(23, '2014-03-26 05:09:04', 'Active Saver'),
(23, '2014-03-26 05:09:57', 'Active Saver'),
(23, '2014-03-26 06:04:47', 'Active Saver'),
(23, '2014-03-26 06:32:54', 'Active Saver'),
(23, '2014-03-26 06:37:53', 'Active Saver'),
(23, '2014-03-26 06:44:16', 'Active Saver'),
(23, '2014-03-26 06:50:42', 'Active Saver'),
(23, '2014-03-26 06:57:31', 'Active Saver'),
(23, '2014-03-26 07:14:21', 'Active Saver'),
(23, '2014-03-26 07:42:19', 'Active Saver'),
(23, '2014-03-27 05:21:33', 'Active Saver'),
(23, '2014-03-31 06:32:36', 'Active Saver'),
(23, '2014-04-01 17:38:27', 'Active Saver'),
(23, '2014-04-07 06:35:15', 'Active Saver'),
(23, '2014-04-08 17:40:11', 'Active Saver'),
(23, '2014-04-14 06:36:28', 'Active Saver'),
(23, '2014-04-15 17:41:15', 'Active Saver'),
(23, '2014-04-21 06:37:44', 'Active Saver'),
(23, '2014-04-21 23:56:16', 'Active Saver'),
(23, '2014-04-22 17:42:40', 'Active Saver'),
(23, '2014-04-28 06:39:15', 'Active Saver'),
(23, '2014-04-29 17:44:32', 'Active Saver'),
(23, '2014-05-05 06:42:37', 'Active Saver'),
(23, '2014-05-06 17:46:38', 'Active Saver'),
(23, '2014-05-12 06:44:08', 'Active Saver'),
(23, '2014-05-13 17:47:33', 'Active Saver'),
(23, '2014-05-19 06:45:02', 'Active Saver'),
(23, '2014-05-20 17:48:27', 'Active Saver'),
(23, '2014-05-21 23:58:20', 'Active Saver'),
(23, '2014-05-26 06:45:57', 'Active Saver'),
(23, '2014-05-27 17:49:47', 'Active Saver'),
(23, '2014-06-02 06:47:36', 'Active Saver'),
(23, '2014-06-03 17:51:07', 'Active Saver'),
(23, '2014-06-09 06:48:22', 'Active Saver'),
(23, '2014-06-10 17:51:56', 'Active Saver'),
(23, '2014-06-16 06:49:25', 'Active Saver'),
(23, '2014-06-17 17:55:14', 'Active Saver'),
(23, '2014-06-23 06:50:40', 'Active Saver'),
(23, '2014-06-24 17:53:18', 'Active Saver'),
(23, '2014-06-30 06:52:19', 'Active Saver'),
(23, '2014-07-01 17:54:23', 'Active Saver'),
(23, '2014-07-01 17:57:43', 'Active Saver'),
(23, '2014-07-15 17:59:00', 'Active Saver'),
(23, '2014-07-22 17:59:44', 'Active Saver'),
(23, '2014-07-27 23:07:26', 'Active Saver'),
(23, '2014-07-27 23:12:59', 'Active Saver'),
(23, '2014-07-27 23:13:38', 'Active Saver'),
(23, '2014-07-27 23:16:17', 'Active Saver'),
(23, '2014-07-27 23:18:59', 'Active Saver'),
(23, '2014-07-27 23:23:56', 'Active Saver'),
(23, '2014-07-27 23:24:44', 'Active Saver'),
(23, '2014-07-29 18:00:31', 'Active Saver'),
(23, '2014-07-29 18:00:58', 'Active Saver'),
(23, '2014-08-05 18:02:05', 'Active Saver'),
(23, '2014-08-12 18:02:51', 'Active Saver'),
(23, '2014-08-19 18:04:00', 'Active Saver'),
(23, '2014-08-26 18:05:09', 'Active Saver'),
(23, '2014-09-02 18:06:19', 'Active Saver'),
(23, '2014-10-22 01:13:00', 'Active Saver'),
(23, '2014-10-22 01:19:36', 'Active Saver'),
(23, '2014-10-22 19:03:22', 'Active Saver'),
(23, '2014-10-24 05:16:46', 'Active Saver'),
(23, '2014-10-24 20:47:01', 'Active Saver'),
(23, '2014-10-26 05:20:18', 'Active Saver'),
(24, '2013-03-22 02:17:09', 'Borrower'),
(24, '2013-03-22 02:54:50', 'Borrower'),
(24, '2013-03-22 03:18:32', 'Borrower'),
(24, '2013-03-22 03:19:59', 'Borrower'),
(24, '2013-03-27 03:21:29', 'Borrower'),
(24, '2013-04-03 03:48:57', 'Borrower'),
(24, '2013-04-03 03:52:26', 'Borrower'),
(24, '2013-04-10 06:39:35', 'Borrower'),
(24, '2013-04-10 06:42:09', 'Borrower'),
(24, '2013-04-17 06:49:22', 'Borrower'),
(24, '2013-04-23 16:10:22', 'Borrower'),
(24, '2013-04-30 16:11:56', 'Borrower'),
(24, '2013-05-07 16:13:09', 'Borrower'),
(24, '2013-05-14 16:16:27', 'Borrower'),
(24, '2013-05-21 16:18:09', 'Borrower'),
(24, '2013-05-28 16:24:24', 'Borrower'),
(24, '2013-06-04 16:25:29', 'Borrower'),
(24, '2013-06-11 16:30:09', 'Borrower'),
(24, '2013-06-18 16:31:09', 'Borrower'),
(24, '2013-06-25 16:32:11', 'Borrower'),
(24, '2013-07-02 16:34:09', 'Borrower'),
(24, '2013-07-09 16:35:14', 'Borrower'),
(24, '2013-07-16 16:36:01', 'Borrower'),
(24, '2013-07-23 16:36:55', 'Borrower'),
(24, '2013-07-30 16:37:46', 'Borrower'),
(24, '2013-08-06 16:38:34', 'Borrower'),
(24, '2013-08-13 16:39:12', 'Borrower'),
(24, '2013-08-20 16:40:00', 'Borrower'),
(24, '2013-08-27 16:40:52', 'Borrower'),
(24, '2013-09-03 16:42:45', 'Borrower'),
(24, '2013-09-10 16:43:48', 'Borrower'),
(24, '2013-09-17 16:44:33', 'Borrower'),
(24, '2014-01-22 01:14:05', 'Borrower'),
(24, '2014-01-22 01:17:56', 'Borrower'),
(24, '2014-01-22 01:20:30', 'Borrower'),
(24, '2014-01-22 02:00:13', 'Borrower'),
(24, '2014-01-22 02:00:27', 'Borrower'),
(24, '2014-01-22 02:06:46', 'Borrower'),
(24, '2014-10-22 00:52:34', 'Active'),
(24, '2014-10-22 19:03:22', 'Borrower'),
(25, '2013-03-22 02:17:09', 'Borrower'),
(25, '2013-03-22 02:54:50', 'Borrower'),
(25, '2013-03-22 03:18:32', 'Borrower'),
(25, '2013-03-22 03:19:59', 'Borrower'),
(25, '2013-03-27 03:21:29', 'Borrower'),
(25, '2013-04-03 03:48:57', 'Borrower'),
(25, '2013-04-03 03:52:26', 'Borrower'),
(25, '2013-04-10 06:39:35', 'Borrower'),
(25, '2013-04-10 06:42:09', 'Borrower'),
(25, '2013-04-17 06:49:22', 'Borrower'),
(25, '2013-04-23 16:10:22', 'Borrower'),
(25, '2013-04-30 16:11:56', 'Borrower'),
(25, '2013-05-07 16:13:09', 'Borrower'),
(25, '2013-05-14 16:16:27', 'Borrower'),
(25, '2013-05-21 16:18:09', 'Borrower'),
(25, '2013-05-28 16:24:24', 'Borrower'),
(25, '2013-06-04 16:25:29', 'Borrower'),
(25, '2013-06-11 16:30:09', 'Borrower'),
(25, '2013-06-18 16:31:09', 'Borrower'),
(25, '2013-06-25 16:32:11', 'Borrower'),
(25, '2013-07-02 16:34:09', 'Borrower'),
(25, '2013-07-09 16:35:14', 'Borrower'),
(25, '2013-07-16 16:36:01', 'Borrower'),
(25, '2013-07-23 16:36:55', 'Borrower'),
(25, '2013-07-30 16:37:46', 'Borrower'),
(25, '2013-08-06 16:38:35', 'Borrower');
INSERT INTO `members_has_membersmembershipstatus` (`ControlNo`, `DateUpdated`, `Status`) VALUES
(25, '2013-08-13 16:39:12', 'Borrower'),
(25, '2013-08-20 16:40:00', 'Borrower'),
(25, '2013-08-27 16:40:52', 'Borrower'),
(25, '2013-09-03 16:42:45', 'Borrower'),
(25, '2013-09-10 16:43:48', 'Borrower'),
(25, '2013-09-17 16:44:33', 'Borrower'),
(25, '2014-01-22 01:14:05', 'Borrower'),
(25, '2014-01-22 01:17:56', 'Borrower'),
(25, '2014-01-22 01:20:30', 'Borrower'),
(25, '2014-01-22 02:00:13', 'Borrower'),
(25, '2014-01-22 02:00:28', 'Borrower'),
(25, '2014-01-22 02:06:46', 'Borrower'),
(25, '2014-10-22 00:54:31', 'Active'),
(25, '2014-10-22 19:03:22', 'Borrower'),
(26, '2013-03-22 02:17:09', 'Borrower'),
(26, '2013-03-22 02:54:50', 'Borrower'),
(26, '2013-03-22 03:18:32', 'Borrower'),
(26, '2013-03-22 03:19:59', 'Borrower'),
(26, '2013-03-27 03:21:29', 'Borrower'),
(26, '2013-04-03 03:48:57', 'Borrower'),
(26, '2013-04-03 03:52:26', 'Borrower'),
(26, '2013-04-10 06:39:35', 'Borrower'),
(26, '2013-04-10 06:42:09', 'Borrower'),
(26, '2013-04-17 06:49:22', 'Borrower'),
(26, '2013-04-23 16:10:22', 'Borrower'),
(26, '2013-04-30 16:11:56', 'Borrower'),
(26, '2013-05-07 16:13:09', 'Borrower'),
(26, '2013-05-14 16:16:27', 'Borrower'),
(26, '2013-05-21 16:18:09', 'Borrower'),
(26, '2013-05-28 16:24:24', 'Borrower'),
(26, '2013-06-04 16:25:29', 'Borrower'),
(26, '2013-06-11 16:30:09', 'Borrower'),
(26, '2013-06-18 16:31:09', 'Borrower'),
(26, '2013-06-25 16:32:11', 'Borrower'),
(26, '2013-07-02 16:34:09', 'Borrower'),
(26, '2013-07-09 16:35:14', 'Borrower'),
(26, '2013-07-16 16:36:01', 'Borrower'),
(26, '2013-07-23 16:36:55', 'Borrower'),
(26, '2013-07-30 16:37:46', 'Borrower'),
(26, '2013-08-06 16:38:35', 'Borrower'),
(26, '2013-08-13 16:39:12', 'Borrower'),
(26, '2013-08-20 16:40:00', 'Borrower'),
(26, '2013-08-27 16:40:52', 'Borrower'),
(26, '2013-09-03 16:42:45', 'Borrower'),
(26, '2013-09-10 16:43:48', 'Borrower'),
(26, '2013-09-17 16:44:33', 'Borrower'),
(26, '2014-01-22 01:14:05', 'Borrower'),
(26, '2014-01-22 01:17:56', 'Borrower'),
(26, '2014-01-22 01:20:30', 'Borrower'),
(26, '2014-01-22 02:00:13', 'Borrower'),
(26, '2014-01-22 02:00:28', 'Borrower'),
(26, '2014-01-22 02:06:46', 'Borrower'),
(26, '2014-10-22 00:56:27', 'Active'),
(26, '2014-10-22 08:05:46', 'Borrower'),
(26, '2014-10-22 19:03:22', 'Borrower'),
(27, '2014-01-22 05:38:20', 'Active Saver'),
(27, '2014-10-22 01:19:36', 'Active Saver'),
(28, '2014-01-22 05:40:22', 'Active Saver'),
(28, '2014-10-22 01:19:36', 'Active Saver'),
(29, '2014-01-22 05:43:12', 'Active Saver'),
(29, '2014-03-21 05:28:44', 'Active Saver'),
(30, '2014-01-22 05:45:24', 'Active Saver'),
(30, '2014-03-21 05:28:44', 'Active Saver'),
(30, '2014-10-22 08:31:45', 'Terminated Voluntarily'),
(30, '2014-10-31 03:13:16', 'Active Saver'),
(31, '2014-01-22 05:48:00', 'Active Saver'),
(31, '2014-03-21 05:28:44', 'Active Saver'),
(32, '2014-01-22 05:50:37', 'Active Saver'),
(32, '2014-03-21 05:28:44', 'Active Saver'),
(32, '2014-10-29 06:15:18', 'Active Saver'),
(32, '2014-10-29 07:42:12', 'Terminated Voluntarily'),
(32, '2014-10-31 03:27:14', 'Active Saver'),
(33, '2014-01-22 05:55:47', 'Active'),
(33, '2014-03-21 05:28:44', 'Borrower'),
(33, '2014-10-22 08:10:15', 'Borrower'),
(33, '2014-10-22 08:18:18', 'Borrower'),
(33, '2014-10-29 06:15:18', 'Borrower'),
(33, '2014-10-29 06:45:15', 'Borrower'),
(33, '2014-10-31 03:13:16', 'Borrower'),
(34, '2014-01-22 05:58:17', 'Active Saver'),
(34, '2014-03-21 05:28:44', 'Active Saver'),
(35, '2014-01-22 06:05:15', 'Active Saver'),
(35, '2014-03-21 05:28:44', 'Active Saver'),
(36, '2014-01-22 06:07:23', 'Active'),
(36, '2014-03-21 05:28:44', 'Borrower'),
(36, '2014-10-22 08:05:46', 'Borrower'),
(36, '2014-10-29 06:15:18', 'Borrower'),
(36, '2014-10-29 06:50:47', 'Borrower'),
(36, '2014-10-31 03:05:56', 'Borrower'),
(36, '2014-10-31 03:12:24', 'Borrower'),
(37, '2014-01-22 06:09:04', 'Active'),
(37, '2014-03-21 05:28:44', 'Borrower'),
(37, '2014-10-22 08:10:15', 'Borrower'),
(37, '2014-10-29 06:45:15', 'Borrower'),
(37, '2014-10-31 03:13:16', 'Borrower'),
(38, '2014-01-22 06:10:49', 'Active'),
(38, '2014-03-21 05:28:44', 'Borrower'),
(38, '2014-10-22 08:05:46', 'Borrower'),
(38, '2014-10-29 06:15:18', 'Borrower'),
(38, '2014-10-29 06:50:47', 'Borrower'),
(38, '2014-10-31 03:12:24', 'Borrower'),
(39, '2014-01-22 06:12:35', 'Active'),
(39, '2014-03-21 05:28:44', 'Borrower'),
(39, '2014-10-22 08:10:15', 'Borrower'),
(39, '2014-10-29 06:45:15', 'Borrower'),
(40, '2014-01-22 06:14:43', 'Active'),
(40, '2014-03-21 05:28:45', 'Borrower'),
(40, '2014-10-31 03:05:56', 'Borrower'),
(41, '2014-01-22 06:16:32', 'Active'),
(41, '2014-03-21 05:28:45', 'Borrower'),
(41, '2014-10-15 07:56:18', 'Borrower'),
(41, '2014-10-29 06:15:18', 'Borrower'),
(42, '2014-01-22 06:18:09', 'Active'),
(42, '2014-03-21 05:28:45', 'Borrower'),
(42, '2014-07-02 08:08:07', 'Borrower'),
(42, '2014-10-15 07:56:18', 'Borrower'),
(42, '2014-10-15 08:00:50', 'Borrower'),
(42, '2014-10-29 06:45:15', 'Borrower'),
(43, '2014-01-22 06:20:51', 'Active'),
(43, '2014-03-21 05:28:45', 'Borrower'),
(43, '2014-10-29 06:15:18', 'Borrower'),
(43, '2014-10-31 03:12:24', 'Borrower'),
(44, '2014-01-22 06:22:37', 'Active'),
(44, '2014-03-21 05:28:45', 'Borrower'),
(44, '2014-10-15 07:56:18', 'Borrower'),
(44, '2014-10-15 08:00:50', 'Borrower'),
(44, '2014-10-22 08:18:18', 'Borrower'),
(44, '2014-10-29 06:45:15', 'Borrower'),
(44, '2014-10-31 03:12:51', 'Borrower'),
(44, '2014-10-31 03:14:00', 'Borrower'),
(46, '2013-03-22 06:27:14', 'Active Saver'),
(46, '2013-09-22 16:06:55', 'Active Saver'),
(46, '2014-01-22 05:34:17', 'Active Saver'),
(46, '2014-01-22 05:55:56', 'Active Saver'),
(46, '2014-01-22 06:09:42', 'Active Saver'),
(46, '2014-01-27 06:10:01', 'Active Saver'),
(46, '2014-01-27 06:13:57', 'Active Saver'),
(46, '2014-01-27 06:15:20', 'Active Saver'),
(46, '2014-02-03 06:18:38', 'Active Saver'),
(46, '2014-02-10 06:20:15', 'Active Saver'),
(46, '2014-02-17 06:21:54', 'Active Saver'),
(46, '2014-02-24 06:23:07', 'Active Saver'),
(46, '2014-03-03 06:24:47', 'Active Saver'),
(46, '2014-03-10 06:25:39', 'Active Saver'),
(46, '2014-03-17 06:27:56', 'Active Saver'),
(46, '2014-03-21 05:25:11', 'Active Saver'),
(46, '2014-03-21 05:28:45', 'Active Saver'),
(46, '2014-03-24 06:29:32', 'Active Saver'),
(46, '2014-03-25 17:34:38', 'Active Saver'),
(46, '2014-03-26 01:17:54', 'Active Saver'),
(46, '2014-03-26 01:30:55', 'Active Saver'),
(46, '2014-03-26 01:31:37', 'Active Saver'),
(46, '2014-03-26 01:35:40', 'Active Saver'),
(46, '2014-03-26 01:37:04', 'Active Saver'),
(46, '2014-03-26 04:50:09', 'Active Saver'),
(46, '2014-03-26 05:07:38', 'Active Saver'),
(46, '2014-03-26 05:09:04', 'Active Saver'),
(46, '2014-03-26 05:09:57', 'Active Saver'),
(46, '2014-03-26 06:04:47', 'Active Saver'),
(46, '2014-03-26 06:32:54', 'Active Saver'),
(46, '2014-03-26 06:37:53', 'Active Saver'),
(46, '2014-03-26 06:44:16', 'Active Saver'),
(46, '2014-03-26 06:50:42', 'Active Saver'),
(46, '2014-03-26 06:57:31', 'Active Saver'),
(46, '2014-03-26 07:14:21', 'Active Saver'),
(46, '2014-03-26 07:42:19', 'Active Saver'),
(46, '2014-03-27 04:52:06', 'Active Saver'),
(46, '2014-03-27 05:05:56', 'Active Saver'),
(46, '2014-03-27 05:21:33', 'Active Saver'),
(46, '2014-03-31 06:32:36', 'Active Saver'),
(46, '2014-04-01 17:38:27', 'Active Saver'),
(46, '2014-04-07 06:35:15', 'Active Saver'),
(46, '2014-04-08 17:40:11', 'Active Saver'),
(46, '2014-04-14 06:36:28', 'Active Saver'),
(46, '2014-04-15 17:41:15', 'Active Saver'),
(46, '2014-04-21 06:37:44', 'Active Saver'),
(46, '2014-04-22 17:42:40', 'Active Saver'),
(46, '2014-04-28 06:39:15', 'Active Saver'),
(46, '2014-04-29 17:44:32', 'Active Saver'),
(46, '2014-05-05 06:42:37', 'Active Saver'),
(46, '2014-05-06 17:46:38', 'Active Saver'),
(46, '2014-05-12 06:44:08', 'Active Saver'),
(46, '2014-05-13 17:47:33', 'Active Saver'),
(46, '2014-05-19 06:45:02', 'Active Saver'),
(46, '2014-05-20 17:48:27', 'Active Saver'),
(46, '2014-05-26 06:45:57', 'Active Saver'),
(46, '2014-05-27 17:49:47', 'Active Saver'),
(46, '2014-06-02 06:47:36', 'Active Saver'),
(46, '2014-06-03 17:51:07', 'Active Saver'),
(46, '2014-06-09 06:48:22', 'Active Saver'),
(46, '2014-06-10 17:51:56', 'Active Saver'),
(46, '2014-06-16 06:49:25', 'Active Saver'),
(46, '2014-06-17 17:55:14', 'Active Saver'),
(46, '2014-06-23 06:50:40', 'Active Saver'),
(46, '2014-06-24 17:53:18', 'Active Saver'),
(46, '2014-06-30 06:52:19', 'Active Saver'),
(46, '2014-07-01 17:54:23', 'Active Saver'),
(46, '2014-07-01 17:57:43', 'Active Saver'),
(46, '2014-07-15 17:59:00', 'Active Saver'),
(46, '2014-07-22 17:59:44', 'Active Saver'),
(46, '2014-07-27 23:07:26', 'Active Saver'),
(46, '2014-07-27 23:12:59', 'Active Saver'),
(46, '2014-07-27 23:13:38', 'Active Saver'),
(46, '2014-07-27 23:16:17', 'Active Saver'),
(46, '2014-07-27 23:18:59', 'Active Saver'),
(46, '2014-07-27 23:23:56', 'Active Saver'),
(46, '2014-07-27 23:24:44', 'Active Saver'),
(46, '2014-07-29 18:00:31', 'Active Saver'),
(46, '2014-07-29 18:00:58', 'Active Saver'),
(46, '2014-08-05 18:02:05', 'Active Saver'),
(46, '2014-08-12 18:02:51', 'Active Saver'),
(46, '2014-08-19 18:04:00', 'Active Saver'),
(46, '2014-08-26 18:05:09', 'Active Saver'),
(46, '2014-09-02 18:06:19', 'Active Saver'),
(46, '2014-10-22 01:13:00', 'Active Saver'),
(47, '2013-03-22 06:28:52', 'Active Saver'),
(47, '2013-09-22 16:06:55', 'Active Saver'),
(47, '2014-01-22 05:34:17', 'Active Saver'),
(47, '2014-01-22 05:55:56', 'Active Saver'),
(47, '2014-01-22 06:09:42', 'Active Saver'),
(47, '2014-01-27 06:10:01', 'Active Saver'),
(47, '2014-01-27 06:13:57', 'Active Saver'),
(47, '2014-01-27 06:15:20', 'Active Saver'),
(47, '2014-02-03 06:18:38', 'Active Saver'),
(47, '2014-02-10 06:20:15', 'Active Saver'),
(47, '2014-02-17 06:21:54', 'Active Saver'),
(47, '2014-02-24 06:23:07', 'Active Saver'),
(47, '2014-03-03 06:24:47', 'Active Saver'),
(47, '2014-03-10 06:25:39', 'Active Saver'),
(47, '2014-03-17 06:27:56', 'Active Saver'),
(47, '2014-03-21 05:25:11', 'Active Saver'),
(47, '2014-03-21 05:28:45', 'Active Saver'),
(47, '2014-03-24 06:29:32', 'Active Saver'),
(47, '2014-03-25 17:34:38', 'Active Saver'),
(47, '2014-03-26 01:17:54', 'Active Saver'),
(47, '2014-03-26 01:30:55', 'Active Saver'),
(47, '2014-03-26 01:31:37', 'Active Saver'),
(47, '2014-03-26 01:35:40', 'Active Saver'),
(47, '2014-03-26 01:37:04', 'Active Saver'),
(47, '2014-03-26 04:50:09', 'Active Saver'),
(47, '2014-03-26 05:07:38', 'Active Saver'),
(47, '2014-03-26 05:09:04', 'Active Saver'),
(47, '2014-03-26 05:09:57', 'Active Saver'),
(47, '2014-03-26 06:04:47', 'Active Saver'),
(47, '2014-03-26 06:32:54', 'Active Saver'),
(47, '2014-03-26 06:37:53', 'Active Saver'),
(47, '2014-03-26 06:44:16', 'Active Saver'),
(47, '2014-03-26 06:50:42', 'Active Saver'),
(47, '2014-03-26 06:57:31', 'Active Saver'),
(47, '2014-03-26 07:14:21', 'Active Saver'),
(47, '2014-03-26 07:42:19', 'Active Saver'),
(47, '2014-03-27 04:52:06', 'Active Saver'),
(47, '2014-03-27 05:05:56', 'Active Saver'),
(47, '2014-03-27 05:21:33', 'Active Saver'),
(47, '2014-03-31 06:32:36', 'Active Saver'),
(47, '2014-04-01 17:38:27', 'Active Saver'),
(47, '2014-04-07 06:35:15', 'Active Saver'),
(47, '2014-04-08 17:40:11', 'Active Saver'),
(47, '2014-04-14 06:36:28', 'Active Saver'),
(47, '2014-04-15 17:41:15', 'Active Saver'),
(47, '2014-04-21 06:37:44', 'Active Saver'),
(47, '2014-04-22 17:42:40', 'Active Saver'),
(47, '2014-04-28 06:39:15', 'Active Saver'),
(47, '2014-04-29 17:44:32', 'Active Saver'),
(47, '2014-05-05 06:42:37', 'Active Saver'),
(47, '2014-05-06 17:46:38', 'Active Saver'),
(47, '2014-05-12 06:44:08', 'Active Saver'),
(47, '2014-05-13 17:47:33', 'Active Saver'),
(47, '2014-05-19 06:45:02', 'Active Saver'),
(47, '2014-05-20 17:48:27', 'Active Saver'),
(47, '2014-05-26 06:45:57', 'Active Saver'),
(47, '2014-05-27 17:49:47', 'Active Saver'),
(47, '2014-06-02 06:47:36', 'Active Saver'),
(47, '2014-06-03 17:51:07', 'Active Saver'),
(47, '2014-06-09 06:48:22', 'Active Saver'),
(47, '2014-06-10 17:51:56', 'Active Saver'),
(47, '2014-06-16 06:49:25', 'Active Saver'),
(47, '2014-06-17 17:55:14', 'Active Saver'),
(47, '2014-06-23 06:50:40', 'Active Saver'),
(47, '2014-06-24 17:53:18', 'Active Saver'),
(47, '2014-06-30 06:52:19', 'Active Saver'),
(47, '2014-07-01 17:54:23', 'Active Saver'),
(47, '2014-07-01 17:57:43', 'Active Saver'),
(47, '2014-07-15 17:59:00', 'Active Saver'),
(47, '2014-07-22 17:59:44', 'Active Saver'),
(47, '2014-07-27 23:07:26', 'Active Saver'),
(47, '2014-07-27 23:12:59', 'Active Saver'),
(47, '2014-07-27 23:13:38', 'Active Saver'),
(47, '2014-07-27 23:16:17', 'Active Saver'),
(47, '2014-07-27 23:18:59', 'Active Saver'),
(47, '2014-07-27 23:23:56', 'Active Saver'),
(47, '2014-07-27 23:24:44', 'Active Saver'),
(47, '2014-07-29 18:00:31', 'Active Saver'),
(47, '2014-07-29 18:00:58', 'Active Saver'),
(47, '2014-08-05 18:02:05', 'Active Saver'),
(47, '2014-08-12 18:02:51', 'Active Saver'),
(47, '2014-08-19 18:04:00', 'Active Saver'),
(47, '2014-08-26 18:05:09', 'Active Saver'),
(47, '2014-09-02 18:06:19', 'Active Saver'),
(47, '2014-10-22 01:13:00', 'Active Saver'),
(48, '2013-03-22 06:32:34', 'Active Saver'),
(48, '2013-09-22 16:06:55', 'Active Saver'),
(48, '2014-01-22 05:34:17', 'Active Saver'),
(48, '2014-01-22 05:55:56', 'Active Saver'),
(48, '2014-01-22 06:09:42', 'Active Saver'),
(48, '2014-01-27 06:10:01', 'Active Saver'),
(48, '2014-01-27 06:13:57', 'Active Saver'),
(48, '2014-01-27 06:15:20', 'Active Saver'),
(48, '2014-02-03 06:18:38', 'Active Saver'),
(48, '2014-02-10 06:20:15', 'Active Saver'),
(48, '2014-02-17 06:21:54', 'Active Saver'),
(48, '2014-02-24 06:23:07', 'Active Saver'),
(48, '2014-03-03 06:24:47', 'Active Saver'),
(48, '2014-03-10 06:25:39', 'Active Saver'),
(48, '2014-03-17 06:27:56', 'Active Saver'),
(48, '2014-03-21 05:25:11', 'Active Saver'),
(48, '2014-03-21 05:28:45', 'Active Saver'),
(48, '2014-03-24 06:29:32', 'Active Saver'),
(48, '2014-03-25 17:34:38', 'Active Saver'),
(48, '2014-03-26 01:17:54', 'Active Saver'),
(48, '2014-03-26 01:30:55', 'Active Saver'),
(48, '2014-03-26 01:31:37', 'Active Saver'),
(48, '2014-03-26 01:35:40', 'Active Saver'),
(48, '2014-03-26 01:37:04', 'Active Saver'),
(48, '2014-03-26 04:50:09', 'Active Saver'),
(48, '2014-03-26 05:07:38', 'Active Saver'),
(48, '2014-03-26 05:09:04', 'Active Saver'),
(48, '2014-03-26 05:09:57', 'Active Saver'),
(48, '2014-03-26 06:04:47', 'Active Saver'),
(48, '2014-03-26 06:32:54', 'Active Saver'),
(48, '2014-03-26 06:37:53', 'Active Saver'),
(48, '2014-03-26 06:44:16', 'Active Saver'),
(48, '2014-03-26 06:50:42', 'Active Saver'),
(48, '2014-03-26 06:57:31', 'Active Saver'),
(48, '2014-03-26 07:14:21', 'Active Saver'),
(48, '2014-03-26 07:42:19', 'Active Saver'),
(48, '2014-03-27 04:52:06', 'Active Saver'),
(48, '2014-03-27 05:05:56', 'Active Saver'),
(48, '2014-03-27 05:21:33', 'Active Saver'),
(48, '2014-03-31 06:32:36', 'Active Saver'),
(48, '2014-04-01 17:38:27', 'Active Saver'),
(48, '2014-04-07 06:35:15', 'Active Saver'),
(48, '2014-04-08 17:40:11', 'Active Saver'),
(48, '2014-04-14 06:36:28', 'Active Saver'),
(48, '2014-04-15 17:41:15', 'Active Saver'),
(48, '2014-04-21 06:37:44', 'Active Saver'),
(48, '2014-04-22 17:42:40', 'Active Saver'),
(48, '2014-04-28 06:39:15', 'Active Saver'),
(48, '2014-04-29 17:44:32', 'Active Saver'),
(48, '2014-05-05 06:42:37', 'Active Saver'),
(48, '2014-05-06 17:46:38', 'Active Saver'),
(48, '2014-05-12 06:44:08', 'Active Saver'),
(48, '2014-05-13 17:47:33', 'Active Saver'),
(48, '2014-05-19 06:45:02', 'Active Saver'),
(48, '2014-05-20 17:48:27', 'Active Saver'),
(48, '2014-05-26 06:45:57', 'Active Saver'),
(48, '2014-05-27 17:49:47', 'Active Saver'),
(48, '2014-06-02 06:47:36', 'Active Saver'),
(48, '2014-06-03 17:51:07', 'Active Saver'),
(48, '2014-06-09 06:48:22', 'Active Saver'),
(48, '2014-06-10 17:51:56', 'Active Saver'),
(48, '2014-06-16 06:49:25', 'Active Saver'),
(48, '2014-06-17 17:55:14', 'Active Saver'),
(48, '2014-06-23 06:50:40', 'Active Saver'),
(48, '2014-06-24 17:53:18', 'Active Saver'),
(48, '2014-06-30 06:52:19', 'Active Saver'),
(48, '2014-07-01 17:54:23', 'Active Saver'),
(48, '2014-07-01 17:57:43', 'Active Saver'),
(48, '2014-07-15 17:59:00', 'Active Saver'),
(48, '2014-07-22 17:59:44', 'Active Saver'),
(48, '2014-07-27 23:07:26', 'Active Saver'),
(48, '2014-07-27 23:12:59', 'Active Saver'),
(48, '2014-07-27 23:13:38', 'Active Saver'),
(48, '2014-07-27 23:16:17', 'Active Saver'),
(48, '2014-07-27 23:18:59', 'Active Saver'),
(48, '2014-07-27 23:23:56', 'Active Saver'),
(48, '2014-07-27 23:24:44', 'Active Saver'),
(48, '2014-07-29 18:00:31', 'Active Saver'),
(48, '2014-07-29 18:00:58', 'Active Saver'),
(48, '2014-08-05 18:02:05', 'Active Saver'),
(48, '2014-08-12 18:02:51', 'Active Saver'),
(48, '2014-08-19 18:04:00', 'Active Saver'),
(48, '2014-08-26 18:05:09', 'Active Saver'),
(48, '2014-09-02 18:06:19', 'Active Saver'),
(48, '2014-10-22 01:13:00', 'Active Saver'),
(49, '2013-03-22 06:34:10', 'Active Saver'),
(49, '2013-09-22 16:06:55', 'Active Saver'),
(49, '2014-01-22 05:34:17', 'Active Saver'),
(49, '2014-01-22 05:55:56', 'Active Saver'),
(49, '2014-01-22 06:09:42', 'Active Saver'),
(49, '2014-01-27 06:10:01', 'Active Saver'),
(49, '2014-01-27 06:13:57', 'Active Saver'),
(49, '2014-01-27 06:15:20', 'Active Saver'),
(49, '2014-02-03 06:18:38', 'Active Saver'),
(49, '2014-02-10 06:20:15', 'Active Saver'),
(49, '2014-02-17 06:21:54', 'Active Saver'),
(49, '2014-02-24 06:23:07', 'Active Saver'),
(49, '2014-03-03 06:24:47', 'Active Saver'),
(49, '2014-03-10 06:25:39', 'Active Saver'),
(49, '2014-03-17 06:27:56', 'Active Saver'),
(49, '2014-03-21 05:25:11', 'Active Saver'),
(49, '2014-03-21 05:28:45', 'Active Saver'),
(49, '2014-03-24 06:29:32', 'Active Saver'),
(49, '2014-03-25 17:34:38', 'Active Saver'),
(49, '2014-03-26 01:17:54', 'Active Saver'),
(49, '2014-03-26 01:30:55', 'Active Saver'),
(49, '2014-03-26 01:31:37', 'Active Saver'),
(49, '2014-03-26 01:35:40', 'Active Saver'),
(49, '2014-03-26 01:37:04', 'Active Saver'),
(49, '2014-03-26 04:50:09', 'Active Saver'),
(49, '2014-03-26 05:07:38', 'Active Saver'),
(49, '2014-03-26 05:09:04', 'Active Saver'),
(49, '2014-03-26 05:09:57', 'Active Saver'),
(49, '2014-03-26 06:04:47', 'Active Saver'),
(49, '2014-03-26 06:32:54', 'Active Saver'),
(49, '2014-03-26 06:37:53', 'Active Saver'),
(49, '2014-03-26 06:44:16', 'Active Saver'),
(49, '2014-03-26 06:50:42', 'Active Saver'),
(49, '2014-03-26 06:57:31', 'Active Saver'),
(49, '2014-03-26 07:14:21', 'Active Saver'),
(49, '2014-03-26 07:42:19', 'Active Saver'),
(49, '2014-03-27 04:52:06', 'Active Saver'),
(49, '2014-03-27 05:05:56', 'Active Saver'),
(49, '2014-03-27 05:21:33', 'Active Saver'),
(49, '2014-03-31 06:32:36', 'Active Saver'),
(49, '2014-04-01 17:38:27', 'Active Saver'),
(49, '2014-04-07 06:35:15', 'Active Saver'),
(49, '2014-04-08 17:40:11', 'Active Saver'),
(49, '2014-04-14 06:36:28', 'Active Saver'),
(49, '2014-04-15 17:41:15', 'Active Saver'),
(49, '2014-04-21 06:37:44', 'Active Saver'),
(49, '2014-04-22 17:42:40', 'Active Saver'),
(49, '2014-04-28 06:39:15', 'Active Saver'),
(49, '2014-04-29 17:44:32', 'Active Saver'),
(49, '2014-05-05 06:42:37', 'Active Saver'),
(49, '2014-05-06 17:46:38', 'Active Saver'),
(49, '2014-05-12 06:44:08', 'Active Saver'),
(49, '2014-05-13 17:47:33', 'Active Saver'),
(49, '2014-05-19 06:45:02', 'Active Saver'),
(49, '2014-05-20 17:48:27', 'Active Saver'),
(49, '2014-05-26 06:45:57', 'Active Saver'),
(49, '2014-05-27 17:49:47', 'Active Saver'),
(49, '2014-06-02 06:47:36', 'Active Saver'),
(49, '2014-06-03 17:51:07', 'Active Saver'),
(49, '2014-06-09 06:48:22', 'Active Saver'),
(49, '2014-06-10 17:51:56', 'Active Saver'),
(49, '2014-06-16 06:49:25', 'Active Saver'),
(49, '2014-06-17 17:55:14', 'Active Saver'),
(49, '2014-06-23 06:50:40', 'Active Saver'),
(49, '2014-06-24 17:53:18', 'Active Saver'),
(49, '2014-06-30 06:52:19', 'Active Saver'),
(49, '2014-07-01 17:54:23', 'Active Saver'),
(49, '2014-07-01 17:57:43', 'Active Saver'),
(49, '2014-07-15 17:59:00', 'Active Saver'),
(49, '2014-07-22 17:59:44', 'Active Saver'),
(49, '2014-07-27 23:07:26', 'Active Saver'),
(49, '2014-07-27 23:12:59', 'Active Saver'),
(49, '2014-07-27 23:13:38', 'Active Saver'),
(49, '2014-07-27 23:16:17', 'Active Saver'),
(49, '2014-07-27 23:18:59', 'Active Saver'),
(49, '2014-07-27 23:23:56', 'Active Saver'),
(49, '2014-07-27 23:24:44', 'Active Saver'),
(49, '2014-07-29 18:00:31', 'Active Saver'),
(49, '2014-07-29 18:00:58', 'Active Saver'),
(49, '2014-08-05 18:02:05', 'Active Saver'),
(49, '2014-08-12 18:02:51', 'Active Saver'),
(49, '2014-08-19 18:04:00', 'Active Saver'),
(49, '2014-08-26 18:05:09', 'Active Saver'),
(49, '2014-09-02 18:06:19', 'Active Saver'),
(49, '2014-10-22 01:13:00', 'Active Saver'),
(50, '2013-03-22 06:36:28', 'Active Saver'),
(50, '2013-09-22 16:06:55', 'Active Saver'),
(50, '2014-01-22 05:34:17', 'Active Saver'),
(50, '2014-01-22 05:55:56', 'Active Saver'),
(50, '2014-01-22 06:09:42', 'Active Saver'),
(50, '2014-01-27 06:10:01', 'Active Saver'),
(50, '2014-01-27 06:13:57', 'Active Saver'),
(50, '2014-01-27 06:15:20', 'Active Saver'),
(50, '2014-02-03 06:18:38', 'Active Saver'),
(50, '2014-02-10 06:20:15', 'Active Saver'),
(50, '2014-02-17 06:21:54', 'Active Saver'),
(50, '2014-02-24 06:23:07', 'Active Saver'),
(50, '2014-03-03 06:24:47', 'Active Saver'),
(50, '2014-03-10 06:25:39', 'Active Saver'),
(50, '2014-03-17 06:27:56', 'Active Saver'),
(50, '2014-03-21 05:25:11', 'Active Saver'),
(50, '2014-03-21 05:28:45', 'Active Saver'),
(50, '2014-03-24 06:29:32', 'Active Saver'),
(50, '2014-03-25 17:34:38', 'Active Saver'),
(50, '2014-03-26 01:17:54', 'Active Saver'),
(50, '2014-03-26 01:30:55', 'Active Saver'),
(50, '2014-03-26 01:31:37', 'Active Saver'),
(50, '2014-03-26 01:35:40', 'Active Saver'),
(50, '2014-03-26 01:37:04', 'Active Saver'),
(50, '2014-03-26 04:50:09', 'Active Saver'),
(50, '2014-03-26 05:07:38', 'Active Saver'),
(50, '2014-03-26 05:09:04', 'Active Saver'),
(50, '2014-03-26 05:09:57', 'Active Saver'),
(50, '2014-03-26 06:04:47', 'Active Saver'),
(50, '2014-03-26 06:32:54', 'Active Saver'),
(50, '2014-03-26 06:37:53', 'Active Saver'),
(50, '2014-03-26 06:44:16', 'Active Saver'),
(50, '2014-03-26 06:50:42', 'Active Saver'),
(50, '2014-03-26 06:57:31', 'Active Saver'),
(50, '2014-03-26 07:14:21', 'Active Saver'),
(50, '2014-03-26 07:42:19', 'Active Saver'),
(50, '2014-03-27 04:52:06', 'Active Saver'),
(50, '2014-03-27 05:05:56', 'Active Saver'),
(50, '2014-03-27 05:21:33', 'Active Saver'),
(50, '2014-03-31 06:32:36', 'Active Saver'),
(50, '2014-04-01 17:38:27', 'Active Saver'),
(50, '2014-04-07 06:35:15', 'Active Saver'),
(50, '2014-04-08 17:40:11', 'Active Saver'),
(50, '2014-04-14 06:36:28', 'Active Saver'),
(50, '2014-04-15 17:41:15', 'Active Saver'),
(50, '2014-04-21 06:37:44', 'Active Saver'),
(50, '2014-04-22 17:42:40', 'Active Saver'),
(50, '2014-04-28 06:39:15', 'Active Saver'),
(50, '2014-04-29 17:44:32', 'Active Saver'),
(50, '2014-05-05 06:42:37', 'Active Saver'),
(50, '2014-05-06 17:46:38', 'Active Saver'),
(50, '2014-05-12 06:44:08', 'Active Saver'),
(50, '2014-05-13 17:47:33', 'Active Saver'),
(50, '2014-05-19 06:45:02', 'Active Saver'),
(50, '2014-05-20 17:48:27', 'Active Saver'),
(50, '2014-05-26 06:45:57', 'Active Saver'),
(50, '2014-05-27 17:49:47', 'Active Saver'),
(50, '2014-06-02 06:47:36', 'Active Saver'),
(50, '2014-06-03 17:51:07', 'Active Saver'),
(50, '2014-06-09 06:48:22', 'Active Saver'),
(50, '2014-06-10 17:51:56', 'Active Saver'),
(50, '2014-06-16 06:49:25', 'Active Saver'),
(50, '2014-06-17 17:55:14', 'Active Saver'),
(50, '2014-06-23 06:50:40', 'Active Saver'),
(50, '2014-06-24 17:53:18', 'Active Saver'),
(50, '2014-06-30 06:52:19', 'Active Saver'),
(50, '2014-07-01 17:54:23', 'Active Saver'),
(50, '2014-07-01 17:57:43', 'Active Saver'),
(50, '2014-07-15 17:59:00', 'Active Saver'),
(50, '2014-07-22 17:59:44', 'Active Saver'),
(50, '2014-07-27 23:07:26', 'Active Saver'),
(50, '2014-07-27 23:12:59', 'Active Saver'),
(50, '2014-07-27 23:13:38', 'Active Saver'),
(50, '2014-07-27 23:16:17', 'Active Saver'),
(50, '2014-07-27 23:18:59', 'Active Saver'),
(50, '2014-07-27 23:23:56', 'Active Saver'),
(50, '2014-07-27 23:24:44', 'Active Saver'),
(50, '2014-07-29 18:00:31', 'Active Saver'),
(50, '2014-07-29 18:00:58', 'Active Saver'),
(50, '2014-08-05 18:02:05', 'Active Saver'),
(50, '2014-08-12 18:02:51', 'Active Saver'),
(50, '2014-08-19 18:04:00', 'Active Saver'),
(50, '2014-08-26 18:05:09', 'Active Saver'),
(50, '2014-09-02 18:06:19', 'Active Saver'),
(50, '2014-10-22 01:13:00', 'Active Saver'),
(51, '2013-03-22 06:38:30', 'Active Saver'),
(51, '2013-09-22 16:06:55', 'Active Saver'),
(51, '2014-01-22 05:34:17', 'Active Saver'),
(51, '2014-01-22 05:55:56', 'Active Saver'),
(51, '2014-01-22 06:09:42', 'Active Saver'),
(51, '2014-01-27 06:10:01', 'Active Saver'),
(51, '2014-01-27 06:13:57', 'Active Saver'),
(51, '2014-01-27 06:15:20', 'Active Saver'),
(51, '2014-02-03 06:18:38', 'Active Saver'),
(51, '2014-02-10 06:20:15', 'Active Saver'),
(51, '2014-02-17 06:21:54', 'Active Saver'),
(51, '2014-02-24 06:23:07', 'Active Saver'),
(51, '2014-03-03 06:24:47', 'Active Saver'),
(51, '2014-03-10 06:25:39', 'Active Saver'),
(51, '2014-03-17 06:27:56', 'Active Saver'),
(51, '2014-03-21 05:25:11', 'Active Saver'),
(51, '2014-03-21 05:28:45', 'Active Saver'),
(51, '2014-03-24 06:29:32', 'Active Saver'),
(51, '2014-03-25 17:34:38', 'Active Saver'),
(51, '2014-03-26 01:17:54', 'Active Saver'),
(51, '2014-03-26 01:30:55', 'Active Saver'),
(51, '2014-03-26 01:31:37', 'Active Saver'),
(51, '2014-03-26 01:35:40', 'Active Saver'),
(51, '2014-03-26 01:37:04', 'Active Saver'),
(51, '2014-03-26 04:50:09', 'Active Saver'),
(51, '2014-03-26 05:07:38', 'Active Saver'),
(51, '2014-03-26 05:09:04', 'Active Saver'),
(51, '2014-03-26 05:09:57', 'Active Saver'),
(51, '2014-03-26 06:04:47', 'Active Saver'),
(51, '2014-03-26 06:32:54', 'Active Saver'),
(51, '2014-03-26 06:37:53', 'Active Saver'),
(51, '2014-03-26 06:44:16', 'Active Saver'),
(51, '2014-03-26 06:50:42', 'Active Saver'),
(51, '2014-03-26 06:57:31', 'Active Saver'),
(51, '2014-03-26 07:14:21', 'Active Saver'),
(51, '2014-03-26 07:42:19', 'Active Saver'),
(51, '2014-03-27 04:52:06', 'Active Saver'),
(51, '2014-03-27 05:05:56', 'Active Saver'),
(51, '2014-03-27 05:21:33', 'Active Saver'),
(51, '2014-03-31 06:32:36', 'Active Saver'),
(51, '2014-04-01 17:38:27', 'Active Saver'),
(51, '2014-04-07 06:35:15', 'Active Saver'),
(51, '2014-04-08 17:40:11', 'Active Saver'),
(51, '2014-04-14 06:36:28', 'Active Saver'),
(51, '2014-04-15 17:41:15', 'Active Saver'),
(51, '2014-04-21 06:37:44', 'Active Saver'),
(51, '2014-04-22 17:42:40', 'Active Saver'),
(51, '2014-04-28 06:39:15', 'Active Saver'),
(51, '2014-04-29 17:44:32', 'Active Saver'),
(51, '2014-05-05 06:42:37', 'Active Saver'),
(51, '2014-05-06 17:46:38', 'Active Saver'),
(51, '2014-05-12 06:44:08', 'Active Saver'),
(51, '2014-05-13 17:47:33', 'Active Saver'),
(51, '2014-05-19 06:45:02', 'Active Saver'),
(51, '2014-05-20 17:48:27', 'Active Saver'),
(51, '2014-05-26 06:45:57', 'Active Saver'),
(51, '2014-05-27 17:49:47', 'Active Saver'),
(51, '2014-06-02 06:47:36', 'Active Saver'),
(51, '2014-06-03 17:51:07', 'Active Saver'),
(51, '2014-06-09 06:48:22', 'Active Saver'),
(51, '2014-06-10 17:51:56', 'Active Saver'),
(51, '2014-06-16 06:49:25', 'Active Saver'),
(51, '2014-06-17 17:55:14', 'Active Saver'),
(51, '2014-06-23 06:50:40', 'Active Saver'),
(51, '2014-06-24 17:53:18', 'Active Saver'),
(51, '2014-06-30 06:52:19', 'Active Saver'),
(51, '2014-07-01 17:54:23', 'Active Saver'),
(51, '2014-07-01 17:57:43', 'Active Saver'),
(51, '2014-07-15 17:59:00', 'Active Saver'),
(51, '2014-07-22 17:59:44', 'Active Saver'),
(51, '2014-07-27 23:07:26', 'Active Saver'),
(51, '2014-07-27 23:12:59', 'Active Saver'),
(51, '2014-07-27 23:13:38', 'Active Saver'),
(51, '2014-07-27 23:16:17', 'Active Saver'),
(51, '2014-07-27 23:18:59', 'Active Saver'),
(51, '2014-07-27 23:23:56', 'Active Saver'),
(51, '2014-07-27 23:24:44', 'Active Saver'),
(51, '2014-07-29 18:00:31', 'Active Saver'),
(51, '2014-07-29 18:00:58', 'Active Saver'),
(51, '2014-08-05 18:02:05', 'Active Saver'),
(51, '2014-08-12 18:02:51', 'Active Saver'),
(51, '2014-08-19 18:04:00', 'Active Saver'),
(51, '2014-08-26 18:05:09', 'Active Saver'),
(51, '2014-09-02 18:06:19', 'Active Saver'),
(51, '2014-10-22 01:13:00', 'Active Saver'),
(52, '2013-03-22 06:40:32', 'Active Saver'),
(52, '2013-09-22 16:06:55', 'Active Saver'),
(52, '2014-01-22 05:34:17', 'Active Saver'),
(52, '2014-01-22 05:55:56', 'Active Saver'),
(52, '2014-01-22 06:09:42', 'Active Saver'),
(52, '2014-01-27 06:10:01', 'Active Saver'),
(52, '2014-01-27 06:13:57', 'Active Saver'),
(52, '2014-01-27 06:15:20', 'Active Saver'),
(52, '2014-02-03 06:18:38', 'Active Saver'),
(52, '2014-02-10 06:20:15', 'Active Saver'),
(52, '2014-02-17 06:21:54', 'Active Saver'),
(52, '2014-02-24 06:23:07', 'Active Saver'),
(52, '2014-03-03 06:24:47', 'Active Saver'),
(52, '2014-03-10 06:25:39', 'Active Saver'),
(52, '2014-03-17 06:27:56', 'Active Saver'),
(52, '2014-03-21 05:25:11', 'Active Saver'),
(52, '2014-03-21 05:28:45', 'Active Saver'),
(52, '2014-03-24 06:29:32', 'Active Saver'),
(52, '2014-03-25 17:34:38', 'Active Saver'),
(52, '2014-03-26 01:17:54', 'Active Saver'),
(52, '2014-03-26 01:30:55', 'Active Saver'),
(52, '2014-03-26 01:31:37', 'Active Saver'),
(52, '2014-03-26 01:35:40', 'Active Saver'),
(52, '2014-03-26 01:37:04', 'Active Saver'),
(52, '2014-03-26 04:50:09', 'Active Saver'),
(52, '2014-03-26 05:07:38', 'Active Saver'),
(52, '2014-03-26 05:09:04', 'Active Saver'),
(52, '2014-03-26 05:09:57', 'Active Saver'),
(52, '2014-03-26 06:04:47', 'Active Saver'),
(52, '2014-03-26 06:32:54', 'Active Saver'),
(52, '2014-03-26 06:37:53', 'Active Saver'),
(52, '2014-03-26 06:44:16', 'Active Saver'),
(52, '2014-03-26 06:50:42', 'Active Saver'),
(52, '2014-03-26 06:57:31', 'Active Saver'),
(52, '2014-03-26 07:14:21', 'Active Saver'),
(52, '2014-03-26 07:42:19', 'Active Saver'),
(52, '2014-03-27 04:52:06', 'Active Saver'),
(52, '2014-03-27 05:05:56', 'Active Saver'),
(52, '2014-03-27 05:21:33', 'Active Saver'),
(52, '2014-03-31 06:32:36', 'Active Saver'),
(52, '2014-04-01 17:38:27', 'Active Saver'),
(52, '2014-04-07 06:35:15', 'Active Saver'),
(52, '2014-04-08 17:40:11', 'Active Saver'),
(52, '2014-04-14 06:36:28', 'Active Saver'),
(52, '2014-04-15 17:41:15', 'Active Saver'),
(52, '2014-04-21 06:37:44', 'Active Saver'),
(52, '2014-04-22 17:42:40', 'Active Saver'),
(52, '2014-04-28 06:39:15', 'Active Saver'),
(52, '2014-04-29 17:44:32', 'Active Saver'),
(52, '2014-05-05 06:42:37', 'Active Saver'),
(52, '2014-05-06 17:46:38', 'Active Saver'),
(52, '2014-05-12 06:44:08', 'Active Saver'),
(52, '2014-05-13 17:47:33', 'Active Saver'),
(52, '2014-05-19 06:45:02', 'Active Saver'),
(52, '2014-05-20 17:48:27', 'Active Saver'),
(52, '2014-05-26 06:45:57', 'Active Saver'),
(52, '2014-05-27 17:49:47', 'Active Saver'),
(52, '2014-06-02 06:47:36', 'Active Saver'),
(52, '2014-06-03 17:51:07', 'Active Saver'),
(52, '2014-06-09 06:48:22', 'Active Saver'),
(52, '2014-06-10 17:51:56', 'Active Saver'),
(52, '2014-06-16 06:49:25', 'Active Saver'),
(52, '2014-06-17 17:55:14', 'Active Saver'),
(52, '2014-06-23 06:50:40', 'Active Saver'),
(52, '2014-06-24 17:53:18', 'Active Saver'),
(52, '2014-06-30 06:52:19', 'Active Saver'),
(52, '2014-07-01 17:54:23', 'Active Saver'),
(52, '2014-07-01 17:57:43', 'Active Saver'),
(52, '2014-07-15 17:59:00', 'Active Saver'),
(52, '2014-07-22 17:59:44', 'Active Saver'),
(52, '2014-07-27 23:07:26', 'Active Saver'),
(52, '2014-07-27 23:12:59', 'Active Saver'),
(52, '2014-07-27 23:13:38', 'Active Saver'),
(52, '2014-07-27 23:16:17', 'Active Saver'),
(52, '2014-07-27 23:18:59', 'Active Saver'),
(52, '2014-07-27 23:23:56', 'Active Saver'),
(52, '2014-07-27 23:24:44', 'Active Saver'),
(52, '2014-07-29 18:00:31', 'Active Saver'),
(52, '2014-07-29 18:00:58', 'Active Saver'),
(52, '2014-08-05 18:02:05', 'Active Saver'),
(52, '2014-08-12 18:02:51', 'Active Saver'),
(52, '2014-08-19 18:04:00', 'Active Saver'),
(52, '2014-08-26 18:05:09', 'Active Saver'),
(52, '2014-09-02 18:06:19', 'Active Saver'),
(52, '2014-10-22 01:13:00', 'Active Saver'),
(53, '2013-03-22 06:42:11', 'Active Saver'),
(53, '2013-09-22 16:06:55', 'Active Saver'),
(53, '2014-01-22 05:34:17', 'Active Saver'),
(53, '2014-01-22 05:55:56', 'Active Saver'),
(53, '2014-01-22 06:09:42', 'Active Saver'),
(53, '2014-01-27 06:10:01', 'Active Saver'),
(53, '2014-01-27 06:13:57', 'Active Saver'),
(53, '2014-01-27 06:15:20', 'Active Saver'),
(53, '2014-02-03 06:18:38', 'Active Saver'),
(53, '2014-02-10 06:20:15', 'Active Saver'),
(53, '2014-02-17 06:21:54', 'Active Saver'),
(53, '2014-02-24 06:23:07', 'Active Saver'),
(53, '2014-03-03 06:24:47', 'Active Saver'),
(53, '2014-03-10 06:25:39', 'Active Saver'),
(53, '2014-03-17 06:27:56', 'Active Saver'),
(53, '2014-03-21 05:25:11', 'Active Saver'),
(53, '2014-03-21 05:28:45', 'Active Saver'),
(53, '2014-03-24 06:29:32', 'Active Saver'),
(53, '2014-03-25 17:34:38', 'Active Saver'),
(53, '2014-03-26 01:17:54', 'Active Saver'),
(53, '2014-03-26 01:30:55', 'Active Saver'),
(53, '2014-03-26 01:31:37', 'Active Saver'),
(53, '2014-03-26 01:35:40', 'Active Saver'),
(53, '2014-03-26 01:37:04', 'Active Saver'),
(53, '2014-03-26 04:50:09', 'Active Saver'),
(53, '2014-03-26 05:07:38', 'Active Saver'),
(53, '2014-03-26 05:09:04', 'Active Saver'),
(53, '2014-03-26 05:09:57', 'Active Saver'),
(53, '2014-03-26 06:04:47', 'Active Saver'),
(53, '2014-03-26 06:32:54', 'Active Saver'),
(53, '2014-03-26 06:37:53', 'Active Saver'),
(53, '2014-03-26 06:44:16', 'Active Saver'),
(53, '2014-03-26 06:50:42', 'Active Saver'),
(53, '2014-03-26 06:57:31', 'Active Saver'),
(53, '2014-03-26 07:14:21', 'Active Saver'),
(53, '2014-03-26 07:42:19', 'Active Saver'),
(53, '2014-03-27 04:52:06', 'Active Saver'),
(53, '2014-03-27 05:05:56', 'Active Saver'),
(53, '2014-03-27 05:21:33', 'Active Saver'),
(53, '2014-03-31 06:32:36', 'Active Saver'),
(53, '2014-04-01 17:38:27', 'Active Saver'),
(53, '2014-04-07 06:35:15', 'Active Saver'),
(53, '2014-04-08 17:40:11', 'Active Saver'),
(53, '2014-04-14 06:36:28', 'Active Saver'),
(53, '2014-04-15 17:41:15', 'Active Saver'),
(53, '2014-04-21 06:37:44', 'Active Saver'),
(53, '2014-04-22 17:42:40', 'Active Saver'),
(53, '2014-04-28 06:39:15', 'Active Saver'),
(53, '2014-04-29 17:44:32', 'Active Saver'),
(53, '2014-05-05 06:42:37', 'Active Saver'),
(53, '2014-05-06 17:46:38', 'Active Saver'),
(53, '2014-05-12 06:44:08', 'Active Saver'),
(53, '2014-05-13 17:47:33', 'Active Saver'),
(53, '2014-05-19 06:45:02', 'Active Saver'),
(53, '2014-05-20 17:48:27', 'Active Saver'),
(53, '2014-05-26 06:45:57', 'Active Saver'),
(53, '2014-05-27 17:49:47', 'Active Saver'),
(53, '2014-06-02 06:47:36', 'Active Saver'),
(53, '2014-06-03 17:51:07', 'Active Saver'),
(53, '2014-06-09 06:48:22', 'Active Saver'),
(53, '2014-06-10 17:51:56', 'Active Saver'),
(53, '2014-06-16 06:49:25', 'Active Saver'),
(53, '2014-06-17 17:55:14', 'Active Saver'),
(53, '2014-06-23 06:50:40', 'Active Saver'),
(53, '2014-06-24 17:53:18', 'Active Saver'),
(53, '2014-06-30 06:52:19', 'Active Saver'),
(53, '2014-07-01 17:54:23', 'Active Saver'),
(53, '2014-07-01 17:57:43', 'Active Saver'),
(53, '2014-07-15 17:59:00', 'Active Saver'),
(53, '2014-07-22 17:59:44', 'Active Saver'),
(53, '2014-07-27 23:07:26', 'Active Saver'),
(53, '2014-07-27 23:12:59', 'Active Saver'),
(53, '2014-07-27 23:13:38', 'Active Saver'),
(53, '2014-07-27 23:16:17', 'Active Saver'),
(53, '2014-07-27 23:18:59', 'Active Saver'),
(53, '2014-07-27 23:23:56', 'Active Saver'),
(53, '2014-07-27 23:24:44', 'Active Saver'),
(53, '2014-07-29 18:00:31', 'Active Saver'),
(53, '2014-07-29 18:00:58', 'Active Saver'),
(53, '2014-08-05 18:02:05', 'Active Saver'),
(53, '2014-08-12 18:02:51', 'Active Saver'),
(53, '2014-08-19 18:04:00', 'Active Saver'),
(53, '2014-08-26 18:05:09', 'Active Saver'),
(53, '2014-09-02 18:06:19', 'Active Saver'),
(53, '2014-10-22 01:13:00', 'Active Saver'),
(54, '2013-03-22 06:44:01', 'Active Saver'),
(54, '2013-09-22 16:06:55', 'Active Saver'),
(54, '2014-01-22 05:34:17', 'Active Saver'),
(54, '2014-01-22 05:55:56', 'Active Saver'),
(54, '2014-01-22 06:09:42', 'Active Saver'),
(54, '2014-01-27 06:10:01', 'Active Saver'),
(54, '2014-01-27 06:13:57', 'Active Saver'),
(54, '2014-01-27 06:15:20', 'Active Saver'),
(54, '2014-02-03 06:18:38', 'Active Saver'),
(54, '2014-02-10 06:20:15', 'Active Saver'),
(54, '2014-02-17 06:21:54', 'Active Saver'),
(54, '2014-02-24 06:23:07', 'Active Saver'),
(54, '2014-03-03 06:24:47', 'Active Saver'),
(54, '2014-03-10 06:25:39', 'Active Saver'),
(54, '2014-03-17 06:27:56', 'Active Saver'),
(54, '2014-03-21 05:25:11', 'Active Saver'),
(54, '2014-03-21 05:28:45', 'Active Saver'),
(54, '2014-03-24 06:29:32', 'Active Saver'),
(54, '2014-03-25 17:34:38', 'Active Saver'),
(54, '2014-03-26 01:17:54', 'Active Saver'),
(54, '2014-03-26 01:30:55', 'Active Saver'),
(54, '2014-03-26 01:31:37', 'Active Saver'),
(54, '2014-03-26 01:35:40', 'Active Saver'),
(54, '2014-03-26 01:37:04', 'Active Saver'),
(54, '2014-03-26 04:50:09', 'Active Saver'),
(54, '2014-03-26 05:07:38', 'Active Saver'),
(54, '2014-03-26 05:09:04', 'Active Saver'),
(54, '2014-03-26 05:09:57', 'Active Saver'),
(54, '2014-03-26 06:04:47', 'Active Saver'),
(54, '2014-03-26 06:32:54', 'Active Saver'),
(54, '2014-03-26 06:37:53', 'Active Saver'),
(54, '2014-03-26 06:44:16', 'Active Saver'),
(54, '2014-03-26 06:50:42', 'Active Saver'),
(54, '2014-03-26 06:57:31', 'Active Saver'),
(54, '2014-03-26 07:14:21', 'Active Saver'),
(54, '2014-03-26 07:42:19', 'Active Saver'),
(54, '2014-03-27 04:52:06', 'Active Saver'),
(54, '2014-03-27 05:05:56', 'Active Saver'),
(54, '2014-03-27 05:21:33', 'Active Saver'),
(54, '2014-03-31 06:32:36', 'Active Saver'),
(54, '2014-04-01 17:38:27', 'Active Saver'),
(54, '2014-04-07 06:35:15', 'Active Saver'),
(54, '2014-04-08 17:40:11', 'Active Saver'),
(54, '2014-04-14 06:36:28', 'Active Saver'),
(54, '2014-04-15 17:41:15', 'Active Saver'),
(54, '2014-04-21 06:37:44', 'Active Saver'),
(54, '2014-04-22 17:42:40', 'Active Saver'),
(54, '2014-04-28 06:39:15', 'Active Saver'),
(54, '2014-04-29 17:44:32', 'Active Saver'),
(54, '2014-05-05 06:42:37', 'Active Saver'),
(54, '2014-05-06 17:46:38', 'Active Saver'),
(54, '2014-05-12 06:44:08', 'Active Saver'),
(54, '2014-05-13 17:47:33', 'Active Saver'),
(54, '2014-05-19 06:45:02', 'Active Saver'),
(54, '2014-05-20 17:48:27', 'Active Saver'),
(54, '2014-05-26 06:45:57', 'Active Saver'),
(54, '2014-05-27 17:49:47', 'Active Saver'),
(54, '2014-06-02 06:47:36', 'Active Saver'),
(54, '2014-06-03 17:51:07', 'Active Saver'),
(54, '2014-06-09 06:48:22', 'Active Saver'),
(54, '2014-06-10 17:51:56', 'Active Saver'),
(54, '2014-06-16 06:49:25', 'Active Saver'),
(54, '2014-06-17 17:55:14', 'Active Saver'),
(54, '2014-06-23 06:50:40', 'Active Saver'),
(54, '2014-06-24 17:53:18', 'Active Saver'),
(54, '2014-06-30 06:52:19', 'Active Saver'),
(54, '2014-07-01 17:54:23', 'Active Saver'),
(54, '2014-07-01 17:57:43', 'Active Saver'),
(54, '2014-07-15 17:59:00', 'Active Saver'),
(54, '2014-07-22 17:59:44', 'Active Saver'),
(54, '2014-07-27 23:07:26', 'Active Saver'),
(54, '2014-07-27 23:12:59', 'Active Saver'),
(54, '2014-07-27 23:13:38', 'Active Saver'),
(54, '2014-07-27 23:16:17', 'Active Saver'),
(54, '2014-07-27 23:18:59', 'Active Saver'),
(54, '2014-07-27 23:23:56', 'Active Saver'),
(54, '2014-07-27 23:24:44', 'Active Saver'),
(54, '2014-07-29 18:00:31', 'Active Saver'),
(54, '2014-07-29 18:00:58', 'Active Saver'),
(54, '2014-08-05 18:02:05', 'Active Saver'),
(54, '2014-08-12 18:02:51', 'Active Saver'),
(54, '2014-08-19 18:04:00', 'Active Saver'),
(54, '2014-08-26 18:05:09', 'Active Saver'),
(54, '2014-09-02 18:06:19', 'Active Saver'),
(54, '2014-10-22 01:13:00', 'Active Saver'),
(55, '2013-03-22 06:45:39', 'Active Saver'),
(55, '2013-09-22 16:06:55', 'Active Saver'),
(55, '2014-01-22 05:34:17', 'Active Saver'),
(55, '2014-01-22 05:55:56', 'Active Saver'),
(55, '2014-01-22 06:09:42', 'Active Saver'),
(55, '2014-01-27 06:10:01', 'Active Saver'),
(55, '2014-01-27 06:13:57', 'Active Saver'),
(55, '2014-01-27 06:15:20', 'Active Saver'),
(55, '2014-02-03 06:18:38', 'Active Saver'),
(55, '2014-02-10 06:20:15', 'Active Saver'),
(55, '2014-02-17 06:21:54', 'Active Saver'),
(55, '2014-02-24 06:23:07', 'Active Saver'),
(55, '2014-03-03 06:24:47', 'Active Saver'),
(55, '2014-03-10 06:25:39', 'Active Saver'),
(55, '2014-03-17 06:27:56', 'Active Saver'),
(55, '2014-03-21 05:25:11', 'Active Saver'),
(55, '2014-03-21 05:28:45', 'Active Saver'),
(55, '2014-03-24 06:29:32', 'Active Saver'),
(55, '2014-03-25 17:34:38', 'Active Saver'),
(55, '2014-03-26 01:17:54', 'Active Saver'),
(55, '2014-03-26 01:30:55', 'Active Saver'),
(55, '2014-03-26 01:31:37', 'Active Saver'),
(55, '2014-03-26 01:35:40', 'Active Saver'),
(55, '2014-03-26 01:37:04', 'Active Saver'),
(55, '2014-03-26 04:50:09', 'Active Saver'),
(55, '2014-03-26 05:07:38', 'Active Saver'),
(55, '2014-03-26 05:09:04', 'Active Saver'),
(55, '2014-03-26 05:09:57', 'Active Saver'),
(55, '2014-03-26 06:04:47', 'Active Saver'),
(55, '2014-03-26 06:32:54', 'Active Saver'),
(55, '2014-03-26 06:37:53', 'Active Saver'),
(55, '2014-03-26 06:44:16', 'Active Saver'),
(55, '2014-03-26 06:50:42', 'Active Saver'),
(55, '2014-03-26 06:57:31', 'Active Saver'),
(55, '2014-03-26 07:14:21', 'Active Saver'),
(55, '2014-03-26 07:42:19', 'Active Saver'),
(55, '2014-03-27 04:52:06', 'Active Saver'),
(55, '2014-03-27 05:05:56', 'Active Saver'),
(55, '2014-03-27 05:21:33', 'Active Saver'),
(55, '2014-03-31 06:32:36', 'Active Saver'),
(55, '2014-04-01 17:38:27', 'Active Saver'),
(55, '2014-04-07 06:35:15', 'Active Saver'),
(55, '2014-04-08 17:40:11', 'Active Saver'),
(55, '2014-04-14 06:36:28', 'Active Saver'),
(55, '2014-04-15 17:41:15', 'Active Saver'),
(55, '2014-04-21 06:37:44', 'Active Saver'),
(55, '2014-04-22 17:42:40', 'Active Saver'),
(55, '2014-04-28 06:39:15', 'Active Saver'),
(55, '2014-04-29 17:44:32', 'Active Saver'),
(55, '2014-05-05 06:42:37', 'Active Saver'),
(55, '2014-05-06 17:46:38', 'Active Saver'),
(55, '2014-05-12 06:44:08', 'Active Saver'),
(55, '2014-05-13 17:47:33', 'Active Saver'),
(55, '2014-05-19 06:45:02', 'Active Saver'),
(55, '2014-05-20 17:48:27', 'Active Saver'),
(55, '2014-05-26 06:45:57', 'Active Saver'),
(55, '2014-05-27 17:49:47', 'Active Saver'),
(55, '2014-06-02 06:47:36', 'Active Saver'),
(55, '2014-06-03 17:51:07', 'Active Saver'),
(55, '2014-06-09 06:48:22', 'Active Saver'),
(55, '2014-06-10 17:51:56', 'Active Saver'),
(55, '2014-06-16 06:49:25', 'Active Saver'),
(55, '2014-06-17 17:55:14', 'Active Saver'),
(55, '2014-06-23 06:50:40', 'Active Saver'),
(55, '2014-06-24 17:53:18', 'Active Saver'),
(55, '2014-06-30 06:52:19', 'Active Saver'),
(55, '2014-07-01 17:54:23', 'Active Saver'),
(55, '2014-07-01 17:57:43', 'Active Saver'),
(55, '2014-07-15 17:59:00', 'Active Saver'),
(55, '2014-07-22 17:59:44', 'Active Saver'),
(55, '2014-07-27 23:07:26', 'Active Saver'),
(55, '2014-07-27 23:12:59', 'Active Saver'),
(55, '2014-07-27 23:13:38', 'Active Saver'),
(55, '2014-07-27 23:16:17', 'Active Saver'),
(55, '2014-07-27 23:18:59', 'Active Saver'),
(55, '2014-07-27 23:23:56', 'Active Saver'),
(55, '2014-07-27 23:24:44', 'Active Saver'),
(55, '2014-07-29 18:00:31', 'Active Saver'),
(55, '2014-07-29 18:00:58', 'Active Saver'),
(55, '2014-08-05 18:02:05', 'Active Saver'),
(55, '2014-08-12 18:02:51', 'Active Saver'),
(55, '2014-08-19 18:04:00', 'Active Saver'),
(55, '2014-08-26 18:05:09', 'Active Saver'),
(55, '2014-09-02 18:06:19', 'Active Saver'),
(55, '2014-10-22 01:13:00', 'Active Saver'),
(56, '2013-03-22 06:47:34', 'Active Saver'),
(56, '2013-09-22 16:06:55', 'Active Saver'),
(56, '2014-01-22 05:34:17', 'Active Saver'),
(56, '2014-01-22 05:55:56', 'Active Saver'),
(56, '2014-01-22 06:09:42', 'Active Saver'),
(56, '2014-01-27 06:10:01', 'Active Saver'),
(56, '2014-01-27 06:13:57', 'Active Saver'),
(56, '2014-01-27 06:15:20', 'Active Saver'),
(56, '2014-02-03 06:18:38', 'Active Saver'),
(56, '2014-02-10 06:20:15', 'Active Saver'),
(56, '2014-02-17 06:21:54', 'Active Saver'),
(56, '2014-02-24 06:23:07', 'Active Saver'),
(56, '2014-03-03 06:24:47', 'Active Saver'),
(56, '2014-03-10 06:25:39', 'Active Saver'),
(56, '2014-03-17 06:27:56', 'Active Saver'),
(56, '2014-03-21 05:25:11', 'Active Saver'),
(56, '2014-03-21 05:28:45', 'Active Saver'),
(56, '2014-03-24 06:29:32', 'Active Saver'),
(56, '2014-03-25 17:34:38', 'Active Saver'),
(56, '2014-03-26 01:17:54', 'Active Saver'),
(56, '2014-03-26 01:30:55', 'Active Saver'),
(56, '2014-03-26 01:31:37', 'Active Saver'),
(56, '2014-03-26 01:35:40', 'Active Saver'),
(56, '2014-03-26 01:37:04', 'Active Saver'),
(56, '2014-03-26 04:50:09', 'Active Saver'),
(56, '2014-03-26 05:07:38', 'Active Saver'),
(56, '2014-03-26 05:09:04', 'Active Saver'),
(56, '2014-03-26 05:09:57', 'Active Saver'),
(56, '2014-03-26 06:04:47', 'Active Saver'),
(56, '2014-03-26 06:32:54', 'Active Saver'),
(56, '2014-03-26 06:37:53', 'Active Saver'),
(56, '2014-03-26 06:44:16', 'Active Saver'),
(56, '2014-03-26 06:50:42', 'Active Saver'),
(56, '2014-03-26 06:57:31', 'Active Saver'),
(56, '2014-03-26 07:14:21', 'Active Saver'),
(56, '2014-03-26 07:42:19', 'Active Saver'),
(56, '2014-03-27 04:52:06', 'Active Saver'),
(56, '2014-03-27 05:05:56', 'Active Saver'),
(56, '2014-03-27 05:21:33', 'Active Saver'),
(56, '2014-03-31 06:32:36', 'Active Saver'),
(56, '2014-04-01 17:38:27', 'Active Saver'),
(56, '2014-04-07 06:35:15', 'Active Saver'),
(56, '2014-04-08 17:40:11', 'Active Saver'),
(56, '2014-04-14 06:36:28', 'Active Saver'),
(56, '2014-04-15 17:41:15', 'Active Saver'),
(56, '2014-04-21 06:37:44', 'Active Saver'),
(56, '2014-04-22 17:42:40', 'Active Saver'),
(56, '2014-04-28 06:39:15', 'Active Saver'),
(56, '2014-04-29 17:44:32', 'Active Saver'),
(56, '2014-05-05 06:42:37', 'Active Saver'),
(56, '2014-05-06 17:46:38', 'Active Saver'),
(56, '2014-05-12 06:44:08', 'Active Saver'),
(56, '2014-05-13 17:47:33', 'Active Saver'),
(56, '2014-05-19 06:45:02', 'Active Saver'),
(56, '2014-05-20 17:48:27', 'Active Saver'),
(56, '2014-05-26 06:45:57', 'Active Saver'),
(56, '2014-05-27 17:49:47', 'Active Saver'),
(56, '2014-06-02 06:47:36', 'Active Saver'),
(56, '2014-06-03 17:51:07', 'Active Saver'),
(56, '2014-06-09 06:48:22', 'Active Saver'),
(56, '2014-06-10 17:51:56', 'Active Saver'),
(56, '2014-06-16 06:49:25', 'Active Saver'),
(56, '2014-06-17 17:55:14', 'Active Saver'),
(56, '2014-06-23 06:50:40', 'Active Saver'),
(56, '2014-06-24 17:53:18', 'Active Saver'),
(56, '2014-06-30 06:52:19', 'Active Saver'),
(56, '2014-07-01 17:54:23', 'Active Saver'),
(56, '2014-07-01 17:57:43', 'Active Saver'),
(56, '2014-07-15 17:59:00', 'Active Saver'),
(56, '2014-07-22 17:59:44', 'Active Saver'),
(56, '2014-07-27 23:07:26', 'Active Saver'),
(56, '2014-07-27 23:12:59', 'Active Saver'),
(56, '2014-07-27 23:13:38', 'Active Saver'),
(56, '2014-07-27 23:16:17', 'Active Saver'),
(56, '2014-07-27 23:18:59', 'Active Saver'),
(56, '2014-07-27 23:23:56', 'Active Saver'),
(56, '2014-07-27 23:24:44', 'Active Saver'),
(56, '2014-07-29 18:00:31', 'Active Saver'),
(56, '2014-07-29 18:00:58', 'Active Saver'),
(56, '2014-08-05 18:02:05', 'Active Saver'),
(56, '2014-08-12 18:02:51', 'Active Saver'),
(56, '2014-08-19 18:04:00', 'Active Saver'),
(56, '2014-08-26 18:05:09', 'Active Saver'),
(56, '2014-09-02 18:06:19', 'Active Saver'),
(56, '2014-10-22 01:13:00', 'Active Saver'),
(57, '2013-03-22 06:49:35', 'Active Saver'),
(57, '2013-09-22 16:06:55', 'Active Saver'),
(57, '2014-01-22 05:34:17', 'Active Saver'),
(57, '2014-01-22 05:55:56', 'Active Saver'),
(57, '2014-01-22 06:09:42', 'Active Saver'),
(57, '2014-01-27 06:10:01', 'Active Saver'),
(57, '2014-01-27 06:13:57', 'Active Saver'),
(57, '2014-01-27 06:15:20', 'Active Saver'),
(57, '2014-02-03 06:18:38', 'Active Saver'),
(57, '2014-02-10 06:20:15', 'Active Saver'),
(57, '2014-02-17 06:21:54', 'Active Saver'),
(57, '2014-02-24 06:23:07', 'Active Saver'),
(57, '2014-03-03 06:24:47', 'Active Saver'),
(57, '2014-03-10 06:25:39', 'Active Saver'),
(57, '2014-03-17 06:27:56', 'Active Saver'),
(57, '2014-03-21 05:25:11', 'Active Saver'),
(57, '2014-03-21 05:28:45', 'Active Saver'),
(57, '2014-03-24 06:29:32', 'Active Saver'),
(57, '2014-03-25 17:34:38', 'Active Saver'),
(57, '2014-03-26 01:17:54', 'Active Saver'),
(57, '2014-03-26 01:30:55', 'Active Saver'),
(57, '2014-03-26 01:31:37', 'Active Saver'),
(57, '2014-03-26 01:35:40', 'Active Saver'),
(57, '2014-03-26 01:37:04', 'Active Saver'),
(57, '2014-03-26 04:50:09', 'Active Saver'),
(57, '2014-03-26 05:07:38', 'Active Saver'),
(57, '2014-03-26 05:09:04', 'Active Saver'),
(57, '2014-03-26 05:09:57', 'Active Saver'),
(57, '2014-03-26 06:04:47', 'Active Saver'),
(57, '2014-03-26 06:32:54', 'Active Saver'),
(57, '2014-03-26 06:37:53', 'Active Saver'),
(57, '2014-03-26 06:44:16', 'Active Saver'),
(57, '2014-03-26 06:50:42', 'Active Saver'),
(57, '2014-03-26 06:57:31', 'Active Saver'),
(57, '2014-03-26 07:14:21', 'Active Saver'),
(57, '2014-03-26 07:42:19', 'Active Saver'),
(57, '2014-03-27 04:52:06', 'Active Saver'),
(57, '2014-03-27 05:05:56', 'Active Saver'),
(57, '2014-03-27 05:21:33', 'Active Saver'),
(57, '2014-03-31 06:32:36', 'Active Saver'),
(57, '2014-04-01 17:38:27', 'Active Saver'),
(57, '2014-04-07 06:35:15', 'Active Saver'),
(57, '2014-04-08 17:40:11', 'Active Saver'),
(57, '2014-04-14 06:36:28', 'Active Saver'),
(57, '2014-04-15 17:41:15', 'Active Saver'),
(57, '2014-04-21 06:37:44', 'Active Saver'),
(57, '2014-04-22 17:42:40', 'Active Saver'),
(57, '2014-04-28 06:39:15', 'Active Saver'),
(57, '2014-04-29 17:44:32', 'Active Saver'),
(57, '2014-05-05 06:42:37', 'Active Saver'),
(57, '2014-05-06 17:46:38', 'Active Saver'),
(57, '2014-05-12 06:44:08', 'Active Saver'),
(57, '2014-05-13 17:47:33', 'Active Saver'),
(57, '2014-05-19 06:45:02', 'Active Saver'),
(57, '2014-05-20 17:48:27', 'Active Saver'),
(57, '2014-05-26 06:45:57', 'Active Saver'),
(57, '2014-05-27 17:49:47', 'Active Saver'),
(57, '2014-06-02 06:47:36', 'Active Saver'),
(57, '2014-06-03 17:51:07', 'Active Saver'),
(57, '2014-06-09 06:48:22', 'Active Saver'),
(57, '2014-06-10 17:51:56', 'Active Saver'),
(57, '2014-06-16 06:49:25', 'Active Saver'),
(57, '2014-06-17 17:55:14', 'Active Saver'),
(57, '2014-06-23 06:50:40', 'Active Saver'),
(57, '2014-06-24 17:53:18', 'Active Saver'),
(57, '2014-06-30 06:52:19', 'Active Saver'),
(57, '2014-07-01 17:54:23', 'Active Saver'),
(57, '2014-07-01 17:57:43', 'Active Saver'),
(57, '2014-07-15 17:59:00', 'Active Saver'),
(57, '2014-07-22 17:59:44', 'Active Saver'),
(57, '2014-07-27 23:07:26', 'Active Saver'),
(57, '2014-07-27 23:12:59', 'Active Saver'),
(57, '2014-07-27 23:13:38', 'Active Saver'),
(57, '2014-07-27 23:16:17', 'Active Saver'),
(57, '2014-07-27 23:18:59', 'Active Saver'),
(57, '2014-07-27 23:23:56', 'Active Saver'),
(57, '2014-07-27 23:24:44', 'Active Saver'),
(57, '2014-07-29 18:00:32', 'Active Saver'),
(57, '2014-07-29 18:00:58', 'Active Saver'),
(57, '2014-08-05 18:02:05', 'Active Saver'),
(57, '2014-08-12 18:02:51', 'Active Saver'),
(57, '2014-08-19 18:04:00', 'Active Saver'),
(57, '2014-08-26 18:05:09', 'Active Saver'),
(57, '2014-09-02 18:06:19', 'Active Saver'),
(57, '2014-10-22 01:13:00', 'Active Saver'),
(58, '2013-03-22 06:51:20', 'Active Saver'),
(58, '2013-09-22 16:06:55', 'Active Saver'),
(58, '2014-01-22 05:34:17', 'Active Saver'),
(58, '2014-01-22 05:55:56', 'Active Saver'),
(58, '2014-01-22 06:09:42', 'Active Saver'),
(58, '2014-01-27 06:10:01', 'Active Saver'),
(58, '2014-01-27 06:13:57', 'Active Saver'),
(58, '2014-01-27 06:15:20', 'Active Saver'),
(58, '2014-02-03 06:18:38', 'Active Saver'),
(58, '2014-02-10 06:20:15', 'Active Saver'),
(58, '2014-02-17 06:21:54', 'Active Saver'),
(58, '2014-02-24 06:23:07', 'Active Saver'),
(58, '2014-03-03 06:24:47', 'Active Saver'),
(58, '2014-03-10 06:25:39', 'Active Saver'),
(58, '2014-03-17 06:27:56', 'Active Saver'),
(58, '2014-03-21 05:25:11', 'Active Saver'),
(58, '2014-03-21 05:28:45', 'Active Saver'),
(58, '2014-03-24 06:29:32', 'Active Saver'),
(58, '2014-03-25 17:34:38', 'Active Saver'),
(58, '2014-03-26 01:17:54', 'Active Saver');
INSERT INTO `members_has_membersmembershipstatus` (`ControlNo`, `DateUpdated`, `Status`) VALUES
(58, '2014-03-26 01:30:55', 'Active Saver'),
(58, '2014-03-26 01:31:37', 'Active Saver'),
(58, '2014-03-26 01:35:40', 'Active Saver'),
(58, '2014-03-26 01:37:04', 'Active Saver'),
(58, '2014-03-26 04:50:09', 'Active Saver'),
(58, '2014-03-26 05:07:38', 'Active Saver'),
(58, '2014-03-26 05:09:04', 'Active Saver'),
(58, '2014-03-26 05:09:57', 'Active Saver'),
(58, '2014-03-26 06:04:47', 'Active Saver'),
(58, '2014-03-26 06:32:54', 'Active Saver'),
(58, '2014-03-26 06:37:53', 'Active Saver'),
(58, '2014-03-26 06:44:16', 'Active Saver'),
(58, '2014-03-26 06:50:42', 'Active Saver'),
(58, '2014-03-26 06:57:31', 'Active Saver'),
(58, '2014-03-26 07:14:21', 'Active Saver'),
(58, '2014-03-26 07:42:19', 'Active Saver'),
(58, '2014-03-27 04:52:06', 'Active Saver'),
(58, '2014-03-27 05:05:56', 'Active Saver'),
(58, '2014-03-27 05:21:33', 'Active Saver'),
(58, '2014-03-31 06:32:36', 'Active Saver'),
(58, '2014-04-01 17:38:27', 'Active Saver'),
(58, '2014-04-07 06:35:15', 'Active Saver'),
(58, '2014-04-08 17:40:11', 'Active Saver'),
(58, '2014-04-14 06:36:28', 'Active Saver'),
(58, '2014-04-15 17:41:15', 'Active Saver'),
(58, '2014-04-21 06:37:44', 'Active Saver'),
(58, '2014-04-22 17:42:40', 'Active Saver'),
(58, '2014-04-28 06:39:15', 'Active Saver'),
(58, '2014-04-29 17:44:32', 'Active Saver'),
(58, '2014-05-05 06:42:37', 'Active Saver'),
(58, '2014-05-06 17:46:38', 'Active Saver'),
(58, '2014-05-12 06:44:08', 'Active Saver'),
(58, '2014-05-13 17:47:33', 'Active Saver'),
(58, '2014-05-19 06:45:02', 'Active Saver'),
(58, '2014-05-20 17:48:27', 'Active Saver'),
(58, '2014-05-26 06:45:57', 'Active Saver'),
(58, '2014-05-27 17:49:47', 'Active Saver'),
(58, '2014-06-02 06:47:36', 'Active Saver'),
(58, '2014-06-03 17:51:07', 'Active Saver'),
(58, '2014-06-09 06:48:22', 'Active Saver'),
(58, '2014-06-10 17:51:56', 'Active Saver'),
(58, '2014-06-16 06:49:25', 'Active Saver'),
(58, '2014-06-17 17:55:14', 'Active Saver'),
(58, '2014-06-23 06:50:40', 'Active Saver'),
(58, '2014-06-24 17:53:18', 'Active Saver'),
(58, '2014-06-30 06:52:19', 'Active Saver'),
(58, '2014-07-01 17:54:23', 'Active Saver'),
(58, '2014-07-01 17:57:43', 'Active Saver'),
(58, '2014-07-15 17:59:00', 'Active Saver'),
(58, '2014-07-22 17:59:44', 'Active Saver'),
(58, '2014-07-27 23:07:26', 'Active Saver'),
(58, '2014-07-27 23:12:59', 'Active Saver'),
(58, '2014-07-27 23:13:38', 'Active Saver'),
(58, '2014-07-27 23:16:17', 'Active Saver'),
(58, '2014-07-27 23:18:59', 'Active Saver'),
(58, '2014-07-27 23:23:56', 'Active Saver'),
(58, '2014-07-27 23:24:44', 'Active Saver'),
(58, '2014-07-29 18:00:32', 'Active Saver'),
(58, '2014-07-29 18:00:58', 'Active Saver'),
(58, '2014-08-05 18:02:05', 'Active Saver'),
(58, '2014-08-12 18:02:51', 'Active Saver'),
(58, '2014-08-19 18:04:00', 'Active Saver'),
(58, '2014-08-26 18:05:09', 'Active Saver'),
(58, '2014-09-02 18:06:19', 'Active Saver'),
(58, '2014-10-22 01:13:00', 'Active Saver'),
(59, '2013-03-22 06:53:04', 'Active Saver'),
(59, '2013-09-22 16:06:55', 'Active Saver'),
(59, '2014-01-22 05:34:17', 'Active Saver'),
(59, '2014-01-22 05:55:56', 'Active Saver'),
(59, '2014-01-22 06:09:42', 'Active Saver'),
(59, '2014-01-27 06:10:01', 'Active Saver'),
(59, '2014-01-27 06:13:57', 'Active Saver'),
(59, '2014-01-27 06:15:20', 'Active Saver'),
(59, '2014-02-03 06:18:38', 'Active Saver'),
(59, '2014-02-10 06:20:15', 'Active Saver'),
(59, '2014-02-17 06:21:54', 'Active Saver'),
(59, '2014-02-24 06:23:07', 'Active Saver'),
(59, '2014-03-03 06:24:47', 'Active Saver'),
(59, '2014-03-10 06:25:39', 'Active Saver'),
(59, '2014-03-17 06:27:56', 'Active Saver'),
(59, '2014-03-21 05:25:11', 'Active Saver'),
(59, '2014-03-21 05:28:45', 'Active Saver'),
(59, '2014-03-24 06:29:32', 'Active Saver'),
(59, '2014-03-25 17:34:38', 'Active Saver'),
(59, '2014-03-26 01:17:54', 'Active Saver'),
(59, '2014-03-26 01:30:55', 'Active Saver'),
(59, '2014-03-26 01:31:37', 'Active Saver'),
(59, '2014-03-26 01:35:40', 'Active Saver'),
(59, '2014-03-26 01:37:04', 'Active Saver'),
(59, '2014-03-26 04:50:09', 'Active Saver'),
(59, '2014-03-26 05:07:38', 'Active Saver'),
(59, '2014-03-26 05:09:04', 'Active Saver'),
(59, '2014-03-26 05:09:57', 'Active Saver'),
(59, '2014-03-26 06:04:47', 'Active Saver'),
(59, '2014-03-26 06:32:54', 'Active Saver'),
(59, '2014-03-26 06:37:53', 'Active Saver'),
(59, '2014-03-26 06:44:16', 'Active Saver'),
(59, '2014-03-26 06:50:42', 'Active Saver'),
(59, '2014-03-26 06:57:31', 'Active Saver'),
(59, '2014-03-26 07:14:21', 'Active Saver'),
(59, '2014-03-26 07:42:19', 'Active Saver'),
(59, '2014-03-27 04:52:06', 'Active Saver'),
(59, '2014-03-27 05:05:56', 'Active Saver'),
(59, '2014-03-27 05:21:33', 'Active Saver'),
(59, '2014-03-31 06:32:36', 'Active Saver'),
(59, '2014-04-01 17:38:27', 'Active Saver'),
(59, '2014-04-07 06:35:15', 'Active Saver'),
(59, '2014-04-08 17:40:11', 'Active Saver'),
(59, '2014-04-14 06:36:28', 'Active Saver'),
(59, '2014-04-15 17:41:15', 'Active Saver'),
(59, '2014-04-21 06:37:44', 'Active Saver'),
(59, '2014-04-22 17:42:40', 'Active Saver'),
(59, '2014-04-28 06:39:15', 'Active Saver'),
(59, '2014-04-29 17:44:32', 'Active Saver'),
(59, '2014-05-05 06:42:37', 'Active Saver'),
(59, '2014-05-06 17:46:38', 'Active Saver'),
(59, '2014-05-12 06:44:08', 'Active Saver'),
(59, '2014-05-13 17:47:33', 'Active Saver'),
(59, '2014-05-19 06:45:02', 'Active Saver'),
(59, '2014-05-20 17:48:27', 'Active Saver'),
(59, '2014-05-26 06:45:57', 'Active Saver'),
(59, '2014-05-27 17:49:47', 'Active Saver'),
(59, '2014-06-02 06:47:36', 'Active Saver'),
(59, '2014-06-03 17:51:07', 'Active Saver'),
(59, '2014-06-09 06:48:22', 'Active Saver'),
(59, '2014-06-10 17:51:56', 'Active Saver'),
(59, '2014-06-16 06:49:25', 'Active Saver'),
(59, '2014-06-17 17:55:14', 'Active Saver'),
(59, '2014-06-23 06:50:40', 'Active Saver'),
(59, '2014-06-24 17:53:18', 'Active Saver'),
(59, '2014-06-30 06:52:19', 'Active Saver'),
(59, '2014-07-01 17:54:23', 'Active Saver'),
(59, '2014-07-01 17:57:43', 'Active Saver'),
(59, '2014-07-15 17:59:00', 'Active Saver'),
(59, '2014-07-22 17:59:44', 'Active Saver'),
(59, '2014-07-27 23:07:26', 'Active Saver'),
(59, '2014-07-27 23:12:59', 'Active Saver'),
(59, '2014-07-27 23:13:38', 'Active Saver'),
(59, '2014-07-27 23:16:17', 'Active Saver'),
(59, '2014-07-27 23:18:59', 'Active Saver'),
(59, '2014-07-27 23:23:56', 'Active Saver'),
(59, '2014-07-27 23:24:44', 'Active Saver'),
(59, '2014-07-29 18:00:32', 'Active Saver'),
(59, '2014-07-29 18:00:58', 'Active Saver'),
(59, '2014-08-05 18:02:05', 'Active Saver'),
(59, '2014-08-12 18:02:51', 'Active Saver'),
(59, '2014-08-19 18:04:00', 'Active Saver'),
(59, '2014-08-26 18:05:09', 'Active Saver'),
(59, '2014-09-02 18:06:19', 'Active Saver'),
(59, '2014-10-22 01:13:00', 'Active Saver'),
(60, '2013-03-22 06:54:39', 'Active Saver'),
(60, '2013-09-22 16:06:55', 'Active Saver'),
(60, '2014-01-22 05:34:17', 'Active Saver'),
(60, '2014-01-22 05:55:56', 'Active Saver'),
(60, '2014-01-22 06:09:42', 'Active Saver'),
(60, '2014-01-27 06:10:01', 'Active Saver'),
(60, '2014-01-27 06:13:57', 'Active Saver'),
(60, '2014-01-27 06:15:20', 'Active Saver'),
(60, '2014-02-03 06:18:38', 'Active Saver'),
(60, '2014-02-10 06:20:15', 'Active Saver'),
(60, '2014-02-17 06:21:54', 'Active Saver'),
(60, '2014-02-24 06:23:07', 'Active Saver'),
(60, '2014-03-03 06:24:47', 'Active Saver'),
(60, '2014-03-10 06:25:39', 'Active Saver'),
(60, '2014-03-17 06:27:56', 'Active Saver'),
(60, '2014-03-21 05:25:11', 'Active Saver'),
(60, '2014-03-21 05:28:45', 'Active Saver'),
(60, '2014-03-24 06:29:32', 'Active Saver'),
(60, '2014-03-25 17:34:38', 'Active Saver'),
(60, '2014-03-26 01:17:54', 'Active Saver'),
(60, '2014-03-26 01:30:55', 'Active Saver'),
(60, '2014-03-26 01:31:37', 'Active Saver'),
(60, '2014-03-26 01:35:40', 'Active Saver'),
(60, '2014-03-26 01:37:04', 'Active Saver'),
(60, '2014-03-26 04:50:09', 'Active Saver'),
(60, '2014-03-26 05:07:38', 'Active Saver'),
(60, '2014-03-26 05:09:04', 'Active Saver'),
(60, '2014-03-26 05:09:57', 'Active Saver'),
(60, '2014-03-26 06:04:47', 'Active Saver'),
(60, '2014-03-26 06:32:54', 'Active Saver'),
(60, '2014-03-26 06:37:53', 'Active Saver'),
(60, '2014-03-26 06:44:16', 'Active Saver'),
(60, '2014-03-26 06:50:42', 'Active Saver'),
(60, '2014-03-26 06:57:31', 'Active Saver'),
(60, '2014-03-26 07:14:21', 'Active Saver'),
(60, '2014-03-26 07:42:19', 'Active Saver'),
(60, '2014-03-27 04:52:06', 'Active Saver'),
(60, '2014-03-27 05:05:56', 'Active Saver'),
(60, '2014-03-27 05:21:33', 'Active Saver'),
(60, '2014-03-31 06:32:36', 'Active Saver'),
(60, '2014-04-01 17:38:27', 'Active Saver'),
(60, '2014-04-07 06:35:15', 'Active Saver'),
(60, '2014-04-08 17:40:11', 'Active Saver'),
(60, '2014-04-14 06:36:28', 'Active Saver'),
(60, '2014-04-15 17:41:15', 'Active Saver'),
(60, '2014-04-21 06:37:44', 'Active Saver'),
(60, '2014-04-22 17:42:40', 'Active Saver'),
(60, '2014-04-28 06:39:15', 'Active Saver'),
(60, '2014-04-29 17:44:32', 'Active Saver'),
(60, '2014-05-05 06:42:37', 'Active Saver'),
(60, '2014-05-06 17:46:38', 'Active Saver'),
(60, '2014-05-12 06:44:08', 'Active Saver'),
(60, '2014-05-13 17:47:33', 'Active Saver'),
(60, '2014-05-19 06:45:02', 'Active Saver'),
(60, '2014-05-20 17:48:27', 'Active Saver'),
(60, '2014-05-26 06:45:57', 'Active Saver'),
(60, '2014-05-27 17:49:47', 'Active Saver'),
(60, '2014-06-02 06:47:36', 'Active Saver'),
(60, '2014-06-03 17:51:07', 'Active Saver'),
(60, '2014-06-09 06:48:22', 'Active Saver'),
(60, '2014-06-10 17:51:56', 'Active Saver'),
(60, '2014-06-16 06:49:25', 'Active Saver'),
(60, '2014-06-17 17:55:14', 'Active Saver'),
(60, '2014-06-23 06:50:40', 'Active Saver'),
(60, '2014-06-24 17:53:18', 'Active Saver'),
(60, '2014-06-30 06:52:19', 'Active Saver'),
(60, '2014-07-01 17:54:23', 'Active Saver'),
(60, '2014-07-01 17:57:43', 'Active Saver'),
(60, '2014-07-15 17:59:00', 'Active Saver'),
(60, '2014-07-22 17:59:44', 'Active Saver'),
(60, '2014-07-27 23:07:26', 'Active Saver'),
(60, '2014-07-27 23:12:59', 'Active Saver'),
(60, '2014-07-27 23:13:38', 'Active Saver'),
(60, '2014-07-27 23:16:17', 'Active Saver'),
(60, '2014-07-27 23:18:59', 'Active Saver'),
(60, '2014-07-27 23:23:56', 'Active Saver'),
(60, '2014-07-27 23:24:44', 'Active Saver'),
(60, '2014-07-29 18:00:32', 'Active Saver'),
(60, '2014-07-29 18:00:58', 'Active Saver'),
(60, '2014-08-05 18:02:05', 'Active Saver'),
(60, '2014-08-12 18:02:51', 'Active Saver'),
(60, '2014-08-19 18:04:00', 'Active Saver'),
(60, '2014-08-26 18:05:09', 'Active Saver'),
(60, '2014-09-02 18:06:19', 'Active Saver'),
(60, '2014-10-22 01:13:00', 'Active Saver'),
(61, '2013-03-22 06:56:30', 'Active Saver'),
(61, '2013-09-22 16:06:55', 'Active Saver'),
(61, '2014-01-22 05:34:17', 'Active Saver'),
(61, '2014-01-22 05:55:56', 'Active Saver'),
(61, '2014-01-22 06:09:42', 'Active Saver'),
(61, '2014-01-27 06:10:01', 'Active Saver'),
(61, '2014-01-27 06:13:57', 'Active Saver'),
(61, '2014-01-27 06:15:20', 'Active Saver'),
(61, '2014-02-03 06:18:38', 'Active Saver'),
(61, '2014-02-10 06:20:15', 'Active Saver'),
(61, '2014-02-17 06:21:54', 'Active Saver'),
(61, '2014-02-24 06:23:07', 'Active Saver'),
(61, '2014-03-03 06:24:47', 'Active Saver'),
(61, '2014-03-10 06:25:39', 'Active Saver'),
(61, '2014-03-17 06:27:56', 'Active Saver'),
(61, '2014-03-21 05:25:11', 'Active Saver'),
(61, '2014-03-21 05:28:45', 'Active Saver'),
(61, '2014-03-24 06:29:32', 'Active Saver'),
(61, '2014-03-25 17:34:38', 'Active Saver'),
(61, '2014-03-26 01:17:54', 'Active Saver'),
(61, '2014-03-26 01:30:55', 'Active Saver'),
(61, '2014-03-26 01:31:37', 'Active Saver'),
(61, '2014-03-26 01:35:40', 'Active Saver'),
(61, '2014-03-26 01:37:04', 'Active Saver'),
(61, '2014-03-26 04:50:09', 'Active Saver'),
(61, '2014-03-26 05:07:38', 'Active Saver'),
(61, '2014-03-26 05:09:04', 'Active Saver'),
(61, '2014-03-26 05:09:57', 'Active Saver'),
(61, '2014-03-26 06:04:47', 'Active Saver'),
(61, '2014-03-26 06:32:54', 'Active Saver'),
(61, '2014-03-26 06:37:53', 'Active Saver'),
(61, '2014-03-26 06:44:16', 'Active Saver'),
(61, '2014-03-26 06:50:42', 'Active Saver'),
(61, '2014-03-26 06:57:31', 'Active Saver'),
(61, '2014-03-26 07:14:21', 'Active Saver'),
(61, '2014-03-26 07:42:19', 'Active Saver'),
(61, '2014-03-27 04:52:06', 'Active Saver'),
(61, '2014-03-27 05:05:56', 'Active Saver'),
(61, '2014-03-27 05:21:33', 'Active Saver'),
(61, '2014-03-31 06:32:36', 'Active Saver'),
(61, '2014-04-01 17:38:27', 'Active Saver'),
(61, '2014-04-07 06:35:15', 'Active Saver'),
(61, '2014-04-08 17:40:11', 'Active Saver'),
(61, '2014-04-14 06:36:28', 'Active Saver'),
(61, '2014-04-15 17:41:15', 'Active Saver'),
(61, '2014-04-21 06:37:44', 'Active Saver'),
(61, '2014-04-22 17:42:40', 'Active Saver'),
(61, '2014-04-28 06:39:15', 'Active Saver'),
(61, '2014-04-29 17:44:32', 'Active Saver'),
(61, '2014-05-05 06:42:37', 'Active Saver'),
(61, '2014-05-06 17:46:38', 'Active Saver'),
(61, '2014-05-12 06:44:08', 'Active Saver'),
(61, '2014-05-13 17:47:33', 'Active Saver'),
(61, '2014-05-19 06:45:02', 'Active Saver'),
(61, '2014-05-20 17:48:27', 'Active Saver'),
(61, '2014-05-26 06:45:57', 'Active Saver'),
(61, '2014-05-27 17:49:47', 'Active Saver'),
(61, '2014-06-02 06:47:36', 'Active Saver'),
(61, '2014-06-03 17:51:07', 'Active Saver'),
(61, '2014-06-09 06:48:22', 'Active Saver'),
(61, '2014-06-10 17:51:56', 'Active Saver'),
(61, '2014-06-16 06:49:25', 'Active Saver'),
(61, '2014-06-17 17:55:14', 'Active Saver'),
(61, '2014-06-23 06:50:40', 'Active Saver'),
(61, '2014-06-24 17:53:18', 'Active Saver'),
(61, '2014-06-30 06:52:19', 'Active Saver'),
(61, '2014-07-01 17:54:23', 'Active Saver'),
(61, '2014-07-01 17:57:43', 'Active Saver'),
(61, '2014-07-15 17:59:00', 'Active Saver'),
(61, '2014-07-22 17:59:44', 'Active Saver'),
(61, '2014-07-27 23:07:26', 'Active Saver'),
(61, '2014-07-27 23:12:59', 'Active Saver'),
(61, '2014-07-27 23:13:38', 'Active Saver'),
(61, '2014-07-27 23:16:17', 'Active Saver'),
(61, '2014-07-27 23:18:59', 'Active Saver'),
(61, '2014-07-27 23:23:56', 'Active Saver'),
(61, '2014-07-27 23:24:44', 'Active Saver'),
(61, '2014-07-29 18:00:32', 'Active Saver'),
(61, '2014-07-29 18:00:58', 'Active Saver'),
(61, '2014-08-05 18:02:05', 'Active Saver'),
(61, '2014-08-12 18:02:51', 'Active Saver'),
(61, '2014-08-19 18:04:00', 'Active Saver'),
(61, '2014-08-26 18:05:09', 'Active Saver'),
(61, '2014-09-02 18:06:19', 'Active Saver'),
(61, '2014-10-22 01:13:00', 'Active Saver'),
(62, '2013-03-22 06:58:05', 'Active Saver'),
(62, '2013-09-22 16:06:55', 'Active Saver'),
(62, '2014-01-22 05:34:17', 'Active Saver'),
(62, '2014-01-22 05:55:56', 'Active Saver'),
(62, '2014-01-22 06:09:42', 'Active Saver'),
(62, '2014-01-27 06:10:01', 'Active Saver'),
(62, '2014-01-27 06:13:57', 'Active Saver'),
(62, '2014-01-27 06:15:20', 'Active Saver'),
(62, '2014-02-03 06:18:38', 'Active Saver'),
(62, '2014-02-10 06:20:15', 'Active Saver'),
(62, '2014-02-17 06:21:54', 'Active Saver'),
(62, '2014-02-24 06:23:07', 'Active Saver'),
(62, '2014-03-03 06:24:47', 'Active Saver'),
(62, '2014-03-10 06:25:39', 'Active Saver'),
(62, '2014-03-17 06:27:56', 'Active Saver'),
(62, '2014-03-21 05:25:11', 'Active Saver'),
(62, '2014-03-21 05:28:45', 'Active Saver'),
(62, '2014-03-24 06:29:32', 'Active Saver'),
(62, '2014-03-25 17:34:38', 'Active Saver'),
(62, '2014-03-26 01:17:54', 'Active Saver'),
(62, '2014-03-26 01:30:55', 'Active Saver'),
(62, '2014-03-26 01:31:37', 'Active Saver'),
(62, '2014-03-26 01:35:40', 'Active Saver'),
(62, '2014-03-26 01:37:04', 'Active Saver'),
(62, '2014-03-26 04:50:09', 'Active Saver'),
(62, '2014-03-26 05:07:38', 'Active Saver'),
(62, '2014-03-26 05:09:04', 'Active Saver'),
(62, '2014-03-26 05:09:57', 'Active Saver'),
(62, '2014-03-26 06:04:47', 'Active Saver'),
(62, '2014-03-26 06:32:54', 'Active Saver'),
(62, '2014-03-26 06:37:53', 'Active Saver'),
(62, '2014-03-26 06:44:16', 'Active Saver'),
(62, '2014-03-26 06:50:42', 'Active Saver'),
(62, '2014-03-26 06:57:31', 'Active Saver'),
(62, '2014-03-26 07:14:21', 'Active Saver'),
(62, '2014-03-26 07:42:19', 'Active Saver'),
(62, '2014-03-27 04:52:06', 'Active Saver'),
(62, '2014-03-27 05:05:56', 'Active Saver'),
(62, '2014-03-27 05:21:33', 'Active Saver'),
(62, '2014-03-31 06:32:36', 'Active Saver'),
(62, '2014-04-01 17:38:27', 'Active Saver'),
(62, '2014-04-07 06:35:15', 'Active Saver'),
(62, '2014-04-08 17:40:11', 'Active Saver'),
(62, '2014-04-14 06:36:28', 'Active Saver'),
(62, '2014-04-15 17:41:15', 'Active Saver'),
(62, '2014-04-21 06:37:44', 'Active Saver'),
(62, '2014-04-22 17:42:40', 'Active Saver'),
(62, '2014-04-28 06:39:15', 'Active Saver'),
(62, '2014-04-29 17:44:32', 'Active Saver'),
(62, '2014-05-05 06:42:37', 'Active Saver'),
(62, '2014-05-06 17:46:38', 'Active Saver'),
(62, '2014-05-12 06:44:08', 'Active Saver'),
(62, '2014-05-13 17:47:33', 'Active Saver'),
(62, '2014-05-19 06:45:02', 'Active Saver'),
(62, '2014-05-20 17:48:27', 'Active Saver'),
(62, '2014-05-26 06:45:57', 'Active Saver'),
(62, '2014-05-27 17:49:47', 'Active Saver'),
(62, '2014-06-02 06:47:36', 'Active Saver'),
(62, '2014-06-03 17:51:07', 'Active Saver'),
(62, '2014-06-09 06:48:22', 'Active Saver'),
(62, '2014-06-10 17:51:56', 'Active Saver'),
(62, '2014-06-16 06:49:25', 'Active Saver'),
(62, '2014-06-17 17:55:14', 'Active Saver'),
(62, '2014-06-23 06:50:40', 'Active Saver'),
(62, '2014-06-24 17:53:18', 'Active Saver'),
(62, '2014-06-30 06:52:19', 'Active Saver'),
(62, '2014-07-01 17:54:23', 'Active Saver'),
(62, '2014-07-01 17:57:43', 'Active Saver'),
(62, '2014-07-15 17:59:00', 'Active Saver'),
(62, '2014-07-22 17:59:44', 'Active Saver'),
(62, '2014-07-27 23:07:26', 'Active Saver'),
(62, '2014-07-27 23:12:59', 'Active Saver'),
(62, '2014-07-27 23:13:38', 'Active Saver'),
(62, '2014-07-27 23:16:17', 'Active Saver'),
(62, '2014-07-27 23:18:59', 'Active Saver'),
(62, '2014-07-27 23:23:56', 'Active Saver'),
(62, '2014-07-27 23:24:44', 'Active Saver'),
(62, '2014-07-29 18:00:32', 'Active Saver'),
(62, '2014-07-29 18:00:58', 'Active Saver'),
(62, '2014-08-05 18:02:05', 'Active Saver'),
(62, '2014-08-12 18:02:51', 'Active Saver'),
(62, '2014-08-19 18:04:00', 'Active Saver'),
(62, '2014-08-26 18:05:09', 'Active Saver'),
(62, '2014-09-02 18:06:19', 'Active Saver'),
(62, '2014-10-22 01:13:00', 'Active Saver'),
(63, '2014-03-26 04:50:09', 'Borrower'),
(63, '2014-03-27 04:52:06', 'Borrower'),
(63, '2014-03-27 05:05:56', 'Borrower'),
(63, '2014-10-22 01:19:36', 'Borrower'),
(63, '2014-10-22 07:16:06', 'Active'),
(63, '2014-10-26 05:20:18', 'Borrower'),
(64, '2014-03-26 04:50:09', 'Borrower'),
(64, '2014-03-27 04:52:06', 'Borrower'),
(64, '2014-03-27 05:05:56', 'Borrower'),
(64, '2014-10-15 07:56:18', 'Borrower'),
(64, '2014-10-15 08:00:50', 'Borrower'),
(64, '2014-10-22 01:19:36', 'Borrower'),
(64, '2014-10-22 07:17:56', 'Active'),
(64, '2014-10-26 05:20:18', 'Borrower'),
(64, '2014-10-29 06:15:19', 'Borrower'),
(64, '2014-10-31 03:14:00', 'Borrower'),
(65, '2014-03-26 04:50:09', 'Borrower'),
(65, '2014-03-27 04:52:06', 'Borrower'),
(65, '2014-03-27 05:05:56', 'Borrower'),
(65, '2014-10-22 01:19:36', 'Borrower'),
(65, '2014-10-22 07:19:52', 'Active'),
(65, '2014-10-22 08:05:46', 'Borrower'),
(65, '2014-10-26 05:20:18', 'Borrower'),
(65, '2014-10-29 06:50:47', 'Borrower'),
(65, '2014-10-31 03:12:24', 'Borrower'),
(65, '2014-10-31 03:13:16', 'Borrower'),
(66, '2014-03-26 04:50:09', 'Borrower'),
(66, '2014-03-27 04:52:06', 'Borrower'),
(66, '2014-03-27 05:05:56', 'Borrower'),
(66, '2014-10-15 07:56:18', 'Borrower'),
(66, '2014-10-15 08:00:50', 'Borrower'),
(66, '2014-10-22 01:19:36', 'Borrower'),
(66, '2014-10-22 07:23:55', 'Active'),
(66, '2014-10-26 05:20:18', 'Borrower'),
(67, '2014-03-26 04:50:09', 'Borrower'),
(67, '2014-03-27 04:52:06', 'Borrower'),
(67, '2014-03-27 05:05:56', 'Borrower'),
(67, '2014-10-22 01:19:36', 'Borrower'),
(67, '2014-10-22 07:25:33', 'Active'),
(67, '2014-10-22 08:05:46', 'Borrower'),
(67, '2014-10-26 05:20:18', 'Borrower'),
(68, '2014-03-26 04:50:09', 'Borrower'),
(68, '2014-03-27 04:52:06', 'Borrower'),
(68, '2014-03-27 05:05:56', 'Borrower'),
(68, '2014-10-22 01:19:36', 'Borrower'),
(68, '2014-10-22 07:27:26', 'Active'),
(68, '2014-10-26 05:20:18', 'Borrower'),
(69, '2014-03-26 04:50:09', 'Borrower'),
(69, '2014-03-27 04:52:06', 'Borrower'),
(69, '2014-03-27 05:05:56', 'Borrower'),
(69, '2014-07-02 08:08:07', 'Borrower'),
(69, '2014-10-22 01:19:36', 'Borrower'),
(69, '2014-10-22 07:29:38', 'Active'),
(69, '2014-10-22 08:10:15', 'Borrower'),
(69, '2014-10-26 05:20:18', 'Borrower'),
(69, '2014-10-31 03:14:00', 'Borrower'),
(70, '2014-03-26 04:50:09', 'Borrower'),
(70, '2014-03-27 04:52:06', 'Borrower'),
(70, '2014-03-27 05:05:56', 'Borrower'),
(70, '2014-10-22 01:19:36', 'Borrower'),
(70, '2014-10-22 07:31:49', 'Active'),
(70, '2014-10-26 05:20:18', 'Borrower'),
(70, '2014-10-29 06:45:15', 'Borrower'),
(70, '2014-10-29 06:50:47', 'Borrower'),
(71, '2014-03-26 04:50:09', 'Borrower'),
(71, '2014-03-27 04:52:06', 'Borrower'),
(71, '2014-03-27 05:05:56', 'Borrower'),
(71, '2014-10-15 07:56:18', 'Borrower'),
(71, '2014-10-15 08:00:50', 'Borrower'),
(71, '2014-10-22 01:19:36', 'Borrower'),
(71, '2014-10-22 07:33:17', 'Active'),
(71, '2014-10-26 05:20:18', 'Borrower'),
(71, '2014-10-29 06:15:19', 'Borrower'),
(71, '2014-10-31 03:12:51', 'Borrower'),
(71, '2014-10-31 03:14:00', 'Borrower'),
(72, '2014-01-22 05:34:17', 'Borrower'),
(72, '2014-01-22 05:55:56', 'Borrower'),
(72, '2014-01-22 06:09:42', 'Borrower'),
(72, '2014-01-27 06:10:01', 'Borrower'),
(72, '2014-01-27 06:13:57', 'Borrower'),
(72, '2014-01-27 06:15:20', 'Borrower'),
(72, '2014-02-03 06:18:38', 'Borrower'),
(72, '2014-02-10 06:20:15', 'Borrower'),
(72, '2014-02-17 06:21:54', 'Borrower'),
(72, '2014-02-24 06:23:07', 'Borrower'),
(72, '2014-03-03 06:24:47', 'Borrower'),
(72, '2014-03-10 06:25:39', 'Borrower'),
(72, '2014-03-17 06:27:56', 'Borrower'),
(72, '2014-03-21 05:28:45', 'Borrower'),
(72, '2014-03-24 06:29:32', 'Borrower'),
(72, '2014-03-31 06:32:36', 'Borrower'),
(72, '2014-04-07 06:35:15', 'Borrower'),
(72, '2014-04-14 06:36:28', 'Borrower'),
(72, '2014-04-21 06:37:44', 'Borrower'),
(72, '2014-04-28 06:39:15', 'Borrower'),
(72, '2014-05-05 06:42:37', 'Borrower'),
(72, '2014-05-12 06:44:08', 'Borrower'),
(72, '2014-05-19 06:45:02', 'Borrower'),
(72, '2014-05-26 06:45:57', 'Borrower'),
(72, '2014-06-02 06:47:36', 'Borrower'),
(72, '2014-06-09 06:48:22', 'Borrower'),
(72, '2014-06-16 06:49:25', 'Borrower'),
(72, '2014-06-23 06:50:40', 'Borrower'),
(72, '2014-06-30 06:52:19', 'Borrower'),
(72, '2014-10-22 07:34:56', 'Active'),
(72, '2014-10-26 07:42:19', 'Borrower'),
(72, '2014-10-29 06:50:47', 'Borrower'),
(72, '2014-10-31 03:13:16', 'Borrower'),
(73, '2014-01-22 05:34:17', 'Borrower'),
(73, '2014-01-22 05:55:56', 'Borrower'),
(73, '2014-01-22 06:09:42', 'Borrower'),
(73, '2014-01-27 06:10:01', 'Borrower'),
(73, '2014-01-27 06:13:57', 'Borrower'),
(73, '2014-01-27 06:15:20', 'Borrower'),
(73, '2014-02-03 06:18:38', 'Borrower'),
(73, '2014-02-10 06:20:15', 'Borrower'),
(73, '2014-02-17 06:21:54', 'Borrower'),
(73, '2014-02-24 06:23:07', 'Borrower'),
(73, '2014-03-03 06:24:47', 'Borrower'),
(73, '2014-03-10 06:25:39', 'Borrower'),
(73, '2014-03-17 06:27:56', 'Borrower'),
(73, '2014-03-21 05:28:45', 'Borrower'),
(73, '2014-03-24 06:29:32', 'Borrower'),
(73, '2014-03-31 06:32:36', 'Borrower'),
(73, '2014-04-07 06:35:15', 'Borrower'),
(73, '2014-04-14 06:36:28', 'Borrower'),
(73, '2014-04-21 06:37:44', 'Borrower'),
(73, '2014-04-28 06:39:15', 'Borrower'),
(73, '2014-05-05 06:42:37', 'Borrower'),
(73, '2014-05-12 06:44:08', 'Borrower'),
(73, '2014-05-19 06:45:02', 'Borrower'),
(73, '2014-05-26 06:45:57', 'Borrower'),
(73, '2014-06-02 06:47:36', 'Borrower'),
(73, '2014-06-09 06:48:22', 'Borrower'),
(73, '2014-06-16 06:49:25', 'Borrower'),
(73, '2014-06-23 06:50:40', 'Borrower'),
(73, '2014-06-30 06:52:19', 'Borrower'),
(73, '2014-10-22 07:37:03', 'Active'),
(73, '2014-10-26 07:42:19', 'Borrower'),
(74, '2014-01-22 05:34:17', 'Borrower'),
(74, '2014-01-22 05:55:56', 'Borrower'),
(74, '2014-01-22 06:09:42', 'Borrower'),
(74, '2014-01-27 06:10:01', 'Borrower'),
(74, '2014-01-27 06:13:57', 'Borrower'),
(74, '2014-01-27 06:15:20', 'Borrower'),
(74, '2014-02-03 06:18:38', 'Borrower'),
(74, '2014-02-10 06:20:15', 'Borrower'),
(74, '2014-02-17 06:21:54', 'Borrower'),
(74, '2014-02-24 06:23:07', 'Borrower'),
(74, '2014-03-03 06:24:47', 'Borrower'),
(74, '2014-03-10 06:25:39', 'Borrower'),
(74, '2014-03-17 06:27:56', 'Borrower'),
(74, '2014-03-21 05:28:45', 'Borrower'),
(74, '2014-03-24 06:29:32', 'Borrower'),
(74, '2014-03-31 06:32:36', 'Borrower'),
(74, '2014-04-07 06:35:15', 'Borrower'),
(74, '2014-04-14 06:36:28', 'Borrower'),
(74, '2014-04-21 06:37:44', 'Borrower'),
(74, '2014-04-28 06:39:15', 'Borrower'),
(74, '2014-05-05 06:42:37', 'Borrower'),
(74, '2014-05-12 06:44:08', 'Borrower'),
(74, '2014-05-19 06:45:02', 'Borrower'),
(74, '2014-05-26 06:45:57', 'Borrower'),
(74, '2014-06-02 06:47:36', 'Borrower'),
(74, '2014-06-09 06:48:22', 'Borrower'),
(74, '2014-06-16 06:49:25', 'Borrower'),
(74, '2014-06-23 06:50:40', 'Borrower'),
(74, '2014-06-30 06:52:19', 'Borrower'),
(74, '2014-10-22 07:38:39', 'Active'),
(74, '2014-10-26 07:42:19', 'Borrower'),
(75, '2014-07-02 08:08:07', 'Borrower'),
(75, '2014-10-15 07:56:18', 'Borrower'),
(75, '2014-10-22 08:05:46', 'Borrower'),
(75, '2014-10-22 08:18:18', 'Borrower'),
(75, '2014-10-29 06:48:40', 'Active'),
(75, '2014-10-31 03:14:00', 'Borrower'),
(76, '2014-01-22 10:59:51', 'Active'),
(76, '2014-01-22 11:14:16', 'Borrower'),
(77, '2014-01-22 11:00:02', 'Active'),
(77, '2014-01-22 11:14:16', 'Borrower'),
(78, '2014-01-22 11:00:12', 'Active'),
(78, '2014-01-22 11:14:16', 'Borrower'),
(79, '2014-01-22 11:00:20', 'Active'),
(79, '2014-01-22 11:14:16', 'Borrower'),
(80, '2014-01-22 11:00:30', 'Active'),
(80, '2014-01-22 11:14:16', 'Borrower'),
(81, '2014-01-22 11:00:39', 'Active'),
(81, '2014-01-22 11:14:16', 'Borrower'),
(82, '2014-01-22 11:00:47', 'Active'),
(82, '2014-01-22 11:14:16', 'Borrower'),
(83, '2014-01-22 11:00:59', 'Active'),
(83, '2014-01-22 11:14:16', 'Borrower'),
(84, '2014-01-22 11:01:10', 'Active'),
(84, '2014-01-22 11:14:16', 'Borrower'),
(85, '2014-01-22 11:01:19', 'Active'),
(85, '2014-01-22 11:14:16', 'Borrower'),
(86, '2014-01-22 11:01:28', 'Active'),
(86, '2014-01-22 11:14:16', 'Borrower'),
(87, '2014-01-22 11:01:37', 'Active'),
(87, '2014-01-22 11:14:16', 'Borrower'),
(88, '2014-01-22 11:01:45', 'Active'),
(88, '2014-01-22 11:14:16', 'Borrower'),
(89, '2014-01-22 11:01:56', 'Active'),
(89, '2014-01-22 11:14:16', 'Borrower'),
(90, '2014-01-22 11:02:08', 'Active'),
(90, '2014-01-22 11:14:16', 'Borrower'),
(91, '2014-01-22 11:02:17', 'Active'),
(91, '2014-01-22 11:14:16', 'Borrower'),
(92, '2014-01-22 11:02:25', 'Active'),
(92, '2014-01-22 11:14:16', 'Borrower'),
(93, '2014-01-22 11:02:35', 'Active'),
(93, '2014-01-22 11:14:16', 'Borrower'),
(94, '2014-01-22 11:02:47', 'Active'),
(94, '2014-01-22 11:14:16', 'Borrower'),
(95, '2014-01-22 11:02:55', 'Active'),
(95, '2014-01-22 11:14:16', 'Borrower'),
(96, '2014-01-22 11:03:05', 'Active'),
(96, '2014-01-22 11:14:16', 'Borrower'),
(97, '2014-01-22 11:05:17', 'Active'),
(97, '2014-01-22 11:14:16', 'Borrower'),
(98, '2014-01-22 11:05:26', 'Active'),
(98, '2014-01-22 11:14:16', 'Borrower'),
(99, '2014-01-22 11:05:34', 'Active'),
(99, '2014-01-22 11:14:16', 'Borrower'),
(100, '2014-01-22 11:05:43', 'Active'),
(100, '2014-01-22 11:14:16', 'Borrower'),
(101, '2014-01-22 11:05:53', 'Active'),
(101, '2014-01-22 11:14:16', 'Borrower'),
(102, '2014-01-22 11:06:01', 'Active'),
(102, '2014-01-22 11:14:16', 'Borrower'),
(103, '2014-01-22 11:06:09', 'Active'),
(103, '2014-01-22 11:14:16', 'Borrower'),
(104, '2014-01-22 11:06:18', 'Active'),
(104, '2014-01-22 11:14:16', 'Borrower'),
(105, '2014-01-22 11:06:26', 'Active'),
(105, '2014-01-22 11:14:16', 'Borrower'),
(106, '2014-01-22 11:06:35', 'Active'),
(106, '2014-01-22 11:14:16', 'Borrower'),
(107, '2014-01-22 11:06:46', 'Active'),
(107, '2014-01-22 11:14:16', 'Borrower'),
(108, '2014-01-22 11:06:54', 'Active'),
(108, '2014-01-22 11:14:16', 'Borrower'),
(109, '2014-01-22 11:07:06', 'Active'),
(109, '2014-01-22 11:14:16', 'Borrower'),
(110, '2014-01-22 11:07:14', 'Active'),
(110, '2014-01-22 11:14:16', 'Borrower'),
(111, '2014-01-22 11:07:23', 'Active'),
(111, '2014-01-22 11:14:16', 'Borrower'),
(112, '2014-01-22 11:07:32', 'Active'),
(112, '2014-01-22 11:14:16', 'Borrower'),
(113, '2014-01-22 11:07:40', 'Active'),
(113, '2014-01-22 11:14:16', 'Borrower'),
(114, '2014-01-22 11:07:51', 'Active'),
(114, '2014-01-22 11:14:16', 'Borrower'),
(115, '2014-01-22 11:08:01', 'Active'),
(115, '2014-01-22 11:14:16', 'Borrower'),
(116, '2014-01-22 11:08:11', 'Active'),
(116, '2014-01-22 11:14:16', 'Borrower'),
(117, '2014-01-22 11:08:19', 'Active'),
(117, '2014-01-22 11:14:16', 'Borrower'),
(211, '2011-04-28 06:28:23', 'Active'),
(211, '2014-10-31 03:05:56', 'Borrower'),
(211, '2014-10-31 03:12:51', 'Borrower'),
(212, '2011-07-28 06:35:06', 'Active'),
(212, '2014-10-31 03:05:56', 'Borrower'),
(212, '2014-10-31 03:12:24', 'Borrower'),
(212, '2014-10-31 03:13:16', 'Borrower'),
(213, '2011-07-28 06:43:51', 'Active'),
(213, '2014-10-31 03:05:56', 'Borrower'),
(213, '2014-10-31 03:12:51', 'Borrower'),
(213, '2014-10-31 03:14:00', 'Borrower'),
(214, '2012-03-21 06:48:52', 'Active'),
(214, '2014-10-31 03:05:56', 'Borrower'),
(214, '2014-10-31 03:13:16', 'Borrower'),
(215, '2012-05-18 07:03:56', 'Active'),
(215, '2014-10-31 03:05:56', 'Borrower'),
(215, '2014-10-31 03:13:16', 'Borrower'),
(215, '2014-10-31 03:14:00', 'Borrower'),
(217, '2012-05-28 07:22:19', 'Active'),
(217, '2014-10-31 03:05:56', 'Borrower'),
(217, '2014-10-31 03:12:25', 'Borrower'),
(217, '2014-10-31 03:12:51', 'Borrower'),
(219, '2012-08-17 07:34:44', 'Active'),
(219, '2014-10-31 03:05:56', 'Borrower'),
(219, '2014-10-31 03:12:25', 'Borrower'),
(219, '2014-10-31 03:13:16', 'Borrower'),
(220, '2012-11-25 07:38:44', 'Active'),
(220, '2014-10-31 03:05:56', 'Borrower'),
(220, '2014-10-31 03:12:51', 'Borrower'),
(220, '2014-10-31 03:14:00', 'Borrower'),
(221, '2012-12-19 07:48:53', 'Active'),
(221, '2014-10-31 03:05:56', 'Borrower'),
(221, '2014-10-31 03:12:25', 'Borrower'),
(222, '2013-03-07 07:58:17', 'Active'),
(222, '2014-10-31 03:05:56', 'Borrower'),
(222, '2014-10-31 03:12:25', 'Borrower'),
(223, '2013-03-07 20:15:46', 'Active'),
(223, '2014-10-31 03:05:56', 'Borrower'),
(223, '2014-10-31 03:12:51', 'Borrower'),
(223, '2014-10-31 03:14:00', 'Borrower'),
(224, '2013-05-08 20:31:30', 'Active'),
(224, '2014-10-31 03:05:56', 'Borrower'),
(224, '2014-10-31 03:12:25', 'Borrower'),
(224, '2014-10-31 03:13:16', 'Borrower'),
(225, '2013-05-08 20:34:05', 'Active'),
(225, '2014-10-31 03:05:56', 'Borrower'),
(225, '2014-10-31 03:12:51', 'Borrower'),
(226, '2013-05-10 20:38:39', 'Active'),
(226, '2014-10-31 03:05:56', 'Borrower'),
(226, '2014-10-31 03:12:25', 'Borrower'),
(227, '2013-06-20 21:19:46', 'Active'),
(227, '2014-10-31 03:05:56', 'Borrower'),
(227, '2014-10-31 03:13:16', 'Borrower'),
(228, '2013-06-23 21:57:37', 'Active'),
(228, '2014-10-31 03:05:56', 'Borrower'),
(228, '2014-10-31 03:12:25', 'Borrower'),
(228, '2014-10-31 03:13:16', 'Borrower'),
(230, '2014-01-15 22:20:22', 'Active'),
(230, '2014-10-31 03:05:56', 'Borrower'),
(230, '2014-10-31 03:12:25', 'Borrower'),
(230, '2014-10-31 03:12:51', 'Borrower'),
(231, '2014-01-28 22:35:44', 'Active'),
(231, '2014-10-31 03:05:56', 'Borrower'),
(231, '2014-10-31 03:12:51', 'Borrower'),
(232, '2014-01-29 22:41:24', 'Active'),
(232, '2014-10-31 03:05:56', 'Borrower'),
(232, '2014-10-31 03:13:16', 'Borrower'),
(233, '2014-03-24 22:48:17', 'Active'),
(233, '2014-10-31 03:05:56', 'Borrower'),
(233, '2014-10-31 03:12:25', 'Borrower'),
(234, '2014-04-04 23:03:05', 'Active'),
(234, '2014-10-31 03:05:56', 'Borrower'),
(234, '2014-10-31 03:12:25', 'Borrower'),
(234, '2014-10-31 03:13:16', 'Borrower'),
(235, '2014-04-22 23:13:47', 'Active'),
(235, '2014-10-31 03:05:56', 'Borrower'),
(235, '2014-10-31 03:12:51', 'Borrower'),
(235, '2014-10-31 03:14:00', 'Borrower'),
(236, '2014-04-23 23:40:51', 'Active'),
(236, '2014-10-31 03:05:56', 'Borrower'),
(236, '2014-10-31 03:13:16', 'Borrower'),
(237, '2014-04-23 23:44:47', 'Active'),
(237, '2014-10-31 03:05:56', 'Borrower'),
(238, '2014-06-05 23:48:12', 'Active'),
(238, '2014-10-31 03:05:56', 'Borrower'),
(238, '2014-10-31 03:12:51', 'Borrower'),
(238, '2014-10-31 03:14:00', 'Borrower'),
(239, '2014-06-05 23:52:10', 'Active'),
(239, '2014-10-31 03:05:56', 'Borrower'),
(239, '2014-10-31 03:12:25', 'Borrower'),
(239, '2014-10-31 03:13:16', 'Borrower'),
(240, '2014-06-06 23:58:08', 'Active'),
(240, '2014-10-31 03:05:56', 'Borrower'),
(240, '2014-10-31 03:12:51', 'Borrower'),
(240, '2014-10-31 03:14:00', 'Borrower'),
(241, '2014-01-22 07:18:44', 'Active'),
(241, '2014-01-22 07:20:44', 'Borrower'),
(242, '2014-01-22 07:18:54', 'Active'),
(242, '2014-01-22 07:20:44', 'Borrower'),
(243, '2014-01-22 11:08:28', 'Active'),
(243, '2014-01-22 11:14:16', 'Borrower'),
(244, '2014-01-22 07:19:05', 'Active'),
(244, '2014-01-22 07:20:44', 'Borrower'),
(245, '2014-01-22 11:08:35', 'Active'),
(245, '2014-01-22 11:14:16', 'Borrower'),
(246, '2014-01-22 11:08:43', 'Active'),
(246, '2014-01-22 11:14:17', 'Borrower'),
(247, '2014-01-22 07:19:14', 'Active'),
(247, '2014-01-22 07:20:44', 'Borrower'),
(248, '2014-01-22 07:19:22', 'Active'),
(248, '2014-01-22 07:20:44', 'Borrower'),
(249, '2014-01-22 11:08:52', 'Active'),
(249, '2014-01-22 11:14:17', 'Borrower'),
(250, '2014-01-22 07:19:31', 'Active'),
(250, '2014-01-22 07:20:44', 'Borrower'),
(251, '2014-01-22 11:08:59', 'Active'),
(251, '2014-01-22 11:14:17', 'Borrower'),
(252, '2014-01-22 07:19:39', 'Active'),
(252, '2014-01-22 07:20:44', 'Borrower'),
(253, '2014-01-22 11:09:07', 'Active'),
(253, '2014-01-22 11:14:17', 'Borrower'),
(254, '2014-01-22 07:19:48', 'Active'),
(254, '2014-01-22 07:20:44', 'Borrower'),
(255, '2014-01-22 11:09:17', 'Active'),
(255, '2014-01-22 11:14:17', 'Borrower'),
(257, '2014-01-22 11:09:28', 'Active'),
(257, '2014-01-22 11:14:17', 'Borrower'),
(258, '2014-01-22 08:18:28', 'Active'),
(258, '2014-01-22 08:21:57', 'Borrower'),
(259, '2014-01-22 08:18:38', 'Active'),
(259, '2014-01-22 08:21:57', 'Borrower'),
(260, '2014-01-22 11:09:38', 'Active'),
(260, '2014-01-22 11:14:17', 'Borrower'),
(261, '2014-01-22 08:18:48', 'Active'),
(261, '2014-01-22 08:21:57', 'Borrower'),
(262, '2014-01-22 08:18:57', 'Active'),
(262, '2014-01-22 08:21:57', 'Borrower'),
(263, '2014-01-22 11:09:53', 'Active'),
(263, '2014-01-22 11:14:17', 'Borrower'),
(264, '2014-01-22 08:19:07', 'Active'),
(264, '2014-01-22 08:21:57', 'Borrower'),
(265, '2014-01-22 08:58:37', 'Active'),
(265, '2014-01-22 09:08:08', 'Borrower'),
(266, '2014-01-22 08:58:47', 'Active'),
(266, '2014-01-22 09:08:08', 'Borrower'),
(267, '2014-01-22 08:58:58', 'Active'),
(267, '2014-01-22 09:08:08', 'Borrower'),
(268, '2014-01-22 08:59:11', 'Active'),
(268, '2014-01-22 09:08:08', 'Borrower'),
(269, '2014-01-22 08:59:24', 'Active'),
(269, '2014-01-22 09:08:08', 'Borrower'),
(270, '2014-01-22 08:59:33', 'Active'),
(270, '2014-01-22 09:08:08', 'Borrower'),
(271, '2014-01-22 08:59:42', 'Active'),
(271, '2014-01-22 09:08:08', 'Borrower'),
(272, '2014-01-22 09:57:23', 'Borrower'),
(272, '2014-01-22 10:00:40', 'Borrower'),
(272, '2014-01-22 10:00:43', 'Borrower'),
(272, '2014-01-22 10:03:11', 'Borrower'),
(272, '2014-01-22 10:32:06', 'Borrower'),
(272, '2014-01-22 10:34:14', 'Borrower'),
(272, '2014-01-22 10:56:19', 'Borrower'),
(272, '2014-01-22 10:59:37', 'Borrower'),
(272, '2014-01-22 11:14:17', 'Borrower'),
(272, '2014-10-31 09:35:28', 'Active'),
(273, '2014-01-22 09:57:23', 'Borrower'),
(273, '2014-01-22 10:00:40', 'Borrower'),
(273, '2014-01-22 10:00:43', 'Borrower'),
(273, '2014-01-22 10:03:11', 'Borrower'),
(273, '2014-01-22 10:32:06', 'Borrower'),
(273, '2014-01-22 10:34:14', 'Borrower'),
(273, '2014-01-22 10:56:19', 'Borrower'),
(273, '2014-01-22 10:59:37', 'Borrower'),
(273, '2014-01-22 11:14:17', 'Borrower'),
(273, '2014-10-31 09:35:41', 'Active'),
(274, '2014-01-22 09:57:24', 'Borrower'),
(274, '2014-01-22 10:00:40', 'Borrower'),
(274, '2014-01-22 10:00:43', 'Borrower'),
(274, '2014-01-22 10:03:11', 'Borrower'),
(274, '2014-01-22 10:32:06', 'Borrower'),
(274, '2014-01-22 10:34:14', 'Borrower'),
(274, '2014-01-22 10:56:19', 'Borrower'),
(274, '2014-01-22 10:59:37', 'Borrower'),
(274, '2014-01-22 11:14:17', 'Borrower'),
(274, '2014-10-31 09:35:51', 'Active'),
(274, '2014-10-31 09:35:52', 'Active'),
(275, '2014-01-22 09:57:24', 'Borrower'),
(275, '2014-01-22 10:00:40', 'Borrower'),
(275, '2014-01-22 10:00:43', 'Borrower'),
(275, '2014-01-22 10:03:11', 'Borrower'),
(275, '2014-01-22 10:32:06', 'Borrower'),
(275, '2014-01-22 10:34:14', 'Borrower'),
(275, '2014-01-22 10:56:19', 'Borrower'),
(275, '2014-01-22 10:59:37', 'Borrower'),
(275, '2014-01-22 11:14:17', 'Borrower'),
(275, '2014-10-31 09:36:13', 'Active'),
(276, '2014-01-22 09:57:24', 'Borrower'),
(276, '2014-01-22 10:00:40', 'Borrower'),
(276, '2014-01-22 10:00:43', 'Borrower'),
(276, '2014-01-22 10:03:11', 'Borrower'),
(276, '2014-01-22 10:32:06', 'Borrower'),
(276, '2014-01-22 10:34:14', 'Borrower'),
(276, '2014-01-22 10:56:19', 'Borrower'),
(276, '2014-01-22 10:59:37', 'Borrower'),
(276, '2014-01-22 11:14:17', 'Borrower'),
(276, '2014-10-31 09:36:37', 'Active'),
(277, '2014-01-22 09:57:24', 'Borrower'),
(277, '2014-01-22 10:00:40', 'Borrower'),
(277, '2014-01-22 10:00:43', 'Borrower'),
(277, '2014-01-22 10:03:11', 'Borrower'),
(277, '2014-01-22 10:32:06', 'Borrower'),
(277, '2014-01-22 10:34:14', 'Borrower'),
(277, '2014-01-22 10:56:19', 'Borrower'),
(277, '2014-01-22 10:59:37', 'Borrower'),
(277, '2014-01-22 11:14:17', 'Borrower'),
(277, '2014-10-31 09:36:54', 'Active'),
(278, '2014-01-22 09:57:24', 'Borrower'),
(278, '2014-01-22 10:00:40', 'Borrower'),
(278, '2014-01-22 10:00:43', 'Borrower'),
(278, '2014-01-22 10:03:11', 'Borrower'),
(278, '2014-01-22 10:32:06', 'Borrower'),
(278, '2014-01-22 10:34:14', 'Borrower'),
(278, '2014-01-22 10:56:19', 'Borrower'),
(278, '2014-01-22 10:59:37', 'Borrower'),
(278, '2014-01-22 11:14:17', 'Borrower'),
(278, '2014-10-31 09:37:09', 'Active'),
(279, '2014-01-22 09:57:24', 'Borrower'),
(279, '2014-01-22 10:00:40', 'Borrower'),
(279, '2014-01-22 10:00:43', 'Borrower'),
(279, '2014-01-22 10:03:11', 'Borrower'),
(279, '2014-01-22 10:32:06', 'Borrower'),
(279, '2014-01-22 10:34:14', 'Borrower'),
(279, '2014-01-22 10:56:19', 'Borrower'),
(279, '2014-01-22 10:59:37', 'Borrower'),
(279, '2014-01-22 11:14:17', 'Borrower'),
(279, '2014-10-31 09:37:30', 'Active'),
(280, '2014-01-22 09:57:24', 'Borrower'),
(280, '2014-01-22 10:00:40', 'Borrower'),
(280, '2014-01-22 10:00:43', 'Borrower'),
(280, '2014-01-22 10:03:11', 'Borrower'),
(280, '2014-01-22 10:32:06', 'Borrower'),
(280, '2014-01-22 10:34:14', 'Borrower'),
(280, '2014-01-22 10:56:19', 'Borrower'),
(280, '2014-01-22 10:59:37', 'Borrower'),
(280, '2014-01-22 11:14:17', 'Borrower'),
(280, '2014-10-31 09:37:43', 'Active'),
(281, '2014-01-22 09:57:24', 'Borrower'),
(281, '2014-01-22 10:00:40', 'Borrower'),
(281, '2014-01-22 10:00:43', 'Borrower'),
(281, '2014-01-22 10:03:11', 'Borrower'),
(281, '2014-01-22 10:32:06', 'Borrower'),
(281, '2014-01-22 10:34:14', 'Borrower'),
(281, '2014-01-22 10:56:19', 'Borrower'),
(281, '2014-01-22 10:59:37', 'Borrower'),
(281, '2014-01-22 11:14:17', 'Borrower'),
(281, '2014-10-31 09:37:56', 'Active'),
(282, '2014-01-22 09:57:24', 'Borrower'),
(282, '2014-01-22 10:00:40', 'Borrower'),
(282, '2014-01-22 10:00:43', 'Borrower'),
(282, '2014-01-22 10:03:11', 'Borrower'),
(282, '2014-01-22 10:32:06', 'Borrower'),
(282, '2014-01-22 10:34:14', 'Borrower'),
(282, '2014-01-22 10:56:19', 'Borrower'),
(282, '2014-01-22 10:59:37', 'Borrower'),
(282, '2014-01-22 11:14:17', 'Borrower'),
(282, '2014-10-31 09:38:09', 'Active'),
(283, '2014-01-22 09:57:24', 'Borrower'),
(283, '2014-01-22 10:00:40', 'Borrower'),
(283, '2014-01-22 10:00:43', 'Borrower'),
(283, '2014-01-22 10:03:11', 'Borrower'),
(283, '2014-01-22 10:32:06', 'Borrower'),
(283, '2014-01-22 10:34:14', 'Borrower'),
(283, '2014-01-22 10:56:19', 'Borrower'),
(283, '2014-01-22 10:59:37', 'Borrower'),
(283, '2014-01-22 11:14:17', 'Borrower'),
(283, '2014-10-31 09:38:25', 'Active'),
(284, '2014-01-22 11:10:08', 'Active'),
(284, '2014-01-22 11:14:17', 'Borrower'),
(285, '2014-01-22 11:10:41', 'Active'),
(285, '2014-01-22 11:14:17', 'Borrower'),
(286, '2014-01-22 09:49:50', 'Active'),
(286, '2014-01-22 09:57:24', 'Borrower'),
(287, '2014-01-22 09:50:02', 'Active'),
(287, '2014-01-22 09:57:24', 'Borrower'),
(288, '2014-01-22 11:11:00', 'Active'),
(288, '2014-01-22 11:14:17', 'Borrower'),
(289, '2014-01-22 10:19:44', 'Active'),
(289, '2014-01-22 10:32:06', 'Borrower'),
(290, '2014-01-22 10:26:19', 'Active'),
(290, '2014-01-22 10:32:06', 'Borrower'),
(291, '2014-01-22 10:26:37', 'Active'),
(291, '2014-01-22 10:32:06', 'Borrower'),
(292, '2014-01-22 10:56:35', 'Active'),
(292, '2014-01-22 10:59:37', 'Borrower'),
(293, '2014-01-22 10:56:59', 'Active'),
(293, '2014-01-22 10:59:37', 'Borrower'),
(294, '2014-01-22 11:11:09', 'Active'),
(294, '2014-01-22 11:14:17', 'Borrower'),
(295, '2014-01-22 10:57:14', 'Active'),
(295, '2014-01-22 10:59:37', 'Borrower'),
(296, '2014-01-22 11:11:17', 'Active'),
(296, '2014-01-22 11:14:17', 'Borrower'),
(297, '2014-01-22 10:57:25', 'Active'),
(297, '2014-01-22 10:59:37', 'Borrower'),
(298, '2014-01-22 11:11:26', 'Active'),
(298, '2014-01-22 11:14:17', 'Borrower'),
(299, '2014-01-22 10:57:36', 'Active'),
(299, '2014-01-22 10:59:37', 'Borrower'),
(300, '2014-01-22 10:57:49', 'Active'),
(300, '2014-01-22 10:59:37', 'Borrower'),
(301, '2014-01-22 11:11:35', 'Active'),
(301, '2014-01-22 11:14:17', 'Borrower'),
(302, '2014-01-22 10:58:05', 'Active'),
(302, '2014-01-22 10:59:37', 'Borrower'),
(303, '2014-01-22 11:11:42', 'Active'),
(303, '2014-01-22 11:14:17', 'Borrower'),
(304, '2014-01-22 10:58:23', 'Active'),
(304, '2014-01-22 10:59:37', 'Borrower'),
(305, '2014-01-22 11:11:50', 'Active'),
(305, '2014-01-22 11:14:17', 'Borrower'),
(306, '2014-01-22 10:58:34', 'Active'),
(306, '2014-01-22 10:59:37', 'Borrower'),
(307, '2014-01-22 11:12:08', 'Active'),
(307, '2014-01-22 11:14:17', 'Borrower'),
(308, '2014-01-22 10:58:46', 'Active'),
(308, '2014-01-22 10:59:37', 'Borrower'),
(309, '2014-01-22 11:12:17', 'Active'),
(309, '2014-01-22 11:14:17', 'Borrower');

-- --------------------------------------------------------

--
-- Table structure for table `members_has_membertype`
--

CREATE TABLE IF NOT EXISTS `members_has_membertype` (
  `ControlNo` int(11) NOT NULL,
  `Type` varchar(45) NOT NULL,
  `DateUpdated` timestamp NOT NULL DEFAULT CURRENT_TIMESTAMP,
  PRIMARY KEY (`ControlNo`,`Type`,`DateUpdated`),
  KEY `fk_Members_has_MemberType_Members1_idx` (`ControlNo`),
  KEY `fk_Members_has_MemberType_MemberType1_idx` (`Type`)
) ENGINE=InnoDB DEFAULT CHARSET=utf8;

--
-- Dumping data for table `members_has_membertype`
--

INSERT INTO `members_has_membertype` (`ControlNo`, `Type`, `DateUpdated`) VALUES
(1, 'Associate Member', '2012-12-31 21:28:24'),
(2, 'Associate Member', '2012-12-31 21:31:06'),
(3, 'Associate Member', '2012-12-31 21:34:26'),
(4, 'Associate Member', '2012-12-31 21:39:45'),
(5, 'Associate Member', '2012-12-31 21:43:59'),
(6, 'Associate Member', '2012-12-31 22:07:22'),
(7, 'Associate Member', '2014-08-04 22:42:09'),
(8, 'Associate Member', '2014-10-03 19:30:04'),
(9, 'Associate Member', '2014-10-18 18:38:44'),
(10, 'Associate Member', '2014-10-18 20:47:10'),
(11, 'Associate Member', '2014-01-21 22:54:18'),
(12, 'Associate Member', '2014-01-21 22:57:56'),
(13, 'Associate Member', '2014-01-21 23:01:16'),
(14, 'Associate Member', '2014-02-21 23:05:02'),
(15, 'Associate Member', '2014-02-21 23:15:22'),
(16, 'Associate Member', '2014-02-21 23:17:12'),
(17, 'Associate Member', '2014-02-21 23:19:08'),
(18, 'Associate Member', '2014-03-21 23:29:42'),
(19, 'Associate Member', '2014-03-21 23:44:41'),
(20, 'Associate Member', '2014-03-21 23:47:00'),
(21, 'Associate Member', '2014-04-21 23:51:05'),
(22, 'Associate Member', '2014-04-21 23:53:15'),
(23, 'Associate Member', '2014-04-21 23:56:16'),
(24, 'Associate Member', '2014-10-22 00:52:34'),
(25, 'Associate Member', '2014-10-22 00:54:31'),
(26, 'Associate Member', '2014-10-22 00:56:27'),
(27, 'Associate Member', '2014-01-22 05:38:20'),
(28, 'Associate Member', '2014-01-22 05:40:22'),
(29, 'Associate Member', '2014-01-22 05:43:12'),
(30, 'Associate Member', '2014-01-22 05:45:24'),
(31, 'Associate Member', '2014-01-22 05:48:00'),
(32, 'Associate Member', '2014-01-22 05:50:37'),
(33, 'Associate Member', '2014-01-22 05:55:47'),
(34, 'Associate Member', '2014-01-22 05:58:17'),
(35, 'Associate Member', '2014-01-22 06:05:15'),
(36, 'Associate Member', '2014-01-22 06:07:23'),
(37, 'Associate Member', '2014-01-22 06:09:04'),
(38, 'Associate Member', '2014-01-22 06:10:49'),
(39, 'Associate Member', '2014-01-22 06:12:35'),
(40, 'Associate Member', '2014-01-22 06:14:43'),
(41, 'Associate Member', '2014-01-22 06:16:32'),
(42, 'Associate Member', '2014-01-22 06:18:09'),
(43, 'Associate Member', '2014-01-22 06:20:51'),
(44, 'Associate Member', '2014-01-22 06:22:37'),
(46, 'Associate Member', '2013-03-22 06:27:14'),
(47, 'Associate Member', '2013-03-22 06:28:52'),
(48, 'Associate Member', '2013-03-22 06:32:34'),
(49, 'Associate Member', '2013-03-22 06:34:10'),
(50, 'Associate Member', '2013-03-22 06:36:28'),
(51, 'Associate Member', '2013-03-22 06:38:30'),
(52, 'Associate Member', '2013-03-22 06:40:32'),
(53, 'Associate Member', '2013-03-22 06:42:11'),
(54, 'Associate Member', '2013-03-22 06:44:01'),
(55, 'Associate Member', '2013-03-22 06:45:39'),
(56, 'Associate Member', '2013-03-22 06:47:34'),
(57, 'Associate Member', '2013-03-22 06:49:35'),
(58, 'Associate Member', '2013-03-22 06:51:20'),
(59, 'Associate Member', '2013-03-22 06:53:04'),
(60, 'Associate Member', '2013-03-22 06:54:39'),
(61, 'Associate Member', '2013-03-22 06:56:30'),
(62, 'Associate Member', '2013-03-22 06:58:05'),
(63, 'Associate Member', '2014-10-22 07:16:06'),
(64, 'Associate Member', '2014-10-22 07:17:56'),
(65, 'Associate Member', '2014-10-22 07:19:52'),
(66, 'Associate Member', '2014-10-22 07:23:55'),
(67, 'Associate Member', '2014-10-22 07:25:33'),
(68, 'Associate Member', '2014-10-22 07:27:26'),
(69, 'Associate Member', '2014-10-22 07:29:38'),
(70, 'Associate Member', '2014-10-22 07:31:49'),
(71, 'Associate Member', '2014-10-22 07:33:17'),
(72, 'Associate Member', '2014-10-22 07:34:56'),
(73, 'Associate Member', '2014-10-22 07:37:03'),
(74, 'Associate Member', '2014-10-22 07:38:39'),
(75, 'Associate Member', '2014-10-29 06:48:40'),
(76, 'Associate Member', '2014-01-21 19:20:58'),
(77, 'Associate Member', '2014-01-21 19:22:21'),
(78, 'Associate Member', '2014-01-21 19:24:19'),
(79, 'Associate Member', '2014-01-21 19:27:15'),
(80, 'Associate Member', '2014-01-21 19:29:24'),
(81, 'Associate Member', '2014-01-21 19:33:01'),
(82, 'Associate Member', '2014-01-21 19:34:31'),
(83, 'Associate Member', '2014-01-21 19:36:05'),
(84, 'Associate Member', '2014-01-21 19:37:38'),
(85, 'Associate Member', '2014-01-21 19:42:06'),
(86, 'Associate Member', '2014-01-21 19:44:31'),
(87, 'Associate Member', '2014-01-21 19:45:58'),
(88, 'Associate Member', '2014-01-21 19:47:51'),
(89, 'Associate Member', '2014-01-21 19:49:54'),
(90, 'Associate Member', '2014-01-21 19:51:31'),
(91, 'Associate Member', '2014-01-21 19:58:27'),
(92, 'Associate Member', '2014-01-21 20:00:41'),
(93, 'Associate Member', '2014-01-21 20:03:01'),
(94, 'Associate Member', '2014-01-21 20:04:50'),
(95, 'Associate Member', '2014-01-21 20:06:30'),
(96, 'Associate Member', '2014-01-21 20:09:19'),
(97, 'Associate Member', '2014-01-21 20:11:05'),
(98, 'Associate Member', '2014-01-21 20:12:51'),
(99, 'Associate Member', '2014-01-21 20:19:23'),
(100, 'Associate Member', '2014-01-21 20:20:44'),
(101, 'Associate Member', '2014-01-21 20:29:43'),
(102, 'Associate Member', '2014-01-21 20:32:45'),
(103, 'Associate Member', '2014-01-21 20:36:10'),
(104, 'Associate Member', '2014-01-21 21:00:33'),
(105, 'Associate Member', '2014-01-21 21:04:38'),
(106, 'Associate Member', '2014-01-21 21:06:54'),
(107, 'Associate Member', '2014-01-21 21:09:10'),
(108, 'Associate Member', '2014-01-21 21:13:06'),
(109, 'Associate Member', '2014-01-21 21:14:53'),
(110, 'Associate Member', '2014-01-21 21:16:20'),
(111, 'Associate Member', '2014-01-21 21:26:33'),
(112, 'Associate Member', '2014-01-21 21:28:22'),
(113, 'Associate Member', '2014-01-21 21:35:51'),
(114, 'Associate Member', '2014-01-21 21:38:34'),
(115, 'Associate Member', '2014-01-21 21:41:42'),
(116, 'Associate Member', '2014-01-21 21:44:31'),
(117, 'Associate Member', '2014-01-21 21:46:05'),
(211, 'Associate Member', '2014-10-27 06:28:22'),
(212, 'Associate Member', '2014-10-27 06:35:04'),
(213, 'Associate Member', '2014-10-27 06:43:51'),
(214, 'Associate Member', '2014-10-27 06:48:52'),
(215, 'Associate Member', '2014-10-27 07:03:55'),
(217, 'Associate Member', '2014-10-27 07:22:19'),
(219, 'Associate Member', '2014-10-27 07:34:44'),
(220, 'Associate Member', '2014-10-27 07:38:44'),
(221, 'Associate Member', '2014-10-27 07:48:52'),
(222, 'Associate Member', '2014-10-27 07:58:16'),
(223, 'Associate Member', '2014-10-27 20:15:46'),
(224, 'Associate Member', '2014-10-27 20:31:30'),
(225, 'Associate Member', '2014-10-27 20:34:05'),
(226, 'Associate Member', '2014-10-27 20:38:38'),
(227, 'Associate Member', '2014-10-27 21:19:46'),
(228, 'Associate Member', '2014-10-27 21:57:37'),
(230, 'Associate Member', '2014-10-27 22:20:21'),
(231, 'Associate Member', '2014-10-27 22:35:43'),
(232, 'Associate Member', '2014-10-27 22:41:23'),
(233, 'Associate Member', '2014-10-27 22:48:17'),
(234, 'Associate Member', '2014-10-27 23:03:05'),
(235, 'Associate Member', '2014-10-27 23:13:47'),
(236, 'Associate Member', '2014-10-27 23:40:51'),
(237, 'Associate Member', '2014-10-27 23:44:47'),
(238, 'Associate Member', '2014-10-27 23:48:12'),
(239, 'Associate Member', '2014-10-27 23:52:10'),
(240, 'Associate Member', '2014-10-27 23:58:07'),
(241, 'Associate Member', '2013-06-11 06:47:01'),
(242, 'Associate Member', '2013-06-11 06:49:52'),
(243, 'Associate Member', '2013-06-11 06:49:52'),
(244, 'Associate Member', '2013-06-11 06:54:31'),
(245, 'Associate Member', '2013-06-11 06:54:31'),
(246, 'Associate Member', '2013-06-11 06:56:07'),
(247, 'Associate Member', '2014-01-22 06:58:59'),
(248, 'Associate Member', '2014-01-22 07:02:39'),
(249, 'Associate Member', '2014-01-22 07:04:39'),
(250, 'Associate Member', '2014-01-22 07:05:45'),
(251, 'Associate Member', '2014-01-22 07:06:37'),
(252, 'Associate Member', '2014-01-22 07:13:26'),
(253, 'Associate Member', '2014-01-22 07:15:26'),
(254, 'Associate Member', '2014-01-22 07:15:51'),
(255, 'Associate Member', '2014-01-22 07:16:59'),
(257, 'Associate Member', '2014-01-22 07:19:19'),
(258, 'Associate Member', '2014-01-22 07:22:21'),
(259, 'Associate Member', '2014-01-22 07:41:12'),
(260, 'Associate Member', '2014-01-22 07:44:46'),
(261, 'Associate Member', '2014-01-22 07:47:03'),
(262, 'Associate Member', '2014-10-31 08:11:42'),
(263, 'Associate Member', '2014-10-31 08:11:48'),
(264, 'Associate Member', '2014-01-22 08:17:36'),
(265, 'Associate Member', '2014-01-22 08:28:18'),
(266, 'Associate Member', '2014-10-31 08:41:22'),
(267, 'Associate Member', '2014-01-22 08:44:37'),
(268, 'Associate Member', '2014-01-22 08:50:23'),
(269, 'Associate Member', '2014-01-22 08:53:56'),
(270, 'Associate Member', '2014-01-22 08:55:56'),
(271, 'Associate Member', '2014-01-22 08:57:57'),
(272, 'Associate Member', '2014-01-22 09:03:10'),
(273, 'Associate Member', '2014-01-22 09:09:38'),
(274, 'Associate Member', '2014-01-22 09:12:07'),
(275, 'Associate Member', '2014-01-22 09:14:49'),
(276, 'Associate Member', '2014-01-22 09:17:53'),
(277, 'Associate Member', '2014-01-22 09:19:50'),
(278, 'Associate Member', '2014-01-22 09:21:38'),
(279, 'Associate Member', '2014-01-22 09:23:54'),
(280, 'Associate Member', '2014-01-22 09:26:01'),
(281, 'Associate Member', '2014-01-22 09:27:47'),
(282, 'Associate Member', '2014-01-22 09:29:45'),
(283, 'Associate Member', '2014-10-31 09:32:45'),
(284, 'Associate Member', '2014-01-22 09:39:26'),
(285, 'Associate Member', '2014-01-22 09:41:34'),
(286, 'Associate Member', '2014-01-22 09:42:21'),
(287, 'Associate Member', '2014-01-22 09:49:27'),
(288, 'Associate Member', '2014-01-22 09:50:30'),
(289, 'Associate Member', '2014-01-22 10:02:56'),
(290, 'Associate Member', '2014-01-22 10:11:19'),
(291, 'Associate Member', '2014-01-22 10:18:13'),
(292, 'Associate Member', '2014-01-22 10:32:06'),
(293, 'Associate Member', '2014-01-22 10:35:40'),
(294, 'Associate Member', '2014-01-22 10:36:30'),
(295, 'Associate Member', '2014-01-22 10:37:31'),
(296, 'Associate Member', '2014-01-22 10:39:11'),
(297, 'Associate Member', '2014-01-22 10:39:36'),
(298, 'Associate Member', '2014-01-22 10:41:01'),
(299, 'Associate Member', '2014-01-22 10:42:10'),
(300, 'Associate Member', '2014-01-22 10:44:50'),
(301, 'Associate Member', '2014-01-22 10:47:37'),
(302, 'Associate Member', '2014-01-22 10:48:24'),
(303, 'Associate Member', '2014-01-22 10:50:37'),
(304, 'Associate Member', '2014-01-22 10:51:01'),
(305, 'Associate Member', '2014-01-22 10:52:05'),
(306, 'Associate Member', '2014-01-22 10:52:41'),
(307, 'Associate Member', '2014-01-22 10:53:58'),
(308, 'Associate Member', '2014-01-22 10:55:32'),
(309, 'Associate Member', '2014-01-22 10:58:48');

-- --------------------------------------------------------

--
-- Table structure for table `members_has_violations`
--

CREATE TABLE IF NOT EXISTS `members_has_violations` (
  `ControlNo` varchar(45) NOT NULL,
  `Date` date NOT NULL,
  `Comment` varchar(100) NOT NULL,
  `Members_ControlNo` int(11) NOT NULL,
  `Violations_ViolationID` int(11) NOT NULL,
  `CaritasPersonnel_ControlNo` int(11) NOT NULL,
  PRIMARY KEY (`ControlNo`),
  KEY `fk_Members_has_Violations_Violations1_idx` (`Violations_ViolationID`),
  KEY `fk_Members_has_Violations_Members1_idx` (`Members_ControlNo`),
  KEY `fk_Members_has_Violations_CaritasPersonnel1_idx` (`CaritasPersonnel_ControlNo`)
) ENGINE=InnoDB DEFAULT CHARSET=utf8;

-- --------------------------------------------------------

--
-- Table structure for table `membertype`
--

CREATE TABLE IF NOT EXISTS `membertype` (
  `Type` varchar(45) NOT NULL,
  PRIMARY KEY (`Type`)
) ENGINE=InnoDB DEFAULT CHARSET=utf8;

--
-- Dumping data for table `membertype`
--

INSERT INTO `membertype` (`Type`) VALUES
('Associate Member'),
('Regular Member');

-- --------------------------------------------------------

--
-- Table structure for table `member_comaker`
--

CREATE TABLE IF NOT EXISTS `member_comaker` (
  `LoanApplication_ControlNo` int(11) NOT NULL,
  `Members_ControlNo` int(11) NOT NULL,
  `Relationship` varchar(45) NOT NULL,
  PRIMARY KEY (`LoanApplication_ControlNo`,`Members_ControlNo`),
  KEY `fk_LoanApplication_has_Members_Members1_idx` (`Members_ControlNo`),
  KEY `fk_LoanApplication_has_Members_LoanApplication1_idx` (`LoanApplication_ControlNo`)
) ENGINE=InnoDB DEFAULT CHARSET=utf8;

--
-- Dumping data for table `member_comaker`
--

INSERT INTO `member_comaker` (`LoanApplication_ControlNo`, `Members_ControlNo`, `Relationship`) VALUES
(1, 1, 'Relative'),
(2, 2, 'Friend'),
(3, 3, 'Friend'),
(4, 4, 'wife'),
(6, 5, 'Girlfriend'),
(8, 11, 'Neighbor'),
(9, 12, 'Friend'),
(10, 18, 'Girlfriend'),
(11, 19, 'Boyfriend'),
(12, 20, 'Friend'),
(13, 21, 'Friend'),
(14, 22, 'Friend'),
(15, 23, 'Friend'),
(16, 13, 'Friend'),
(17, 46, 'In-Law'),
(18, 48, 'Sibling'),
(19, 47, 'In-Law'),
(20, 49, 'Sibling'),
(21, 50, 'In-Law'),
(22, 51, 'In-Law'),
(23, 52, 'Sibling'),
(24, 53, 'Sibling'),
(25, 54, 'Sibling'),
(26, 56, 'Sibling'),
(27, 57, 'Sibling'),
(28, 58, 'Sibling'),
(29, 59, 'Sibling'),
(30, 60, 'Sibling'),
(31, 61, 'Sibling'),
(32, 62, 'Sibling'),
(33, 18, 'In-Law'),
(34, 55, 'Uncle'),
(35, 19, 'In-Law'),
(36, 20, 'Cousin'),
(37, 21, 'Cousin'),
(38, 22, 'Cousin'),
(39, 23, 'Cousin'),
(40, 69, 'Cousin'),
(41, 70, 'Cousin'),
(42, 71, 'Sibling'),
(43, 18, 'In-Law'),
(44, 19, 'In-Law'),
(45, 20, 'In-Law'),
(46, 27, 'Cousin'),
(47, 29, 'Cousin'),
(48, 30, 'Cousin'),
(49, 31, 'Cousin'),
(50, 32, 'Sibling'),
(51, 33, 'Sibling'),
(52, 28, 'Cousin'),
(53, 34, 'Sibling'),
(54, 35, 'Sibling'),
(60, 47, 'Cousin'),
(61, 46, 'Cousin'),
(62, 49, 'Cousin'),
(63, 48, 'Cousin'),
(64, 51, 'Cousin'),
(65, 8, 'Cousin'),
(66, 53, 'Cousin'),
(67, 52, 'Cousin'),
(68, 55, 'In-Law'),
(69, 54, 'In-Law'),
(70, 57, 'Cousin'),
(71, 56, 'Cousin'),
(72, 59, 'Cousin'),
(73, 58, 'Cousin'),
(74, 61, 'Cousin'),
(75, 62, 'Cousin'),
(76, 61, 'Cousin'),
(77, 22, 'Cousin'),
(78, 21, 'Cousin'),
(79, 22, 'Cousin'),
(80, 19, 'Cousin'),
(81, 18, 'Cousin'),
(82, 19, 'Aunt'),
(83, 47, 'Cousin'),
(84, 46, 'Cousin'),
(85, 49, 'Cousin'),
(86, 48, 'Cousin'),
(87, 51, 'Cousin'),
(88, 50, 'Cousin'),
(89, 53, 'Cousin'),
(90, 22, 'Cousin'),
(91, 55, 'Cousin'),
(92, 54, 'Cousin'),
(93, 57, 'Uncle'),
(94, 56, 'In-Law'),
(95, 59, 'Parent'),
(96, 61, 'Cousin'),
(97, 60, 'Cousin'),
(98, 61, 'Cousin'),
(99, 13, 'Aunt'),
(100, 28, 'In-Law'),
(101, 27, 'In-Law'),
(102, 31, 'Aunt'),
(103, 34, 'Child'),
(104, 35, 'Cousin'),
(105, 34, 'Cousin'),
(106, 11, 'Cousin'),
(107, 21, 'Uncle');

-- --------------------------------------------------------

--
-- Table structure for table `nonmember_comaker`
--

CREATE TABLE IF NOT EXISTS `nonmember_comaker` (
  `LoanApplication_ControlNo` int(11) NOT NULL,
  `MembersHousehold_HouseholdNo` int(11) NOT NULL,
  PRIMARY KEY (`LoanApplication_ControlNo`,`MembersHousehold_HouseholdNo`),
  KEY `fk_LoanApplication_has_MembersHousehold_MembersHousehold1_idx` (`MembersHousehold_HouseholdNo`),
  KEY `fk_LoanApplication_has_MembersHousehold_LoanApplication1_idx` (`LoanApplication_ControlNo`)
) ENGINE=InnoDB DEFAULT CHARSET=utf8;

--
-- Dumping data for table `nonmember_comaker`
--

INSERT INTO `nonmember_comaker` (`LoanApplication_ControlNo`, `MembersHousehold_HouseholdNo`) VALUES
(1, 1),
(2, 2),
(3, 3),
(4, 4),
(6, 5),
(8, 11),
(55, 11),
(56, 11),
(99, 11),
(9, 12),
(16, 13),
(57, 13),
(106, 13),
(10, 18),
(33, 18),
(43, 18),
(80, 18),
(11, 19),
(35, 19),
(44, 19),
(81, 19),
(12, 20),
(36, 20),
(45, 20),
(82, 20),
(13, 21),
(37, 21),
(77, 21),
(90, 21),
(14, 22),
(38, 22),
(78, 22),
(15, 23),
(39, 23),
(79, 23),
(46, 27),
(100, 27),
(52, 28),
(101, 28),
(47, 29),
(102, 29),
(48, 30),
(49, 31),
(103, 31),
(50, 32),
(51, 33),
(53, 34),
(104, 34),
(54, 35),
(105, 35),
(17, 45),
(58, 45),
(59, 45),
(60, 45),
(83, 45),
(19, 46),
(61, 46),
(84, 46),
(18, 47),
(62, 47),
(85, 47),
(20, 48),
(63, 48),
(86, 48),
(21, 49),
(64, 49),
(87, 49),
(22, 50),
(65, 50),
(88, 50),
(23, 51),
(66, 51),
(89, 51),
(24, 52),
(67, 52),
(25, 53),
(68, 53),
(91, 53),
(34, 54),
(69, 54),
(92, 54),
(26, 55),
(70, 55),
(93, 55),
(27, 56),
(71, 56),
(94, 56),
(28, 57),
(72, 57),
(95, 57),
(29, 58),
(73, 58),
(30, 59),
(74, 59),
(96, 59),
(31, 60),
(75, 60),
(97, 60),
(32, 61),
(76, 61),
(98, 61),
(40, 68),
(41, 69),
(42, 70),
(107, 74);

-- --------------------------------------------------------

--
-- Table structure for table `passbook`
--

CREATE TABLE IF NOT EXISTS `passbook` (
  `ControlNo` int(11) NOT NULL AUTO_INCREMENT,
  `PassbookNo` int(11) NOT NULL,
  `DateIssued` date NOT NULL,
  `CaritasCenters_ControlNo` int(11) NOT NULL,
  PRIMARY KEY (`ControlNo`),
  KEY `fk_Passbook_CaritasCenters1_idx` (`CaritasCenters_ControlNo`)
) ENGINE=InnoDB  DEFAULT CHARSET=utf8 AUTO_INCREMENT=3 ;

--
-- Dumping data for table `passbook`
--

INSERT INTO `passbook` (`ControlNo`, `PassbookNo`, `DateIssued`, `CaritasCenters_ControlNo`) VALUES
(2, 2, '2014-08-06', 2);

-- --------------------------------------------------------

--
-- Table structure for table `personnelrank`
--

CREATE TABLE IF NOT EXISTS `personnelrank` (
  `Rank` varchar(45) NOT NULL,
  PRIMARY KEY (`Rank`)
) ENGINE=InnoDB DEFAULT CHARSET=utf8;

--
-- Dumping data for table `personnelrank`
--

INSERT INTO `personnelrank` (`Rank`) VALUES
('branchmanager'),
('mispersonnel'),
('salveofficer');

-- --------------------------------------------------------

--
-- Table structure for table `religion`
--

CREATE TABLE IF NOT EXISTS `religion` (
  `Religion` varchar(45) NOT NULL,
  PRIMARY KEY (`Religion`)
) ENGINE=InnoDB DEFAULT CHARSET=utf8;

--
-- Dumping data for table `religion`
--

INSERT INTO `religion` (`Religion`) VALUES
('Christian'),
('Roman Catholic');

-- --------------------------------------------------------

--
-- Table structure for table `sourceofincome`
--

CREATE TABLE IF NOT EXISTS `sourceofincome` (
  `ControlNo` int(11) NOT NULL,
  `BusinessType` varchar(45) NOT NULL,
  `CompanyName` varchar(45) NOT NULL,
  `CompanyContact` varchar(45) NOT NULL,
  `YearEntered` year(4) NOT NULL,
  PRIMARY KEY (`ControlNo`),
  KEY `fk_1_Members1_idx` (`ControlNo`)
) ENGINE=InnoDB DEFAULT CHARSET=utf8;

--
-- Dumping data for table `sourceofincome`
--

INSERT INTO `sourceofincome` (`ControlNo`, `BusinessType`, `CompanyName`, `CompanyContact`, `YearEntered`) VALUES
(1, 'Buy and Sell', 'Ukay Ukay Store', '09228756558', 2013),
(2, 'Buy and Sell', 'Ukay Ukay Store', '09228756558', 2013),
(3, 'Buy and Sell', 'Ukay Ukay Store', '09228756558', 2013),
(4, 'Buy and Sell', 'Ukay Ukay Store', '09228756558', 2013),
(5, 'Service', 'Salon', '09228756558', 2013),
(6, 'Grocery', 'National Book Store', '09332321232', 2013),
(7, 'Market', 'Market Market', '09224234221', 2002),
(8, 'Merchandise', 'edukate', '2297393', 2002),
(9, 'manufacturing', 'Song Enterprises', '49283928', 2000),
(10, 'Music', 'sung sung', '83081308', 2002),
(11, 'Sarisari Store', 'Mana Eds', '1083038', 2005),
(12, 'Sarisari Store', 'Mana Eds', '1083038', 2005),
(13, 'Sarisari Store', 'Mana Eds', '1083038', 1999),
(15, 'Sarisari Store', 'Guiza Eatery', '1083038', 1999),
(16, 'Sarisari Store', 'Guiza Eatery', '1937937', 1999),
(17, 'Sarisari Store', 'Guiza Eatery', '1937937', 1999),
(18, 'Rental Service', 'Dynasty Square', '1937937', 1999),
(19, 'Rental Service', 'Dynasty Square', '2803808', 1999),
(20, 'Rental Service', 'Dynasty Square', '1937937', 1999),
(21, 'Pharmacy', 'Fortune Drugstore', '803820', 1999),
(22, 'Pharmacy', 'Fortune Drugstore', '803820', 1999),
(23, 'Pharmacy', 'Fortune Drugstore', '93093208', 1999),
(24, 'Publishing House', 'Chong Hua', '1937937', 1999),
(25, 'Publishing House', 'Chong Hua', '1937937', 1999),
(26, 'Publishing House', 'Chong Hua', '1937937', 1999),
(27, 'Clinic', 'D Diary', '2080183', 2009),
(28, 'Clinic', 'D Diary', '1937937', 2000),
(29, 'Clinic', 'D Diary', '28308223', 2000),
(30, 'Eatery', 'Singko', '7236823', 2009),
(31, 'Eatery', 'Singko', '9082763', 2000),
(32, 'Eatery', 'Singko', '20930832', 2000),
(33, 'Eatery', 'Singko', '2080183', 2000),
(34, 'Retail', 'Tan Dynasty', '9203712', 2000),
(35, 'Retail', 'Tan Dynasty', '1937937', 2000),
(36, 'Retail', 'Composers Inc', '9082763', 2000),
(37, 'Retail', 'sung sung', '9203712', 2000),
(38, 'Retail', 'SIBS', '1937937', 1999),
(39, 'Retail', 'Chong Hua', '1937937', 1999),
(40, 'Retail', 'Paradise Enterprise', '1937937', 1982),
(41, 'Retail', 'Paradise Enterprise', '2080183', 1990),
(42, 'Retail', 'Paradise Enterprise', '1937937', 1999),
(43, 'Retail', 'Antenna Music', '828304', 1998),
(44, 'Merchandise', 'Paradise Enterprise', '9203712', 2008),
(46, 'Retail', 'Antenna Music', '1937937', 2009),
(47, 'Retail', 'Antenna Music', '1937937', 1998),
(48, 'Merchandise', 'Xing Xing', '1937937', 2000),
(49, 'Retail', 'Paradise Enterprise', '1937937', 2000),
(50, 'Pub', 'Kim Kim', '2080183', 2000),
(51, 'Retail', 'Xing Xing', '1937937', 2000),
(52, 'Merchandise', 'Xing Xing', '1937937', 2000),
(53, 'Merchandise', 'Xing Xing', '828304', 2000),
(54, 'Merchandise', 'Antenna Music', '1937937', 2009),
(55, 'Merchandise', 'Xing Xing', '7236823', 1999),
(56, 'Pub', 'Kim Kim', '1937937', 2000),
(57, 'Retail', 'Xing Xing', '9082763', 2000),
(58, 'Merchandise', 'Kim Kim', '28308223', 2000),
(59, 'Merchandise', 'Paradise Enterprise', '1937937', 2000),
(60, 'Merchandise', 'Xing Xing', '1937937', 2000),
(61, 'Retail', 'Paradise Enterprise', '8283041', 2000),
(62, 'Merchandise', 'Antenna Music', '803289308', 2000),
(63, 'Merchandise', 'Paradise Enterprise', '2297393', 2000),
(64, 'Merchandise', 'Paradise Enterprise', '8108204', 2000),
(65, 'Eatery', 'gucci', '1937937', 2000),
(66, 'Pub', 'Kim Kim', '1937937', 2008),
(67, 'Retail', 'Tan Dynasty', '1937937', 2000),
(68, 'Pub', 'Kim Kim', '8303802', 2000),
(69, 'Merchandise', 'Paradise Enterprise', '49283928', 2000),
(70, 'Merchandise', 'Toyz', '8392372974', 2000),
(71, 'Merchandise', 'Xing Xing', '1937937', 2000),
(72, 'Pub', 'Kim Kim', '83081308', 2000),
(73, 'Pub', 'Paradise Enterprise', '1937937', 2000),
(74, 'Publishing House', 'Composers Inc', '1937937', 2009),
(75, 'Sari sari store', 'Unlimited', '3561234', 2000),
(76, 'Retail', 'Everything 20', '1937937', 2000),
(77, 'Retail', 'Everything 20', '1937937', 2000),
(78, 'Retail', 'Everything 20', '1937937', 2000),
(79, 'Retail', 'Everything 20', '1937937', 2000),
(80, 'Retail', 'Everything 20', '1937937', 2000),
(81, 'Retail', 'Everything 20', '1937937', 2000),
(82, 'Retail', 'Everything 20', '1937937', 2000),
(83, 'Retail', 'Everything 20', '1937937', 2000),
(84, 'Retail', 'Everything 20', '1937937', 2000),
(85, 'Retail', 'Everything 20', '1937937', 2000),
(86, 'Retail', 'Everything 20', '1937937', 2000),
(87, 'Retail', 'Everything 20', '1937937', 2000),
(88, 'Retail', 'Everything 20', '1937937', 2000),
(89, 'Retail', 'Everything 20', '1937937', 2000),
(90, 'Retail', 'Everything 20', '1937937', 2000),
(91, 'Food', 'Grill Anything', '1937937', 2000),
(92, 'Food', 'Grill Anything', '1937937', 2000),
(93, 'Food', 'Everything 20', '1937937', 2000),
(94, 'Food', 'Grill Anything', '1937937', 2000),
(95, 'Food', 'Grill Anything', '1937937', 2000),
(96, 'Food', 'Grill Anything', '1937937', 2000),
(97, 'Food', 'Grill Anything', '1937937', 2000),
(98, 'Food', 'Grill Anything', '1937937', 2000),
(99, 'Food', 'Grill Anything', '1937937', 2000),
(100, 'Food', 'Grill Anything', '1937937', 2000),
(101, 'Food', 'Grill Anything', '1937937', 2000),
(102, 'Food', 'Grill Anything', '1937937', 2000),
(103, 'Food', 'Grill Anything', '1937937', 2000),
(104, 'Food', 'Grill Anything', '1937937', 2000),
(105, 'Food', 'Grill Anything', '1937937', 2000),
(106, 'Food', 'Grill Anything', '1937937', 2000),
(107, 'Retail', 'Wear 50', '1937937', 2000),
(108, 'Retail', 'Wear 50', '1937937', 2000),
(109, 'Retail', 'Wear 50', '1937937', 2000),
(110, 'Retail', 'Wear 50', '1937937', 2000),
(111, 'Delivery', 'H20', '1937937', 2000),
(112, 'Delivery', 'H20', '1937937', 2000),
(113, 'Delivery', 'H20', '1937937', 2000),
(114, 'Delivery', 'H20', '1937937', 2000),
(115, 'Delivery', 'H20', '1937937', 2000),
(116, 'Delivery', 'H20', '1937937', 2000),
(117, 'Delivery', 'Grill Anything', '1937937', 2000),
(211, 'Carinderia', 'Ulam atbp. by Joyce', '09223455433', 2012),
(212, 'Sari Sari store', 'Meryll Store', '09170001122', 2010),
(213, 'Sari sari store', 'JJ sari sari store', '3561234', 2013),
(214, 'Fruit store', 'EKDecena Fruits', '09057781032', 2012),
(215, 'Carinderia', 'Kats Carinderia', '09238889090', 2011),
(219, 'Perishable goods', 'JMae seafoods', '09101112233', 2013),
(220, 'Sari sari store', 'Adrienne Store', '09182220000', 2013),
(221, 'Sari sari store', 'Sammy store', '5230011', 2010),
(222, 'Carinderia', 'Carinderia', '0', 2010),
(223, 'Perishable goods', 'Luis Meatshop', '09051223309', 2005),
(224, 'Carinderia', 'Aling carmen carinderia', '0', 2010),
(225, 'Carinderia', 'Ofelia foods', '0', 2013),
(226, 'Fruit store', 'Fruits by Arnold', '09099991023', 2012),
(227, 'Perishable goods', 'KM Poultry', '09054562105', 2010),
(228, 'Sari sari store', 'Bry store', '09178830274', 2011),
(230, 'Carinderia', 'Akik', '09583957398', 2004),
(231, 'Carinderia', 'Janes Carinderia', '09172345682', 2010),
(232, 'Vegetable store', 'Gulayan atbp.', '09153820110', 2009),
(233, 'Market', 'Fruits and Vegtables Galore', '09033829101', 2006),
(234, 'Sari sari store', 'Carinderia', '09015123422', 2013),
(235, 'Carinderia', 'Gwen nCarics', '09156626677', 2012),
(236, 'Sari sari store', 'Jamzy Sari sari store', '09092773333', 2010),
(237, 'Market', 'Akik', '09054562105', 2010),
(238, 'Vegetable store', 'Mona veggies', '09057781034', 2013),
(239, 'Fruit store', 'Aby Siy Store', '09051223323', 2010),
(240, 'Perishable goods', 'Alpheus Fish Goods', '09092773333', 2012),
(241, 'Sari sari store', 'Neri Sari Sari', '09223455433', 2013),
(242, 'Non-Perishable goods', 'Donna Store', '', 2004),
(243, 'Delivery', 'H20', '1937937', 2000),
(244, 'Carinderia', 'Akik', '09015123422', 2011),
(245, 'Delivery', 'H20', '1937937', 2000),
(246, 'Delivery', 'H20', '1937937', 2000),
(247, 'Non-Perishable goods', 'Store', '09033829101', 2010),
(248, 'Rice Store', 'Anna Bigas', '09015123422', 2012),
(249, 'Delivery', 'H20', '1937937', 2000),
(250, 'Fruit store', 'Almon Fruits', '09051223309', 2011),
(251, 'Delivery', 'H20', '1937937', 2000),
(252, 'Sari sari store', 'Akik', '3561234', 2013),
(253, 'Delivery', 'H20', '1937937', 2000),
(254, 'Pedicab', 'Pedicab ', '', 2013),
(255, 'Delivery', 'H20', '1937937', 2000),
(257, 'Delivery', 'H20', '1937937', 2000),
(258, 'Carinderia', 'Carinderia', '3561234', 2011),
(259, 'Vegetable store', 'canero Carinderia', '09099991023', 2013),
(260, 'Loading Station', 'Pasa Load', '1937937', 2000),
(261, 'Non-Perishable goods', 'Bry store', '09015123422', 2011),
(262, 'Carinderia', 'Carinderia', '09033829101', 2011),
(263, 'Loading Station', 'Pasa Load', '1937937', 2000),
(264, 'Sari sari store', 'sari sari', '09092773333', 2013),
(265, 'Fruit store', 'sari sari  fruit store', '09198472847', 2010),
(266, 'Carinderia', 'Carinderia', '4636110', 2013),
(267, 'Sari Sari store', 'Sammy store', '', 2010),
(268, 'Loading Store', 'Autoload & Smartload', '09099991023', 2013),
(269, 'Perishable goods', 'Perishable gds', '09210832900', 2010),
(270, 'Perishable goods', 'KM Poultry', '09156626677', 2011),
(271, 'Prepaid Load', 'Autoload & Smartload', '09182220000', 2012),
(272, 'Sari sari store', 'sari sari', '09051223323', 2013),
(273, 'Carinderia', 'Carinderia', '3561234', 2010),
(274, 'Vegetable store', 'Veggies', '09033829101', 2012),
(275, 'Perishable goods', 'Fish Goods', '', 2012),
(276, 'Vegetable store', 'Veggies', '', 2013),
(277, 'Fruit store', 'Fruity', '', 2012),
(278, 'Prepaid Load', 'Autoload & Smartload', '09015123422', 2013),
(279, 'Vegetable store', 'Veggies', '09054562105', 2012),
(280, 'Loading Store', 'Autoload & Smartload', '09051223323', 2011),
(281, 'Carinderia', 'Carinderia', '09054562105', 2010),
(282, 'Perishable goods', 'Seafoods', '09033829101', 2010),
(283, 'Carinderia', 'Carinderia', '09172345682', 2012),
(284, 'Loading Station', 'Pasa Load', '1937937', 2000),
(285, 'Loading Station', 'Pasa Load', '1937937', 2000),
(286, 'Fruit store', 'Fruts', '09238889090', 2010),
(287, 'Carinderia', 'Carinderia', '09092773333', 2012),
(288, 'Loading Station', 'Pasa Load', '1937937', 2000),
(289, 'Perishable goods', 'Peri peri', '3561234', 2010),
(290, 'Carinderia', 'Aling Danielle carinderia', '09057781032', 2010),
(291, 'Fruit store', 'Fruts', '09092773333', 2011),
(292, 'Fruit store', 'Fruity', '09156626677', 2011),
(293, 'Sari sari store', 'Sari sari', '09033829101', 2010),
(294, 'Loading Station', 'Pasa Load', '1937937', 2000),
(295, 'Prepaid Load', 'Autoload & Smartload', '09057781032', 2011),
(296, 'Loading Station', 'Pasa Load', '1937937', 2000),
(297, 'Vegetable store', 'Veggies', '09057781032', 2010),
(298, 'Loading Station', 'Pasa Load', '1937937', 2000),
(299, 'Sari sari store', 'Sari sari', '09092773333', 2010),
(300, 'Market', 'Market', '09033829101', 2012),
(301, 'Loading Station', 'Pasa Load', '1937937', 2000),
(302, 'Fruit store', 'Aling carmen carinderia', '09178830274', 2009),
(303, 'Loading Station', 'Pasa Load', '1937937', 2000),
(304, 'Prepaid Load', 'Autoload & Smartload', '09153820110', 2010),
(305, 'Loading Station', 'Pasa Load', '1937937', 2000),
(306, 'Vegetable store', 'Veggies', '09033829101', 2011),
(307, 'Loading Station', 'Pasa Load', '1937937', 2000),
(308, 'Loading Store', 'Autoload & Smartload', '09583957398', 2010),
(309, 'Loading Station', 'Pasa Load', '1937937', 2000);

-- --------------------------------------------------------

--
-- Table structure for table `termination`
--

CREATE TABLE IF NOT EXISTS `termination` (
  `ControlNo` int(11) NOT NULL,
  `Comment` varchar(100) NOT NULL,
  `AmountGiven` int(11) NOT NULL,
  `SharesReturned` int(11) NOT NULL,
  `CaritasBranch_ControlNo` int(11) NOT NULL,
  `Members_ControlNo` int(11) NOT NULL,
  `CaritasPersonnel_ControlNo` int(11) NOT NULL,
  PRIMARY KEY (`ControlNo`),
  KEY `fk_Termination_CaritasBranch1_idx` (`CaritasBranch_ControlNo`),
  KEY `fk_Termination_Members1_idx` (`Members_ControlNo`),
  KEY `fk_Termination_CaritasPersonnel1_idx` (`CaritasPersonnel_ControlNo`)
) ENGINE=InnoDB DEFAULT CHARSET=utf8;

-- --------------------------------------------------------

--
-- Table structure for table `transaction`
--

CREATE TABLE IF NOT EXISTS `transaction` (
  `ControlNo` int(11) NOT NULL AUTO_INCREMENT,
  `LoanAppControlNo` int(11) DEFAULT NULL,
  `Amount` int(11) NOT NULL,
  `DateTime` date NOT NULL,
  `Members_ControlNo` int(11) NOT NULL,
  `Passbook_ControlNo` int(11) DEFAULT NULL,
  `CaritasPersonnel_ControlNo` int(11) NOT NULL,
  `TransactionType` varchar(45) NOT NULL,
  PRIMARY KEY (`ControlNo`),
  KEY `fk_Passbook_Members1_idx` (`Members_ControlNo`),
  KEY `fk_Transaction_Passbook1_idx` (`Passbook_ControlNo`),
  KEY `fk_Transaction_TransactionType1_idx` (`TransactionType`),
  KEY `fk_SavingsTransaction_CaritasPersonnel1_idx` (`CaritasPersonnel_ControlNo`)
) ENGINE=InnoDB  DEFAULT CHARSET=utf8 AUTO_INCREMENT=4118 ;

--
-- Dumping data for table `transaction`
--

INSERT INTO `transaction` (`ControlNo`, `LoanAppControlNo`, `Amount`, `DateTime`, `Members_ControlNo`, `Passbook_ControlNo`, `CaritasPersonnel_ControlNo`, `TransactionType`) VALUES
(2, 1, 200, '2014-08-05', 1, 2, 3, 'Loan '),
(3, 1, 50, '2014-08-05', 1, 2, 3, 'Savings'),
(4, 2, 200, '2014-08-05', 2, 2, 3, 'Loan '),
(5, 2, 50, '2014-08-05', 2, 2, 3, 'Savings'),
(6, 0, 50, '2014-08-05', 4, 2, 3, 'Savings'),
(7, 0, 50, '2014-08-05', 3, 2, 3, 'Savings'),
(8, 0, 50, '2014-08-05', 6, 2, 3, 'Savings'),
(9, 1, 200, '2014-08-12', 1, 2, 3, 'Loan '),
(10, 1, 50, '2014-08-12', 1, 2, 3, 'Savings'),
(11, 2, 200, '2014-08-12', 2, 2, 3, 'Past Due'),
(12, 2, 0, '2014-08-12', 2, 2, 3, 'Savings'),
(13, 0, 50, '2014-08-12', 4, 2, 3, 'Savings'),
(14, 0, 50, '2014-08-12', 3, 2, 3, 'Savings'),
(15, 0, 50, '2014-08-12', 6, 2, 3, 'Savings'),
(16, 1, 200, '2014-08-19', 1, 2, 3, 'Past Due'),
(17, 1, 0, '2014-08-19', 1, 2, 3, 'Savings'),
(18, 2, 200, '2014-08-19', 2, 2, 3, 'Loan '),
(19, 2, 50, '2014-08-19', 2, 2, 3, 'Savings'),
(20, 0, 50, '2014-08-19', 4, 2, 3, 'Savings'),
(21, 0, 50, '2014-08-19', 3, 2, 3, 'Savings'),
(22, 0, 50, '2014-08-19', 6, 2, 3, 'Savings'),
(23, 1, 200, '2014-08-26', 1, 2, 3, 'Past Due'),
(24, 1, 0, '2014-08-26', 1, 2, 3, 'Savings'),
(25, 2, 200, '2014-08-26', 2, 2, 3, 'Past Due'),
(26, 2, 0, '2014-08-26', 2, 2, 3, 'Savings'),
(27, 0, 500, '2014-08-26', 4, 2, 3, 'Savings'),
(28, 0, 150, '2014-08-26', 3, 2, 3, 'Savings'),
(29, 0, 150, '2014-08-26', 6, 2, 3, 'Savings'),
(30, 0, 100, '2014-09-21', 3, 2, 4, 'Savings'),
(31, 11, 200, '2013-03-27', 19, 2, 18, 'Past Due'),
(32, 11, 0, '2013-03-27', 19, 2, 18, 'Savings'),
(33, 12, 200, '2013-03-27', 20, 2, 18, 'Past Due'),
(34, 12, 0, '2013-03-27', 20, 2, 18, 'Savings'),
(35, 10, 200, '2013-03-27', 18, 2, 18, 'Past Due'),
(36, 10, 0, '2013-03-27', 18, 2, 18, 'Savings'),
(37, 0, 0, '2013-03-27', 18, 2, 18, 'Savings'),
(38, 0, 0, '2013-03-27', 19, 2, 18, 'Savings'),
(39, 0, 0, '2013-03-27', 20, 2, 18, 'Savings'),
(40, 14, 200, '2013-03-27', 22, 2, 18, 'Past Due'),
(41, 14, 0, '2013-03-27', 22, 2, 18, 'Savings'),
(42, 13, 200, '2013-03-27', 21, 2, 18, 'Past Due'),
(43, 13, 0, '2013-03-27', 21, 2, 18, 'Savings'),
(44, 15, 200, '2013-03-27', 23, 2, 18, 'Past Due'),
(45, 15, 0, '2013-03-27', 23, 2, 18, 'Savings'),
(46, 0, 0, '2013-03-27', 21, 2, 18, 'Savings'),
(47, 0, 0, '2013-03-27', 22, 2, 18, 'Savings'),
(48, 0, 0, '2013-03-27', 23, 2, 18, 'Savings'),
(49, 11, 200, '2013-04-10', 19, 2, 18, 'Past Due'),
(50, 11, 0, '2013-04-10', 19, 2, 18, 'Savings'),
(51, 12, 200, '2013-04-10', 20, 2, 18, 'Past Due'),
(52, 12, 0, '2013-04-10', 20, 2, 18, 'Savings'),
(53, 10, 200, '2013-04-10', 18, 2, 18, 'Past Due'),
(54, 10, 0, '2013-04-10', 18, 2, 18, 'Savings'),
(55, 0, 0, '2013-04-10', 18, 2, 18, 'Savings'),
(56, 0, 0, '2013-04-10', 19, 2, 18, 'Savings'),
(57, 0, 0, '2013-04-10', 20, 2, 18, 'Savings'),
(58, 14, 200, '2013-04-10', 22, 2, 18, 'Past Due'),
(59, 14, 0, '2013-04-10', 22, 2, 18, 'Savings'),
(60, 13, 200, '2013-04-10', 21, 2, 18, 'Past Due'),
(61, 13, 0, '2013-04-10', 21, 2, 18, 'Savings'),
(62, 15, 200, '2013-04-10', 23, 2, 18, 'Past Due'),
(63, 15, 0, '2013-04-10', 23, 2, 18, 'Savings'),
(64, 0, 0, '2013-04-10', 21, 2, 18, 'Savings'),
(65, 0, 0, '2013-04-10', 22, 2, 18, 'Savings'),
(66, 0, 0, '2013-04-10', 23, 2, 18, 'Savings'),
(67, 11, 200, '2013-04-10', 19, 2, 18, 'Loan '),
(68, 11, 50, '2013-04-10', 19, 2, 18, 'Savings'),
(69, 12, 200, '2013-04-10', 20, 2, 18, 'Loan '),
(70, 12, 50, '2013-04-10', 20, 2, 18, 'Savings'),
(71, 10, 200, '2013-04-10', 18, 2, 18, 'Loan '),
(72, 10, 50, '2013-04-10', 18, 2, 18, 'Savings'),
(73, 0, 50, '2013-04-10', 18, 2, 18, 'Savings'),
(74, 0, 50, '2013-04-10', 19, 2, 18, 'Savings'),
(75, 0, 50, '2013-04-10', 20, 2, 18, 'Savings'),
(76, 11, 200, '2013-04-17', 19, 2, 18, 'Loan '),
(77, 11, 50, '2013-04-17', 19, 2, 18, 'Savings'),
(78, 12, 200, '2013-04-17', 20, 2, 18, 'Loan '),
(79, 12, 50, '2013-04-17', 20, 2, 18, 'Savings'),
(80, 10, 200, '2013-04-17', 18, 2, 18, 'Loan '),
(81, 10, 50, '2013-04-17', 18, 2, 18, 'Savings'),
(82, 14, 200, '2013-04-17', 22, 2, 18, 'Loan '),
(83, 14, 50, '2013-04-17', 22, 2, 18, 'Savings'),
(84, 13, 200, '2013-04-17', 21, 2, 18, 'Loan '),
(85, 13, 50, '2013-04-17', 21, 2, 18, 'Savings'),
(86, 15, 200, '2013-04-17', 23, 2, 18, 'Loan '),
(87, 15, 50, '2013-04-17', 23, 2, 18, 'Savings'),
(88, 0, 50, '2013-04-17', 21, 2, 18, 'Savings'),
(89, 0, 50, '2013-04-17', 22, 2, 18, 'Savings'),
(90, 0, 50, '2013-04-17', 23, 2, 18, 'Savings'),
(91, 11, 200, '2013-04-24', 19, 2, 18, 'Loan '),
(92, 11, 50, '2013-04-24', 19, 2, 18, 'Savings'),
(93, 12, 200, '2013-04-24', 20, 2, 18, 'Loan '),
(94, 12, 50, '2013-04-24', 20, 2, 18, 'Savings'),
(95, 10, 200, '2013-04-24', 18, 2, 18, 'Loan '),
(96, 10, 50, '2013-04-24', 18, 2, 18, 'Savings'),
(97, 14, 200, '2013-04-24', 22, 2, 18, 'Loan '),
(98, 14, 50, '2013-04-24', 22, 2, 18, 'Savings'),
(99, 13, 200, '2013-04-24', 21, 2, 18, 'Loan '),
(100, 13, 50, '2013-04-24', 21, 2, 18, 'Savings'),
(101, 15, 200, '2013-04-24', 23, 2, 18, 'Loan '),
(102, 15, 50, '2013-04-24', 23, 2, 18, 'Savings'),
(103, 11, 200, '2013-05-01', 19, 2, 18, 'Loan '),
(104, 11, 50, '2013-05-01', 19, 2, 18, 'Savings'),
(105, 12, 200, '2013-05-01', 20, 2, 18, 'Loan '),
(106, 12, 50, '2013-05-01', 20, 2, 18, 'Savings'),
(107, 10, 200, '2013-05-01', 18, 2, 18, 'Loan '),
(108, 10, 50, '2013-05-01', 18, 2, 18, 'Savings'),
(109, 14, 200, '2013-05-01', 22, 2, 18, 'Loan '),
(110, 14, 50, '2013-05-01', 22, 2, 18, 'Savings'),
(111, 13, 200, '2013-05-01', 21, 2, 18, 'Loan '),
(112, 13, 50, '2013-05-01', 21, 2, 18, 'Savings'),
(113, 15, 200, '2013-05-01', 23, 2, 18, 'Loan '),
(114, 15, 50, '2013-05-01', 23, 2, 18, 'Savings'),
(115, 11, 200, '2013-05-08', 19, 2, 18, 'Loan '),
(116, 11, 50, '2013-05-08', 19, 2, 18, 'Savings'),
(117, 12, 200, '2013-05-08', 20, 2, 18, 'Loan '),
(118, 12, 50, '2013-05-08', 20, 2, 18, 'Savings'),
(119, 10, 200, '2013-05-08', 18, 2, 18, 'Loan '),
(120, 10, 50, '2013-05-08', 18, 2, 18, 'Savings'),
(121, 14, 200, '2013-05-08', 22, 2, 18, 'Loan '),
(122, 14, 50, '2013-05-08', 22, 2, 18, 'Savings'),
(123, 13, 200, '2013-05-08', 21, 2, 18, 'Loan '),
(124, 13, 50, '2013-05-08', 21, 2, 18, 'Savings'),
(125, 15, 200, '2013-05-08', 23, 2, 18, 'Loan '),
(126, 15, 50, '2013-05-08', 23, 2, 18, 'Savings'),
(127, 11, 200, '2013-05-15', 19, 2, 18, 'Loan '),
(128, 11, 50, '2013-05-15', 19, 2, 18, 'Savings'),
(129, 12, 200, '2013-05-15', 20, 2, 18, 'Loan '),
(130, 12, 50, '2013-05-15', 20, 2, 18, 'Savings'),
(131, 10, 200, '2013-05-15', 18, 2, 18, 'Loan '),
(132, 10, 50, '2013-05-15', 18, 2, 18, 'Savings'),
(133, 14, 200, '2013-05-15', 22, 2, 18, 'Loan '),
(134, 14, 50, '2013-05-15', 22, 2, 18, 'Savings'),
(135, 13, 200, '2013-05-15', 21, 2, 18, 'Loan '),
(136, 13, 50, '2013-05-15', 21, 2, 18, 'Savings'),
(137, 15, 200, '2013-05-15', 23, 2, 18, 'Loan '),
(138, 15, 50, '2013-05-15', 23, 2, 18, 'Savings'),
(139, 11, 200, '2013-05-22', 19, 2, 18, 'Loan '),
(140, 11, 50, '2013-05-22', 19, 2, 18, 'Savings'),
(141, 12, 200, '2013-05-22', 20, 2, 18, 'Loan '),
(142, 12, 50, '2013-05-22', 20, 2, 18, 'Savings'),
(143, 10, 200, '2013-05-22', 18, 2, 18, 'Loan '),
(144, 10, 50, '2013-05-22', 18, 2, 18, 'Savings'),
(145, 14, 200, '2013-05-22', 22, 2, 18, 'Loan '),
(146, 14, 50, '2013-05-22', 22, 2, 18, 'Savings'),
(147, 13, 200, '2013-05-22', 21, 2, 18, 'Loan '),
(148, 13, 50, '2013-05-22', 21, 2, 18, 'Savings'),
(149, 15, 200, '2013-05-22', 23, 2, 18, 'Loan '),
(150, 15, 50, '2013-05-22', 23, 2, 18, 'Savings'),
(151, 11, 200, '2013-05-29', 19, 2, 18, 'Loan '),
(152, 11, 50, '2013-05-29', 19, 2, 18, 'Savings'),
(153, 12, 200, '2013-05-29', 20, 2, 18, 'Loan '),
(154, 12, 50, '2013-05-29', 20, 2, 18, 'Savings'),
(155, 10, 200, '2013-05-29', 18, 2, 18, 'Loan '),
(156, 10, 50, '2013-05-29', 18, 2, 18, 'Savings'),
(157, 14, 200, '2013-05-29', 22, 2, 18, 'Loan '),
(158, 14, 50, '2013-05-29', 22, 2, 18, 'Savings'),
(159, 13, 200, '2013-05-29', 21, 2, 18, 'Loan '),
(160, 13, 50, '2013-05-29', 21, 2, 18, 'Savings'),
(161, 15, 200, '2013-05-29', 23, 2, 18, 'Loan '),
(162, 15, 50, '2013-05-29', 23, 2, 18, 'Savings'),
(163, 11, 200, '2013-06-05', 19, 2, 18, 'Loan '),
(164, 11, 50, '2013-06-05', 19, 2, 18, 'Savings'),
(165, 12, 200, '2013-06-05', 20, 2, 18, 'Loan '),
(166, 12, 50, '2013-06-05', 20, 2, 18, 'Savings'),
(167, 10, 200, '2013-06-05', 18, 2, 18, 'Loan '),
(168, 10, 50, '2013-06-05', 18, 2, 18, 'Savings'),
(169, 14, 200, '2013-06-05', 22, 2, 18, 'Loan '),
(170, 14, 50, '2013-06-05', 22, 2, 18, 'Savings'),
(171, 13, 200, '2013-06-05', 21, 2, 18, 'Loan '),
(172, 13, 50, '2013-06-05', 21, 2, 18, 'Savings'),
(173, 15, 200, '2013-06-05', 23, 2, 18, 'Loan '),
(174, 15, 50, '2013-06-05', 23, 2, 18, 'Savings'),
(175, 11, 200, '2013-06-12', 19, 2, 18, 'Loan '),
(176, 11, 50, '2013-06-12', 19, 2, 18, 'Savings'),
(177, 12, 200, '2013-06-12', 20, 2, 18, 'Loan '),
(178, 12, 50, '2013-06-12', 20, 2, 18, 'Savings'),
(179, 10, 200, '2013-06-12', 18, 2, 18, 'Loan '),
(180, 10, 50, '2013-06-12', 18, 2, 18, 'Savings'),
(181, 14, 200, '2013-06-12', 22, 2, 18, 'Loan '),
(182, 14, 50, '2013-06-12', 22, 2, 18, 'Savings'),
(183, 13, 200, '2013-06-12', 21, 2, 18, 'Loan '),
(184, 13, 50, '2013-06-12', 21, 2, 18, 'Savings'),
(185, 15, 200, '2013-06-12', 23, 2, 18, 'Loan '),
(186, 15, 50, '2013-06-12', 23, 2, 18, 'Savings'),
(187, 11, 200, '2013-06-19', 19, 2, 18, 'Loan '),
(188, 11, 50, '2013-06-19', 19, 2, 18, 'Savings'),
(189, 12, 200, '2013-06-19', 20, 2, 18, 'Loan '),
(190, 12, 50, '2013-06-19', 20, 2, 18, 'Savings'),
(191, 10, 200, '2013-06-19', 18, 2, 18, 'Loan '),
(192, 10, 50, '2013-06-19', 18, 2, 18, 'Savings'),
(193, 14, 200, '2013-06-19', 22, 2, 18, 'Loan '),
(194, 14, 50, '2013-06-19', 22, 2, 18, 'Savings'),
(195, 13, 200, '2013-06-19', 21, 2, 18, 'Loan '),
(196, 13, 50, '2013-06-19', 21, 2, 18, 'Savings'),
(197, 15, 200, '2013-06-19', 23, 2, 18, 'Loan '),
(198, 15, 50, '2013-06-19', 23, 2, 18, 'Savings'),
(199, 11, 200, '2013-06-26', 19, 2, 18, 'Loan '),
(200, 11, 50, '2013-06-26', 19, 2, 18, 'Savings'),
(201, 12, 200, '2013-06-26', 20, 2, 18, 'Loan '),
(202, 12, 50, '2013-06-26', 20, 2, 18, 'Savings'),
(203, 10, 200, '2013-06-26', 18, 2, 18, 'Loan '),
(204, 10, 50, '2013-06-26', 18, 2, 18, 'Savings'),
(205, 14, 200, '2013-06-26', 22, 2, 18, 'Loan '),
(206, 14, 50, '2013-06-26', 22, 2, 18, 'Savings'),
(207, 13, 200, '2013-06-26', 21, 2, 18, 'Loan '),
(208, 13, 50, '2013-06-26', 21, 2, 18, 'Savings'),
(209, 15, 200, '2013-06-26', 23, 2, 18, 'Loan '),
(210, 15, 50, '2013-06-26', 23, 2, 18, 'Savings'),
(211, 11, 200, '2013-07-03', 19, 2, 18, 'Loan '),
(212, 11, 50, '2013-07-03', 19, 2, 18, 'Savings'),
(213, 12, 200, '2013-07-03', 20, 2, 18, 'Loan '),
(214, 12, 50, '2013-07-03', 20, 2, 18, 'Savings'),
(215, 10, 200, '2013-07-03', 18, 2, 18, 'Loan '),
(216, 10, 50, '2013-07-03', 18, 2, 18, 'Savings'),
(217, 14, 200, '2013-07-03', 22, 2, 18, 'Loan '),
(218, 14, 50, '2013-07-03', 22, 2, 18, 'Savings'),
(219, 13, 200, '2013-07-03', 21, 2, 18, 'Loan '),
(220, 13, 50, '2013-07-03', 21, 2, 18, 'Savings'),
(221, 15, 200, '2013-07-03', 23, 2, 18, 'Loan '),
(222, 15, 50, '2013-07-03', 23, 2, 18, 'Savings'),
(223, 11, 200, '2013-07-10', 19, 2, 18, 'Loan '),
(224, 11, 50, '2013-07-10', 19, 2, 18, 'Savings'),
(225, 12, 200, '2013-07-10', 20, 2, 18, 'Loan '),
(226, 12, 50, '2013-07-10', 20, 2, 18, 'Savings'),
(227, 10, 200, '2013-07-10', 18, 2, 18, 'Loan '),
(228, 10, 50, '2013-07-10', 18, 2, 18, 'Savings'),
(229, 14, 200, '2013-07-10', 22, 2, 18, 'Loan '),
(230, 14, 50, '2013-07-10', 22, 2, 18, 'Savings'),
(231, 13, 200, '2013-07-10', 21, 2, 18, 'Loan '),
(232, 13, 50, '2013-07-10', 21, 2, 18, 'Savings'),
(233, 15, 200, '2013-07-10', 23, 2, 18, 'Loan '),
(234, 15, 50, '2013-07-10', 23, 2, 18, 'Savings'),
(235, 11, 200, '2013-07-17', 19, 2, 18, 'Loan '),
(236, 11, 50, '2013-07-17', 19, 2, 18, 'Savings'),
(237, 12, 200, '2013-07-17', 20, 2, 18, 'Loan '),
(238, 12, 50, '2013-07-17', 20, 2, 18, 'Savings'),
(239, 10, 200, '2013-07-17', 18, 2, 18, 'Loan '),
(240, 10, 50, '2013-07-17', 18, 2, 18, 'Savings'),
(241, 14, 200, '2013-07-17', 22, 2, 18, 'Loan '),
(242, 14, 50, '2013-07-17', 22, 2, 18, 'Savings'),
(243, 13, 200, '2013-07-17', 21, 2, 18, 'Loan '),
(244, 13, 50, '2013-07-17', 21, 2, 18, 'Savings'),
(245, 15, 200, '2013-07-17', 23, 2, 18, 'Loan '),
(246, 15, 50, '2013-07-17', 23, 2, 18, 'Savings'),
(247, 11, 200, '2013-07-24', 19, 2, 18, 'Loan '),
(248, 11, 50, '2013-07-24', 19, 2, 18, 'Savings'),
(249, 12, 200, '2013-07-24', 20, 2, 18, 'Loan '),
(250, 12, 50, '2013-07-24', 20, 2, 18, 'Savings'),
(251, 10, 200, '2013-07-24', 18, 2, 18, 'Loan '),
(252, 10, 50, '2013-07-24', 18, 2, 18, 'Savings'),
(253, 14, 200, '2013-07-24', 22, 2, 18, 'Loan '),
(254, 14, 50, '2013-07-24', 22, 2, 18, 'Savings'),
(255, 13, 200, '2013-07-24', 21, 2, 18, 'Loan '),
(256, 13, 50, '2013-07-24', 21, 2, 18, 'Savings'),
(257, 15, 200, '2013-07-24', 23, 2, 18, 'Loan '),
(258, 15, 50, '2013-07-24', 23, 2, 18, 'Savings'),
(259, 11, 200, '2013-07-31', 19, 2, 18, 'Loan '),
(260, 11, 50, '2013-07-31', 19, 2, 18, 'Savings'),
(261, 12, 200, '2013-07-31', 20, 2, 18, 'Loan '),
(262, 12, 50, '2013-07-31', 20, 2, 18, 'Savings'),
(263, 10, 200, '2013-07-31', 18, 2, 18, 'Loan '),
(264, 10, 50, '2013-07-31', 18, 2, 18, 'Savings'),
(265, 14, 200, '2013-07-31', 22, 2, 18, 'Loan '),
(266, 14, 50, '2013-07-31', 22, 2, 18, 'Savings'),
(267, 13, 200, '2013-07-31', 21, 2, 18, 'Loan '),
(268, 13, 50, '2013-07-31', 21, 2, 18, 'Savings'),
(269, 15, 200, '2013-07-31', 23, 2, 18, 'Loan '),
(270, 15, 50, '2013-07-31', 23, 2, 18, 'Savings'),
(271, 11, 200, '2013-08-07', 19, 2, 18, 'Loan '),
(272, 11, 50, '2013-08-07', 19, 2, 18, 'Savings'),
(273, 12, 200, '2013-08-07', 20, 2, 18, 'Loan '),
(274, 12, 50, '2013-08-07', 20, 2, 18, 'Savings'),
(275, 10, 200, '2013-08-07', 18, 2, 18, 'Loan '),
(276, 10, 50, '2013-08-07', 18, 2, 18, 'Savings'),
(277, 14, 200, '2013-08-07', 22, 2, 18, 'Loan '),
(278, 14, 50, '2013-08-07', 22, 2, 18, 'Savings'),
(279, 13, 200, '2013-08-07', 21, 2, 18, 'Loan '),
(280, 13, 50, '2013-08-07', 21, 2, 18, 'Savings'),
(281, 15, 200, '2013-08-07', 23, 2, 18, 'Loan '),
(282, 15, 50, '2013-08-07', 23, 2, 18, 'Savings'),
(283, 11, 200, '2013-08-14', 19, 2, 18, 'Loan '),
(284, 11, 50, '2013-08-14', 19, 2, 18, 'Savings'),
(285, 12, 200, '2013-08-14', 20, 2, 18, 'Loan '),
(286, 12, 50, '2013-08-14', 20, 2, 18, 'Savings'),
(287, 10, 200, '2013-08-14', 18, 2, 18, 'Loan '),
(288, 10, 50, '2013-08-14', 18, 2, 18, 'Savings'),
(289, 14, 200, '2013-08-14', 22, 2, 18, 'Loan '),
(290, 14, 50, '2013-08-14', 22, 2, 18, 'Savings'),
(291, 13, 200, '2013-08-14', 21, 2, 18, 'Loan '),
(292, 13, 50, '2013-08-14', 21, 2, 18, 'Savings'),
(293, 15, 200, '2013-08-14', 23, 2, 18, 'Loan '),
(294, 15, 50, '2013-08-14', 23, 2, 18, 'Savings'),
(295, 11, 200, '2013-08-21', 19, 2, 18, 'Loan '),
(296, 11, 50, '2013-08-21', 19, 2, 18, 'Savings'),
(297, 12, 200, '2013-08-21', 20, 2, 18, 'Loan '),
(298, 12, 50, '2013-08-21', 20, 2, 18, 'Savings'),
(299, 10, 200, '2013-08-21', 18, 2, 18, 'Loan '),
(300, 10, 50, '2013-08-21', 18, 2, 18, 'Savings'),
(301, 14, 200, '2013-08-21', 22, 2, 18, 'Loan '),
(302, 14, 50, '2013-08-21', 22, 2, 18, 'Savings'),
(303, 13, 200, '2013-08-21', 21, 2, 18, 'Loan '),
(304, 13, 50, '2013-08-21', 21, 2, 18, 'Savings'),
(305, 15, 200, '2013-08-21', 23, 2, 18, 'Loan '),
(306, 15, 50, '2013-08-21', 23, 2, 18, 'Savings'),
(307, 11, 200, '2013-08-28', 19, 2, 18, 'Loan '),
(308, 11, 50, '2013-08-28', 19, 2, 18, 'Savings'),
(309, 12, 200, '2013-08-28', 20, 2, 18, 'Loan '),
(310, 12, 50, '2013-08-28', 20, 2, 18, 'Savings'),
(311, 10, 200, '2013-08-28', 18, 2, 18, 'Loan '),
(312, 10, 50, '2013-08-28', 18, 2, 18, 'Savings'),
(313, 14, 200, '2013-08-28', 22, 2, 18, 'Loan '),
(314, 14, 50, '2013-08-28', 22, 2, 18, 'Savings'),
(315, 13, 200, '2013-08-28', 21, 2, 18, 'Loan '),
(316, 13, 50, '2013-08-28', 21, 2, 18, 'Savings'),
(317, 15, 200, '2013-08-28', 23, 2, 18, 'Loan '),
(318, 15, 50, '2013-08-28', 23, 2, 18, 'Savings'),
(319, 11, 200, '2013-09-04', 19, 2, 18, 'Loan '),
(320, 11, 50, '2013-09-04', 19, 2, 18, 'Savings'),
(321, 12, 200, '2013-09-04', 20, 2, 18, 'Loan '),
(322, 12, 50, '2013-09-04', 20, 2, 18, 'Savings'),
(323, 10, 200, '2013-09-04', 18, 2, 18, 'Loan '),
(324, 10, 50, '2013-09-04', 18, 2, 18, 'Savings'),
(325, 14, 200, '2013-09-04', 22, 2, 18, 'Loan '),
(326, 14, 50, '2013-09-04', 22, 2, 18, 'Savings'),
(327, 13, 200, '2013-09-04', 21, 2, 18, 'Loan '),
(328, 13, 50, '2013-09-04', 21, 2, 18, 'Savings'),
(329, 15, 200, '2013-09-04', 23, 2, 18, 'Loan '),
(330, 15, 50, '2013-09-04', 23, 2, 18, 'Savings'),
(331, 11, 200, '2013-09-11', 19, 2, 18, 'Loan '),
(332, 11, 50, '2013-09-11', 19, 2, 18, 'Savings'),
(333, 12, 200, '2013-09-11', 20, 2, 18, 'Loan '),
(334, 12, 50, '2013-09-11', 20, 2, 18, 'Savings'),
(335, 10, 200, '2013-09-11', 18, 2, 18, 'Loan '),
(336, 10, 50, '2013-09-11', 18, 2, 18, 'Savings'),
(337, 14, 200, '2013-09-11', 22, 2, 18, 'Loan '),
(338, 14, 50, '2013-09-11', 22, 2, 18, 'Savings'),
(339, 13, 200, '2013-09-11', 21, 2, 18, 'Loan '),
(340, 13, 50, '2013-09-11', 21, 2, 18, 'Savings'),
(341, 15, 200, '2013-09-11', 23, 2, 18, 'Loan '),
(342, 15, 50, '2013-09-11', 23, 2, 18, 'Savings'),
(343, 16, 100, '2014-01-27', 13, 2, 13, 'Capital Share'),
(344, 8, 200, '2014-02-03', 11, 2, 18, 'Loan '),
(345, 8, 50, '2014-02-03', 11, 2, 18, 'Savings'),
(346, 16, 200, '2014-02-03', 13, 2, 18, 'Loan '),
(347, 16, 50, '2014-02-03', 13, 2, 18, 'Savings'),
(348, 9, 200, '2014-02-03', 12, 2, 18, 'Loan '),
(349, 9, 50, '2014-02-03', 12, 2, 18, 'Savings'),
(350, 0, 50, '2014-02-03', 11, 2, 18, 'Savings'),
(351, 0, 50, '2014-02-03', 12, 2, 18, 'Savings'),
(352, 14, 200, '2013-09-18', 22, 2, 18, 'Loan '),
(353, 14, 50, '2013-09-18', 22, 2, 18, 'Savings'),
(354, 13, 200, '2013-09-18', 21, 2, 18, 'Loan '),
(355, 13, 50, '2013-09-18', 21, 2, 18, 'Savings'),
(356, 15, 200, '2013-09-18', 23, 2, 18, 'Loan '),
(357, 15, 50, '2013-09-18', 23, 2, 18, 'Savings'),
(358, 22, 100, '2013-09-25', 51, 2, 13, 'Capital Share'),
(359, 23, 100, '2013-09-25', 52, 2, 13, 'Capital Share'),
(360, 24, 100, '2013-09-25', 53, 2, 13, 'Capital Share'),
(361, 29, 100, '2013-09-25', 59, 2, 13, 'Capital Share'),
(362, 30, 100, '2013-09-25', 60, 2, 13, 'Capital Share'),
(363, 31, 100, '2013-09-25', 61, 2, 13, 'Capital Share'),
(364, 32, 100, '2013-09-25', 62, 2, 13, 'Capital Share'),
(365, 21, 100, '2013-09-25', 50, 2, 13, 'Capital Share'),
(366, 28, 100, '2013-09-25', 58, 2, 13, 'Capital Share'),
(367, 20, 100, '2013-09-25', 49, 2, 13, 'Capital Share'),
(368, 18, 100, '2013-09-25', 48, 2, 13, 'Capital Share'),
(369, 25, 100, '2013-09-25', 54, 2, 13, 'Capital Share'),
(370, 34, 100, '2013-09-25', 55, 2, 13, 'Capital Share'),
(371, 26, 100, '2013-09-25', 56, 2, 13, 'Capital Share'),
(372, 27, 100, '2013-09-25', 57, 2, 13, 'Capital Share'),
(373, 19, 100, '2013-09-25', 47, 2, 13, 'Capital Share'),
(374, 17, 100, '2013-09-25', 46, 2, 13, 'Capital Share'),
(375, 33, 100, '2013-09-25', 18, 2, 13, 'Capital Share'),
(376, 35, 100, '2013-09-25', 19, 2, 13, 'Capital Share'),
(377, 36, 100, '2013-09-25', 20, 2, 13, 'Capital Share'),
(378, 37, 100, '2013-09-25', 21, 2, 13, 'Capital Share'),
(379, 38, 100, '2013-09-25', 22, 2, 13, 'Capital Share'),
(380, 39, 100, '2013-09-25', 23, 2, 13, 'Capital Share'),
(381, 22, 200, '2013-09-25', 51, 2, 18, 'Loan '),
(382, 22, 50, '2013-09-25', 51, 2, 18, 'Savings'),
(383, 20, 200, '2013-09-25', 49, 2, 18, 'Loan '),
(384, 20, 50, '2013-09-25', 49, 2, 18, 'Savings'),
(385, 35, 150, '2013-09-25', 19, 2, 18, 'Loan '),
(386, 35, 50, '2013-09-25', 19, 2, 18, 'Savings'),
(387, 17, 200, '2013-09-25', 46, 2, 18, 'Loan '),
(388, 17, 50, '2013-09-25', 46, 2, 18, 'Savings'),
(389, 36, 150, '2013-09-25', 20, 2, 18, 'Loan '),
(390, 36, 50, '2013-09-25', 20, 2, 18, 'Savings'),
(391, 24, 200, '2013-09-25', 53, 2, 18, 'Loan '),
(392, 24, 50, '2013-09-25', 53, 2, 18, 'Savings'),
(393, 18, 200, '2013-09-25', 48, 2, 18, 'Loan '),
(394, 18, 50, '2013-09-25', 48, 2, 18, 'Savings'),
(395, 33, 150, '2013-09-25', 18, 2, 18, 'Loan '),
(396, 33, 50, '2013-09-25', 18, 2, 18, 'Savings'),
(397, 19, 200, '2013-09-25', 47, 2, 18, 'Loan '),
(398, 19, 50, '2013-09-25', 47, 2, 18, 'Savings'),
(399, 21, 200, '2013-09-25', 50, 2, 18, 'Loan '),
(400, 21, 50, '2013-09-25', 50, 2, 18, 'Savings'),
(401, 23, 200, '2013-09-25', 52, 2, 18, 'Loan '),
(402, 23, 50, '2013-09-25', 52, 2, 18, 'Savings'),
(403, 38, 150, '2013-09-25', 22, 2, 18, 'Loan '),
(404, 38, 50, '2013-09-25', 22, 2, 18, 'Savings'),
(405, 25, 200, '2013-09-25', 54, 2, 18, 'Loan '),
(406, 25, 50, '2013-09-25', 54, 2, 18, 'Savings'),
(407, 31, 200, '2013-09-25', 61, 2, 18, 'Loan '),
(408, 31, 50, '2013-09-25', 61, 2, 18, 'Savings'),
(409, 37, 150, '2013-09-25', 21, 2, 18, 'Loan '),
(410, 37, 50, '2013-09-25', 21, 2, 18, 'Savings'),
(411, 26, 200, '2013-09-25', 56, 2, 18, 'Loan '),
(412, 26, 50, '2013-09-25', 56, 2, 18, 'Savings'),
(413, 30, 200, '2013-09-25', 60, 2, 18, 'Loan '),
(414, 30, 50, '2013-09-25', 60, 2, 18, 'Savings'),
(415, 27, 200, '2013-09-25', 57, 2, 18, 'Loan '),
(416, 27, 50, '2013-09-25', 57, 2, 18, 'Savings'),
(417, 34, 200, '2013-09-25', 55, 2, 18, 'Loan '),
(418, 34, 50, '2013-09-25', 55, 2, 18, 'Savings'),
(419, 39, 150, '2013-09-25', 23, 2, 18, 'Loan '),
(420, 39, 50, '2013-09-25', 23, 2, 18, 'Savings'),
(421, 32, 200, '2013-09-25', 62, 2, 18, 'Loan '),
(422, 32, 50, '2013-09-25', 62, 2, 18, 'Savings'),
(423, 29, 200, '2013-09-25', 59, 2, 18, 'Loan '),
(424, 29, 50, '2013-09-25', 59, 2, 18, 'Savings'),
(425, 28, 200, '2013-09-25', 58, 2, 18, 'Loan '),
(426, 28, 50, '2013-09-25', 58, 2, 18, 'Savings'),
(427, 22, 200, '2013-10-02', 51, 2, 18, 'Loan '),
(428, 22, 50, '2013-10-02', 51, 2, 18, 'Savings'),
(429, 20, 200, '2013-10-02', 49, 2, 18, 'Loan '),
(430, 20, 50, '2013-10-02', 49, 2, 18, 'Savings'),
(431, 35, 150, '2013-10-02', 19, 2, 18, 'Loan '),
(432, 35, 50, '2013-10-02', 19, 2, 18, 'Savings'),
(433, 17, 200, '2013-10-02', 46, 2, 18, 'Loan '),
(434, 17, 50, '2013-10-02', 46, 2, 18, 'Savings'),
(435, 36, 150, '2013-10-02', 20, 2, 18, 'Loan '),
(436, 36, 50, '2013-10-02', 20, 2, 18, 'Savings'),
(437, 24, 200, '2013-10-02', 53, 2, 18, 'Loan '),
(438, 24, 50, '2013-10-02', 53, 2, 18, 'Savings'),
(439, 18, 200, '2013-10-02', 48, 2, 18, 'Loan '),
(440, 18, 50, '2013-10-02', 48, 2, 18, 'Savings'),
(441, 33, 150, '2013-10-02', 18, 2, 18, 'Loan '),
(442, 33, 50, '2013-10-02', 18, 2, 18, 'Savings'),
(443, 19, 200, '2013-10-02', 47, 2, 18, 'Loan '),
(444, 19, 50, '2013-10-02', 47, 2, 18, 'Savings'),
(445, 21, 200, '2013-10-02', 50, 2, 18, 'Loan '),
(446, 21, 50, '2013-10-02', 50, 2, 18, 'Savings'),
(447, 23, 200, '2013-10-02', 52, 2, 18, 'Loan '),
(448, 23, 50, '2013-10-02', 52, 2, 18, 'Savings'),
(449, 38, 150, '2013-10-02', 22, 2, 18, 'Loan '),
(450, 38, 50, '2013-10-02', 22, 2, 18, 'Savings'),
(451, 25, 200, '2013-10-02', 54, 2, 18, 'Loan '),
(452, 25, 50, '2013-10-02', 54, 2, 18, 'Savings'),
(453, 31, 200, '2013-10-02', 61, 2, 18, 'Loan '),
(454, 31, 50, '2013-10-02', 61, 2, 18, 'Savings'),
(455, 37, 150, '2013-10-02', 21, 2, 18, 'Loan '),
(456, 37, 50, '2013-10-02', 21, 2, 18, 'Savings'),
(457, 26, 200, '2013-10-02', 56, 2, 18, 'Loan '),
(458, 26, 50, '2013-10-02', 56, 2, 18, 'Savings'),
(459, 30, 200, '2013-10-02', 60, 2, 18, 'Loan '),
(460, 30, 50, '2013-10-02', 60, 2, 18, 'Savings'),
(461, 27, 200, '2013-10-02', 57, 2, 18, 'Loan '),
(462, 27, 50, '2013-10-02', 57, 2, 18, 'Savings'),
(463, 34, 200, '2013-10-02', 55, 2, 18, 'Loan '),
(464, 34, 50, '2013-10-02', 55, 2, 18, 'Savings'),
(465, 39, 150, '2013-10-02', 23, 2, 18, 'Loan '),
(466, 39, 50, '2013-10-02', 23, 2, 18, 'Savings'),
(467, 32, 200, '2013-10-02', 62, 2, 18, 'Loan '),
(468, 32, 50, '2013-10-02', 62, 2, 18, 'Savings'),
(469, 29, 200, '2013-10-02', 59, 2, 18, 'Loan '),
(470, 29, 50, '2013-10-02', 59, 2, 18, 'Savings'),
(471, 28, 200, '2013-10-02', 58, 2, 18, 'Loan '),
(472, 28, 50, '2013-10-02', 58, 2, 18, 'Savings'),
(473, 22, 200, '2013-10-09', 51, 2, 18, 'Loan '),
(474, 22, 50, '2013-10-09', 51, 2, 18, 'Savings'),
(475, 20, 200, '2013-10-09', 49, 2, 18, 'Loan '),
(476, 20, 50, '2013-10-09', 49, 2, 18, 'Savings'),
(477, 35, 150, '2013-10-09', 19, 2, 18, 'Loan '),
(478, 35, 50, '2013-10-09', 19, 2, 18, 'Savings'),
(479, 17, 200, '2013-10-09', 46, 2, 18, 'Loan '),
(480, 17, 50, '2013-10-09', 46, 2, 18, 'Savings'),
(481, 36, 150, '2013-10-09', 20, 2, 18, 'Loan '),
(482, 36, 50, '2013-10-09', 20, 2, 18, 'Savings'),
(483, 24, 200, '2013-10-09', 53, 2, 18, 'Loan '),
(484, 24, 50, '2013-10-09', 53, 2, 18, 'Savings'),
(485, 18, 200, '2013-10-09', 48, 2, 18, 'Loan '),
(486, 18, 50, '2013-10-09', 48, 2, 18, 'Savings'),
(487, 33, 150, '2013-10-09', 18, 2, 18, 'Loan '),
(488, 33, 50, '2013-10-09', 18, 2, 18, 'Savings'),
(489, 19, 200, '2013-10-09', 47, 2, 18, 'Loan '),
(490, 19, 50, '2013-10-09', 47, 2, 18, 'Savings'),
(491, 21, 200, '2013-10-09', 50, 2, 18, 'Loan '),
(492, 21, 50, '2013-10-09', 50, 2, 18, 'Savings'),
(493, 23, 200, '2013-10-09', 52, 2, 18, 'Loan '),
(494, 23, 50, '2013-10-09', 52, 2, 18, 'Savings'),
(495, 38, 150, '2013-10-09', 22, 2, 18, 'Loan '),
(496, 38, 50, '2013-10-09', 22, 2, 18, 'Savings'),
(497, 25, 200, '2013-10-09', 54, 2, 18, 'Loan '),
(498, 25, 50, '2013-10-09', 54, 2, 18, 'Savings'),
(499, 31, 200, '2013-10-09', 61, 2, 18, 'Loan '),
(500, 31, 50, '2013-10-09', 61, 2, 18, 'Savings'),
(501, 37, 150, '2013-10-09', 21, 2, 18, 'Loan '),
(502, 37, 50, '2013-10-09', 21, 2, 18, 'Savings'),
(503, 26, 200, '2013-10-09', 56, 2, 18, 'Loan '),
(504, 26, 50, '2013-10-09', 56, 2, 18, 'Savings'),
(505, 30, 200, '2013-10-09', 60, 2, 18, 'Loan '),
(506, 30, 50, '2013-10-09', 60, 2, 18, 'Savings'),
(507, 27, 200, '2013-10-09', 57, 2, 18, 'Loan '),
(508, 27, 50, '2013-10-09', 57, 2, 18, 'Savings'),
(509, 34, 200, '2013-10-09', 55, 2, 18, 'Loan '),
(510, 34, 50, '2013-10-09', 55, 2, 18, 'Savings'),
(511, 39, 150, '2013-10-09', 23, 2, 18, 'Loan '),
(512, 39, 50, '2013-10-09', 23, 2, 18, 'Savings'),
(513, 32, 200, '2013-10-09', 62, 2, 18, 'Loan '),
(514, 32, 50, '2013-10-09', 62, 2, 18, 'Savings'),
(515, 29, 200, '2013-10-09', 59, 2, 18, 'Loan '),
(516, 29, 50, '2013-10-09', 59, 2, 18, 'Savings'),
(517, 28, 200, '2013-10-09', 58, 2, 18, 'Loan '),
(518, 28, 50, '2013-10-09', 58, 2, 18, 'Savings'),
(519, 22, 200, '2013-10-16', 51, 2, 18, 'Loan '),
(520, 22, 50, '2013-10-16', 51, 2, 18, 'Savings'),
(521, 20, 200, '2013-10-16', 49, 2, 18, 'Loan '),
(522, 20, 50, '2013-10-16', 49, 2, 18, 'Savings'),
(523, 35, 150, '2013-10-16', 19, 2, 18, 'Loan '),
(524, 35, 50, '2013-10-16', 19, 2, 18, 'Savings'),
(525, 17, 200, '2013-10-16', 46, 2, 18, 'Loan '),
(526, 17, 50, '2013-10-16', 46, 2, 18, 'Savings'),
(527, 36, 150, '2013-10-16', 20, 2, 18, 'Loan '),
(528, 36, 50, '2013-10-16', 20, 2, 18, 'Savings'),
(529, 24, 200, '2013-10-16', 53, 2, 18, 'Loan '),
(530, 24, 50, '2013-10-16', 53, 2, 18, 'Savings'),
(531, 18, 200, '2013-10-16', 48, 2, 18, 'Loan '),
(532, 18, 50, '2013-10-16', 48, 2, 18, 'Savings'),
(533, 33, 150, '2013-10-16', 18, 2, 18, 'Loan '),
(534, 33, 50, '2013-10-16', 18, 2, 18, 'Savings'),
(535, 19, 200, '2013-10-16', 47, 2, 18, 'Loan '),
(536, 19, 50, '2013-10-16', 47, 2, 18, 'Savings'),
(537, 21, 200, '2013-10-16', 50, 2, 18, 'Loan '),
(538, 21, 50, '2013-10-16', 50, 2, 18, 'Savings'),
(539, 23, 200, '2013-10-16', 52, 2, 18, 'Loan '),
(540, 23, 50, '2013-10-16', 52, 2, 18, 'Savings'),
(541, 38, 150, '2013-10-16', 22, 2, 18, 'Loan '),
(542, 38, 50, '2013-10-16', 22, 2, 18, 'Savings'),
(543, 25, 200, '2013-10-16', 54, 2, 18, 'Loan '),
(544, 25, 50, '2013-10-16', 54, 2, 18, 'Savings'),
(545, 31, 200, '2013-10-16', 61, 2, 18, 'Loan '),
(546, 31, 50, '2013-10-16', 61, 2, 18, 'Savings'),
(547, 37, 150, '2013-10-16', 21, 2, 18, 'Loan '),
(548, 37, 50, '2013-10-16', 21, 2, 18, 'Savings'),
(549, 26, 200, '2013-10-16', 56, 2, 18, 'Loan '),
(550, 26, 50, '2013-10-16', 56, 2, 18, 'Savings'),
(551, 30, 200, '2013-10-16', 60, 2, 18, 'Loan '),
(552, 30, 50, '2013-10-16', 60, 2, 18, 'Savings'),
(553, 27, 200, '2013-10-16', 57, 2, 18, 'Loan '),
(554, 27, 50, '2013-10-16', 57, 2, 18, 'Savings'),
(555, 34, 200, '2013-10-16', 55, 2, 18, 'Loan '),
(556, 34, 50, '2013-10-16', 55, 2, 18, 'Savings'),
(557, 39, 150, '2013-10-16', 23, 2, 18, 'Loan '),
(558, 39, 50, '2013-10-16', 23, 2, 18, 'Savings'),
(559, 32, 200, '2013-10-16', 62, 2, 18, 'Loan '),
(560, 32, 50, '2013-10-16', 62, 2, 18, 'Savings'),
(561, 29, 200, '2013-10-16', 59, 2, 18, 'Loan '),
(562, 29, 50, '2013-10-16', 59, 2, 18, 'Savings'),
(563, 28, 200, '2013-10-16', 58, 2, 18, 'Loan '),
(564, 28, 50, '2013-10-16', 58, 2, 18, 'Savings'),
(565, 22, 200, '2013-10-23', 51, 2, 18, 'Loan '),
(566, 22, 50, '2013-10-23', 51, 2, 18, 'Savings'),
(567, 20, 200, '2013-10-23', 49, 2, 18, 'Loan '),
(568, 20, 50, '2013-10-23', 49, 2, 18, 'Savings'),
(569, 35, 150, '2013-10-23', 19, 2, 18, 'Loan '),
(570, 35, 50, '2013-10-23', 19, 2, 18, 'Savings'),
(571, 17, 200, '2013-10-23', 46, 2, 18, 'Loan '),
(572, 17, 50, '2013-10-23', 46, 2, 18, 'Savings'),
(573, 36, 150, '2013-10-23', 20, 2, 18, 'Loan '),
(574, 36, 50, '2013-10-23', 20, 2, 18, 'Savings'),
(575, 24, 200, '2013-10-23', 53, 2, 18, 'Loan '),
(576, 24, 50, '2013-10-23', 53, 2, 18, 'Savings'),
(577, 18, 200, '2013-10-23', 48, 2, 18, 'Loan '),
(578, 18, 50, '2013-10-23', 48, 2, 18, 'Savings'),
(579, 33, 150, '2013-10-23', 18, 2, 18, 'Loan '),
(580, 33, 50, '2013-10-23', 18, 2, 18, 'Savings'),
(581, 19, 200, '2013-10-23', 47, 2, 18, 'Loan '),
(582, 19, 50, '2013-10-23', 47, 2, 18, 'Savings'),
(583, 21, 200, '2013-10-23', 50, 2, 18, 'Loan '),
(584, 21, 50, '2013-10-23', 50, 2, 18, 'Savings'),
(585, 23, 200, '2013-10-23', 52, 2, 18, 'Loan '),
(586, 23, 50, '2013-10-23', 52, 2, 18, 'Savings'),
(587, 38, 150, '2013-10-23', 22, 2, 18, 'Loan '),
(588, 38, 50, '2013-10-23', 22, 2, 18, 'Savings'),
(589, 25, 200, '2013-10-23', 54, 2, 18, 'Loan '),
(590, 25, 50, '2013-10-23', 54, 2, 18, 'Savings'),
(591, 31, 200, '2013-10-23', 61, 2, 18, 'Loan '),
(592, 31, 50, '2013-10-23', 61, 2, 18, 'Savings'),
(593, 37, 150, '2013-10-23', 21, 2, 18, 'Loan '),
(594, 37, 50, '2013-10-23', 21, 2, 18, 'Savings'),
(595, 26, 200, '2013-10-23', 56, 2, 18, 'Loan '),
(596, 26, 50, '2013-10-23', 56, 2, 18, 'Savings'),
(597, 30, 200, '2013-10-23', 60, 2, 18, 'Loan '),
(598, 30, 50, '2013-10-23', 60, 2, 18, 'Savings'),
(599, 27, 200, '2013-10-23', 57, 2, 18, 'Loan '),
(600, 27, 50, '2013-10-23', 57, 2, 18, 'Savings'),
(601, 34, 200, '2013-10-23', 55, 2, 18, 'Loan '),
(602, 34, 50, '2013-10-23', 55, 2, 18, 'Savings'),
(603, 39, 150, '2013-10-23', 23, 2, 18, 'Loan '),
(604, 39, 50, '2013-10-23', 23, 2, 18, 'Savings'),
(605, 32, 200, '2013-10-23', 62, 2, 18, 'Loan '),
(606, 32, 50, '2013-10-23', 62, 2, 18, 'Savings'),
(607, 29, 200, '2013-10-23', 59, 2, 18, 'Loan '),
(608, 29, 50, '2013-10-23', 59, 2, 18, 'Savings'),
(609, 28, 200, '2013-10-23', 58, 2, 18, 'Loan '),
(610, 28, 50, '2013-10-23', 58, 2, 18, 'Savings'),
(611, 22, 200, '2013-10-30', 51, 2, 18, 'Loan '),
(612, 22, 50, '2013-10-30', 51, 2, 18, 'Savings'),
(613, 20, 200, '2013-10-30', 49, 2, 18, 'Loan '),
(614, 20, 50, '2013-10-30', 49, 2, 18, 'Savings'),
(615, 35, 150, '2013-10-30', 19, 2, 18, 'Loan '),
(616, 35, 50, '2013-10-30', 19, 2, 18, 'Savings'),
(617, 17, 200, '2013-10-30', 46, 2, 18, 'Loan '),
(618, 17, 50, '2013-10-30', 46, 2, 18, 'Savings'),
(619, 36, 150, '2013-10-30', 20, 2, 18, 'Loan '),
(620, 36, 50, '2013-10-30', 20, 2, 18, 'Savings'),
(621, 24, 200, '2013-10-30', 53, 2, 18, 'Loan '),
(622, 24, 50, '2013-10-30', 53, 2, 18, 'Savings'),
(623, 18, 200, '2013-10-30', 48, 2, 18, 'Loan '),
(624, 18, 50, '2013-10-30', 48, 2, 18, 'Savings'),
(625, 33, 150, '2013-10-30', 18, 2, 18, 'Loan '),
(626, 33, 50, '2013-10-30', 18, 2, 18, 'Savings'),
(627, 19, 200, '2013-10-30', 47, 2, 18, 'Loan '),
(628, 19, 50, '2013-10-30', 47, 2, 18, 'Savings'),
(629, 21, 200, '2013-10-30', 50, 2, 18, 'Loan '),
(630, 21, 50, '2013-10-30', 50, 2, 18, 'Savings'),
(631, 23, 200, '2013-10-30', 52, 2, 18, 'Loan '),
(632, 23, 50, '2013-10-30', 52, 2, 18, 'Savings'),
(633, 38, 150, '2013-10-30', 22, 2, 18, 'Loan '),
(634, 38, 50, '2013-10-30', 22, 2, 18, 'Savings'),
(635, 25, 200, '2013-10-30', 54, 2, 18, 'Loan '),
(636, 25, 50, '2013-10-30', 54, 2, 18, 'Savings'),
(637, 31, 200, '2013-10-30', 61, 2, 18, 'Loan '),
(638, 31, 50, '2013-10-30', 61, 2, 18, 'Savings'),
(639, 37, 150, '2013-10-30', 21, 2, 18, 'Loan '),
(640, 37, 50, '2013-10-30', 21, 2, 18, 'Savings'),
(641, 26, 200, '2013-10-30', 56, 2, 18, 'Loan '),
(642, 26, 50, '2013-10-30', 56, 2, 18, 'Savings'),
(643, 30, 200, '2013-10-30', 60, 2, 18, 'Loan '),
(644, 30, 50, '2013-10-30', 60, 2, 18, 'Savings'),
(645, 27, 200, '2013-10-30', 57, 2, 18, 'Loan '),
(646, 27, 50, '2013-10-30', 57, 2, 18, 'Savings'),
(647, 34, 200, '2013-10-30', 55, 2, 18, 'Loan '),
(648, 34, 50, '2013-10-30', 55, 2, 18, 'Savings'),
(649, 39, 150, '2013-10-30', 23, 2, 18, 'Loan '),
(650, 39, 50, '2013-10-30', 23, 2, 18, 'Savings'),
(651, 32, 200, '2013-10-30', 62, 2, 18, 'Loan '),
(652, 32, 50, '2013-10-30', 62, 2, 18, 'Savings'),
(653, 29, 200, '2013-10-30', 59, 2, 18, 'Loan '),
(654, 29, 50, '2013-10-30', 59, 2, 18, 'Savings'),
(655, 28, 200, '2013-10-30', 58, 2, 18, 'Loan '),
(656, 28, 50, '2013-10-30', 58, 2, 18, 'Savings'),
(657, 22, 200, '2013-11-06', 51, 2, 18, 'Loan '),
(658, 22, 50, '2013-11-06', 51, 2, 18, 'Savings'),
(659, 20, 200, '2013-11-06', 49, 2, 18, 'Loan '),
(660, 20, 50, '2013-11-06', 49, 2, 18, 'Savings'),
(661, 35, 150, '2013-11-06', 19, 2, 18, 'Loan '),
(662, 35, 50, '2013-11-06', 19, 2, 18, 'Savings'),
(663, 17, 200, '2013-11-06', 46, 2, 18, 'Loan '),
(664, 17, 50, '2013-11-06', 46, 2, 18, 'Savings'),
(665, 36, 150, '2013-11-06', 20, 2, 18, 'Loan '),
(666, 36, 50, '2013-11-06', 20, 2, 18, 'Savings'),
(667, 24, 200, '2013-11-06', 53, 2, 18, 'Loan '),
(668, 24, 50, '2013-11-06', 53, 2, 18, 'Savings'),
(669, 18, 200, '2013-11-06', 48, 2, 18, 'Loan '),
(670, 18, 50, '2013-11-06', 48, 2, 18, 'Savings'),
(671, 33, 150, '2013-11-06', 18, 2, 18, 'Loan '),
(672, 33, 50, '2013-11-06', 18, 2, 18, 'Savings'),
(673, 19, 200, '2013-11-06', 47, 2, 18, 'Loan '),
(674, 19, 50, '2013-11-06', 47, 2, 18, 'Savings'),
(675, 21, 200, '2013-11-06', 50, 2, 18, 'Loan '),
(676, 21, 50, '2013-11-06', 50, 2, 18, 'Savings'),
(677, 23, 200, '2013-11-06', 52, 2, 18, 'Loan '),
(678, 23, 50, '2013-11-06', 52, 2, 18, 'Savings'),
(679, 38, 150, '2013-11-06', 22, 2, 18, 'Loan '),
(680, 38, 50, '2013-11-06', 22, 2, 18, 'Savings'),
(681, 25, 200, '2013-11-06', 54, 2, 18, 'Loan '),
(682, 25, 50, '2013-11-06', 54, 2, 18, 'Savings'),
(683, 31, 200, '2013-11-06', 61, 2, 18, 'Loan '),
(684, 31, 50, '2013-11-06', 61, 2, 18, 'Savings'),
(685, 37, 150, '2013-11-06', 21, 2, 18, 'Loan '),
(686, 37, 50, '2013-11-06', 21, 2, 18, 'Savings'),
(687, 26, 200, '2013-11-06', 56, 2, 18, 'Loan '),
(688, 26, 50, '2013-11-06', 56, 2, 18, 'Savings'),
(689, 30, 200, '2013-11-06', 60, 2, 18, 'Loan '),
(690, 30, 50, '2013-11-06', 60, 2, 18, 'Savings'),
(691, 27, 200, '2013-11-06', 57, 2, 18, 'Loan '),
(692, 27, 50, '2013-11-06', 57, 2, 18, 'Savings'),
(693, 34, 200, '2013-11-06', 55, 2, 18, 'Loan '),
(694, 34, 50, '2013-11-06', 55, 2, 18, 'Savings'),
(695, 39, 150, '2013-11-06', 23, 2, 18, 'Loan '),
(696, 39, 50, '2013-11-06', 23, 2, 18, 'Savings'),
(697, 32, 200, '2013-11-06', 62, 2, 18, 'Loan '),
(698, 32, 50, '2013-11-06', 62, 2, 18, 'Savings'),
(699, 29, 200, '2013-11-06', 59, 2, 18, 'Loan '),
(700, 29, 50, '2013-11-06', 59, 2, 18, 'Savings'),
(701, 28, 200, '2013-11-06', 58, 2, 18, 'Loan '),
(702, 28, 50, '2013-11-06', 58, 2, 18, 'Savings'),
(703, 22, 200, '2013-11-13', 51, 2, 18, 'Loan '),
(704, 22, 50, '2013-11-13', 51, 2, 18, 'Savings'),
(705, 20, 200, '2013-11-13', 49, 2, 18, 'Loan '),
(706, 20, 50, '2013-11-13', 49, 2, 18, 'Savings'),
(707, 35, 150, '2013-11-13', 19, 2, 18, 'Loan '),
(708, 35, 50, '2013-11-13', 19, 2, 18, 'Savings'),
(709, 17, 200, '2013-11-13', 46, 2, 18, 'Loan '),
(710, 17, 50, '2013-11-13', 46, 2, 18, 'Savings'),
(711, 36, 150, '2013-11-13', 20, 2, 18, 'Loan '),
(712, 36, 50, '2013-11-13', 20, 2, 18, 'Savings'),
(713, 24, 200, '2013-11-13', 53, 2, 18, 'Loan '),
(714, 24, 50, '2013-11-13', 53, 2, 18, 'Savings'),
(715, 18, 200, '2013-11-13', 48, 2, 18, 'Loan '),
(716, 18, 50, '2013-11-13', 48, 2, 18, 'Savings'),
(717, 33, 150, '2013-11-13', 18, 2, 18, 'Loan '),
(718, 33, 50, '2013-11-13', 18, 2, 18, 'Savings'),
(719, 19, 200, '2013-11-13', 47, 2, 18, 'Loan '),
(720, 19, 50, '2013-11-13', 47, 2, 18, 'Savings'),
(721, 21, 200, '2013-11-13', 50, 2, 18, 'Loan '),
(722, 21, 50, '2013-11-13', 50, 2, 18, 'Savings'),
(723, 23, 200, '2013-11-13', 52, 2, 18, 'Loan '),
(724, 23, 50, '2013-11-13', 52, 2, 18, 'Savings'),
(725, 38, 150, '2013-11-13', 22, 2, 18, 'Loan '),
(726, 38, 50, '2013-11-13', 22, 2, 18, 'Savings'),
(727, 25, 200, '2013-11-13', 54, 2, 18, 'Loan '),
(728, 25, 50, '2013-11-13', 54, 2, 18, 'Savings'),
(729, 31, 200, '2013-11-13', 61, 2, 18, 'Loan '),
(730, 31, 50, '2013-11-13', 61, 2, 18, 'Savings'),
(731, 37, 150, '2013-11-13', 21, 2, 18, 'Loan '),
(732, 37, 50, '2013-11-13', 21, 2, 18, 'Savings'),
(733, 26, 200, '2013-11-13', 56, 2, 18, 'Loan '),
(734, 26, 50, '2013-11-13', 56, 2, 18, 'Savings'),
(735, 30, 200, '2013-11-13', 60, 2, 18, 'Loan '),
(736, 30, 50, '2013-11-13', 60, 2, 18, 'Savings'),
(737, 27, 200, '2013-11-13', 57, 2, 18, 'Loan '),
(738, 27, 50, '2013-11-13', 57, 2, 18, 'Savings'),
(739, 34, 200, '2013-11-13', 55, 2, 18, 'Loan '),
(740, 34, 50, '2013-11-13', 55, 2, 18, 'Savings'),
(741, 39, 150, '2013-11-13', 23, 2, 18, 'Loan '),
(742, 39, 50, '2013-11-13', 23, 2, 18, 'Savings'),
(743, 32, 200, '2013-11-13', 62, 2, 18, 'Loan '),
(744, 32, 50, '2013-11-13', 62, 2, 18, 'Savings'),
(745, 29, 200, '2013-11-13', 59, 2, 18, 'Loan '),
(746, 29, 50, '2013-11-13', 59, 2, 18, 'Savings'),
(747, 28, 200, '2013-11-13', 58, 2, 18, 'Loan '),
(748, 28, 50, '2013-11-13', 58, 2, 18, 'Savings'),
(749, 22, 200, '2013-11-20', 51, 2, 18, 'Loan '),
(750, 22, 50, '2013-11-20', 51, 2, 18, 'Savings'),
(751, 20, 200, '2013-11-20', 49, 2, 18, 'Loan '),
(752, 20, 50, '2013-11-20', 49, 2, 18, 'Savings'),
(753, 35, 150, '2013-11-20', 19, 2, 18, 'Loan '),
(754, 35, 50, '2013-11-20', 19, 2, 18, 'Savings'),
(755, 17, 200, '2013-11-20', 46, 2, 18, 'Loan '),
(756, 17, 50, '2013-11-20', 46, 2, 18, 'Savings'),
(757, 36, 150, '2013-11-20', 20, 2, 18, 'Loan '),
(758, 36, 50, '2013-11-20', 20, 2, 18, 'Savings'),
(759, 24, 200, '2013-11-20', 53, 2, 18, 'Loan '),
(760, 24, 50, '2013-11-20', 53, 2, 18, 'Savings'),
(761, 18, 200, '2013-11-20', 48, 2, 18, 'Loan '),
(762, 18, 50, '2013-11-20', 48, 2, 18, 'Savings'),
(763, 33, 150, '2013-11-20', 18, 2, 18, 'Loan '),
(764, 33, 50, '2013-11-20', 18, 2, 18, 'Savings'),
(765, 19, 200, '2013-11-20', 47, 2, 18, 'Loan '),
(766, 19, 50, '2013-11-20', 47, 2, 18, 'Savings'),
(767, 21, 200, '2013-11-20', 50, 2, 18, 'Loan '),
(768, 21, 50, '2013-11-20', 50, 2, 18, 'Savings'),
(769, 23, 200, '2013-11-20', 52, 2, 18, 'Loan '),
(770, 23, 50, '2013-11-20', 52, 2, 18, 'Savings'),
(771, 38, 150, '2013-11-20', 22, 2, 18, 'Loan '),
(772, 38, 50, '2013-11-20', 22, 2, 18, 'Savings'),
(773, 25, 200, '2013-11-20', 54, 2, 18, 'Loan '),
(774, 25, 50, '2013-11-20', 54, 2, 18, 'Savings'),
(775, 31, 200, '2013-11-20', 61, 2, 18, 'Loan '),
(776, 31, 50, '2013-11-20', 61, 2, 18, 'Savings'),
(777, 37, 150, '2013-11-20', 21, 2, 18, 'Loan '),
(778, 37, 50, '2013-11-20', 21, 2, 18, 'Savings'),
(779, 26, 200, '2013-11-20', 56, 2, 18, 'Loan '),
(780, 26, 50, '2013-11-20', 56, 2, 18, 'Savings'),
(781, 30, 200, '2013-11-20', 60, 2, 18, 'Loan '),
(782, 30, 50, '2013-11-20', 60, 2, 18, 'Savings'),
(783, 27, 200, '2013-11-20', 57, 2, 18, 'Loan '),
(784, 27, 50, '2013-11-20', 57, 2, 18, 'Savings'),
(785, 34, 200, '2013-11-20', 55, 2, 18, 'Loan '),
(786, 34, 50, '2013-11-20', 55, 2, 18, 'Savings'),
(787, 39, 150, '2013-11-20', 23, 2, 18, 'Loan '),
(788, 39, 50, '2013-11-20', 23, 2, 18, 'Savings'),
(789, 32, 200, '2013-11-20', 62, 2, 18, 'Loan '),
(790, 32, 50, '2013-11-20', 62, 2, 18, 'Savings'),
(791, 29, 200, '2013-11-20', 59, 2, 18, 'Loan '),
(792, 29, 50, '2013-11-20', 59, 2, 18, 'Savings'),
(793, 28, 200, '2013-11-20', 58, 2, 18, 'Loan '),
(794, 28, 50, '2013-11-20', 58, 2, 18, 'Savings'),
(795, 22, 200, '2013-11-27', 51, 2, 18, 'Loan '),
(796, 22, 50, '2013-11-27', 51, 2, 18, 'Savings'),
(797, 20, 200, '2013-11-27', 49, 2, 18, 'Loan '),
(798, 20, 50, '2013-11-27', 49, 2, 18, 'Savings'),
(799, 35, 150, '2013-11-27', 19, 2, 18, 'Loan '),
(800, 35, 50, '2013-11-27', 19, 2, 18, 'Savings'),
(801, 17, 200, '2013-11-27', 46, 2, 18, 'Loan '),
(802, 17, 50, '2013-11-27', 46, 2, 18, 'Savings'),
(803, 36, 150, '2013-11-27', 20, 2, 18, 'Loan '),
(804, 36, 50, '2013-11-27', 20, 2, 18, 'Savings'),
(805, 24, 200, '2013-11-27', 53, 2, 18, 'Loan '),
(806, 24, 50, '2013-11-27', 53, 2, 18, 'Savings'),
(807, 18, 200, '2013-11-27', 48, 2, 18, 'Loan '),
(808, 18, 50, '2013-11-27', 48, 2, 18, 'Savings'),
(809, 33, 150, '2013-11-27', 18, 2, 18, 'Loan '),
(810, 33, 50, '2013-11-27', 18, 2, 18, 'Savings'),
(811, 19, 200, '2013-11-27', 47, 2, 18, 'Loan '),
(812, 19, 50, '2013-11-27', 47, 2, 18, 'Savings'),
(813, 21, 200, '2013-11-27', 50, 2, 18, 'Loan '),
(814, 21, 50, '2013-11-27', 50, 2, 18, 'Savings'),
(815, 23, 200, '2013-11-27', 52, 2, 18, 'Loan '),
(816, 23, 50, '2013-11-27', 52, 2, 18, 'Savings'),
(817, 38, 150, '2013-11-27', 22, 2, 18, 'Loan '),
(818, 38, 50, '2013-11-27', 22, 2, 18, 'Savings'),
(819, 25, 200, '2013-11-27', 54, 2, 18, 'Loan '),
(820, 25, 50, '2013-11-27', 54, 2, 18, 'Savings'),
(821, 31, 200, '2013-11-27', 61, 2, 18, 'Loan '),
(822, 31, 50, '2013-11-27', 61, 2, 18, 'Savings'),
(823, 37, 150, '2013-11-27', 21, 2, 18, 'Loan '),
(824, 37, 50, '2013-11-27', 21, 2, 18, 'Savings'),
(825, 26, 200, '2013-11-27', 56, 2, 18, 'Loan '),
(826, 26, 50, '2013-11-27', 56, 2, 18, 'Savings'),
(827, 30, 200, '2013-11-27', 60, 2, 18, 'Loan '),
(828, 30, 50, '2013-11-27', 60, 2, 18, 'Savings'),
(829, 27, 200, '2013-11-27', 57, 2, 18, 'Loan '),
(830, 27, 50, '2013-11-27', 57, 2, 18, 'Savings'),
(831, 34, 200, '2013-11-27', 55, 2, 18, 'Loan '),
(832, 34, 50, '2013-11-27', 55, 2, 18, 'Savings'),
(833, 39, 150, '2013-11-27', 23, 2, 18, 'Loan '),
(834, 39, 50, '2013-11-27', 23, 2, 18, 'Savings'),
(835, 32, 200, '2013-11-27', 62, 2, 18, 'Loan '),
(836, 32, 50, '2013-11-27', 62, 2, 18, 'Savings'),
(837, 29, 200, '2013-11-27', 59, 2, 18, 'Loan '),
(838, 29, 50, '2013-11-27', 59, 2, 18, 'Savings'),
(839, 28, 200, '2013-11-27', 58, 2, 18, 'Loan '),
(840, 28, 50, '2013-11-27', 58, 2, 18, 'Savings'),
(841, 22, 200, '2013-12-04', 51, 2, 18, 'Loan '),
(842, 22, 50, '2013-12-04', 51, 2, 18, 'Savings'),
(843, 20, 200, '2013-12-04', 49, 2, 18, 'Loan '),
(844, 20, 50, '2013-12-04', 49, 2, 18, 'Savings'),
(845, 35, 150, '2013-12-04', 19, 2, 18, 'Loan '),
(846, 35, 50, '2013-12-04', 19, 2, 18, 'Savings'),
(847, 17, 200, '2013-12-04', 46, 2, 18, 'Loan '),
(848, 17, 50, '2013-12-04', 46, 2, 18, 'Savings'),
(849, 36, 150, '2013-12-04', 20, 2, 18, 'Loan '),
(850, 36, 50, '2013-12-04', 20, 2, 18, 'Savings'),
(851, 24, 200, '2013-12-04', 53, 2, 18, 'Loan '),
(852, 24, 50, '2013-12-04', 53, 2, 18, 'Savings'),
(853, 18, 200, '2013-12-04', 48, 2, 18, 'Loan '),
(854, 18, 50, '2013-12-04', 48, 2, 18, 'Savings'),
(855, 33, 150, '2013-12-04', 18, 2, 18, 'Loan '),
(856, 33, 50, '2013-12-04', 18, 2, 18, 'Savings'),
(857, 19, 200, '2013-12-04', 47, 2, 18, 'Loan '),
(858, 19, 50, '2013-12-04', 47, 2, 18, 'Savings'),
(859, 21, 200, '2013-12-04', 50, 2, 18, 'Loan '),
(860, 21, 50, '2013-12-04', 50, 2, 18, 'Savings'),
(861, 23, 200, '2013-12-04', 52, 2, 18, 'Loan '),
(862, 23, 50, '2013-12-04', 52, 2, 18, 'Savings'),
(863, 38, 150, '2013-12-04', 22, 2, 18, 'Loan '),
(864, 38, 50, '2013-12-04', 22, 2, 18, 'Savings'),
(865, 25, 200, '2013-12-04', 54, 2, 18, 'Loan '),
(866, 25, 50, '2013-12-04', 54, 2, 18, 'Savings'),
(867, 31, 200, '2013-12-04', 61, 2, 18, 'Loan '),
(868, 31, 50, '2013-12-04', 61, 2, 18, 'Savings'),
(869, 37, 150, '2013-12-04', 21, 2, 18, 'Loan '),
(870, 37, 50, '2013-12-04', 21, 2, 18, 'Savings'),
(871, 26, 200, '2013-12-04', 56, 2, 18, 'Loan '),
(872, 26, 50, '2013-12-04', 56, 2, 18, 'Savings'),
(873, 30, 200, '2013-12-04', 60, 2, 18, 'Loan '),
(874, 30, 50, '2013-12-04', 60, 2, 18, 'Savings'),
(875, 27, 200, '2013-12-04', 57, 2, 18, 'Loan '),
(876, 27, 50, '2013-12-04', 57, 2, 18, 'Savings'),
(877, 34, 200, '2013-12-04', 55, 2, 18, 'Loan '),
(878, 34, 50, '2013-12-04', 55, 2, 18, 'Savings'),
(879, 39, 150, '2013-12-04', 23, 2, 18, 'Loan '),
(880, 39, 50, '2013-12-04', 23, 2, 18, 'Savings'),
(881, 32, 200, '2013-12-04', 62, 2, 18, 'Loan '),
(882, 32, 50, '2013-12-04', 62, 2, 18, 'Savings'),
(883, 29, 200, '2013-12-04', 59, 2, 18, 'Loan '),
(884, 29, 50, '2013-12-04', 59, 2, 18, 'Savings'),
(885, 28, 200, '2013-12-04', 58, 2, 18, 'Loan '),
(886, 28, 50, '2013-12-04', 58, 2, 18, 'Savings'),
(887, 22, 200, '2013-12-11', 51, 2, 18, 'Loan '),
(888, 22, 50, '2013-12-11', 51, 2, 18, 'Savings'),
(889, 20, 200, '2013-12-11', 49, 2, 18, 'Loan '),
(890, 20, 50, '2013-12-11', 49, 2, 18, 'Savings'),
(891, 35, 150, '2013-12-11', 19, 2, 18, 'Loan '),
(892, 35, 50, '2013-12-11', 19, 2, 18, 'Savings'),
(893, 17, 200, '2013-12-11', 46, 2, 18, 'Loan '),
(894, 17, 50, '2013-12-11', 46, 2, 18, 'Savings'),
(895, 36, 150, '2013-12-11', 20, 2, 18, 'Loan '),
(896, 36, 50, '2013-12-11', 20, 2, 18, 'Savings'),
(897, 24, 200, '2013-12-11', 53, 2, 18, 'Loan '),
(898, 24, 50, '2013-12-11', 53, 2, 18, 'Savings'),
(899, 18, 200, '2013-12-11', 48, 2, 18, 'Loan '),
(900, 18, 50, '2013-12-11', 48, 2, 18, 'Savings'),
(901, 33, 150, '2013-12-11', 18, 2, 18, 'Loan '),
(902, 33, 50, '2013-12-11', 18, 2, 18, 'Savings'),
(903, 19, 200, '2013-12-11', 47, 2, 18, 'Loan '),
(904, 19, 50, '2013-12-11', 47, 2, 18, 'Savings'),
(905, 21, 200, '2013-12-11', 50, 2, 18, 'Loan '),
(906, 21, 50, '2013-12-11', 50, 2, 18, 'Savings'),
(907, 23, 200, '2013-12-11', 52, 2, 18, 'Loan '),
(908, 23, 50, '2013-12-11', 52, 2, 18, 'Savings'),
(909, 38, 150, '2013-12-11', 22, 2, 18, 'Loan '),
(910, 38, 50, '2013-12-11', 22, 2, 18, 'Savings'),
(911, 25, 200, '2013-12-11', 54, 2, 18, 'Loan '),
(912, 25, 50, '2013-12-11', 54, 2, 18, 'Savings'),
(913, 31, 200, '2013-12-11', 61, 2, 18, 'Loan '),
(914, 31, 50, '2013-12-11', 61, 2, 18, 'Savings'),
(915, 37, 150, '2013-12-11', 21, 2, 18, 'Loan '),
(916, 37, 50, '2013-12-11', 21, 2, 18, 'Savings'),
(917, 26, 200, '2013-12-11', 56, 2, 18, 'Loan '),
(918, 26, 50, '2013-12-11', 56, 2, 18, 'Savings'),
(919, 30, 200, '2013-12-11', 60, 2, 18, 'Loan '),
(920, 30, 50, '2013-12-11', 60, 2, 18, 'Savings'),
(921, 27, 200, '2013-12-11', 57, 2, 18, 'Loan '),
(922, 27, 50, '2013-12-11', 57, 2, 18, 'Savings'),
(923, 34, 200, '2013-12-11', 55, 2, 18, 'Loan '),
(924, 34, 50, '2013-12-11', 55, 2, 18, 'Savings'),
(925, 39, 150, '2013-12-11', 23, 2, 18, 'Loan '),
(926, 39, 50, '2013-12-11', 23, 2, 18, 'Savings'),
(927, 32, 200, '2013-12-11', 62, 2, 18, 'Loan '),
(928, 32, 50, '2013-12-11', 62, 2, 18, 'Savings'),
(929, 29, 200, '2013-12-11', 59, 2, 18, 'Loan '),
(930, 29, 50, '2013-12-11', 59, 2, 18, 'Savings'),
(931, 28, 200, '2013-12-11', 58, 2, 18, 'Loan '),
(932, 28, 50, '2013-12-11', 58, 2, 18, 'Savings'),
(933, 22, 200, '2013-12-18', 51, 2, 18, 'Loan '),
(934, 22, 50, '2013-12-18', 51, 2, 18, 'Savings'),
(935, 20, 200, '2013-12-18', 49, 2, 18, 'Loan '),
(936, 20, 50, '2013-12-18', 49, 2, 18, 'Savings'),
(937, 35, 150, '2013-12-18', 19, 2, 18, 'Loan '),
(938, 35, 50, '2013-12-18', 19, 2, 18, 'Savings'),
(939, 17, 200, '2013-12-18', 46, 2, 18, 'Loan '),
(940, 17, 50, '2013-12-18', 46, 2, 18, 'Savings'),
(941, 36, 150, '2013-12-18', 20, 2, 18, 'Loan '),
(942, 36, 50, '2013-12-18', 20, 2, 18, 'Savings'),
(943, 24, 200, '2013-12-18', 53, 2, 18, 'Loan '),
(944, 24, 50, '2013-12-18', 53, 2, 18, 'Savings'),
(945, 18, 200, '2013-12-18', 48, 2, 18, 'Loan '),
(946, 18, 50, '2013-12-18', 48, 2, 18, 'Savings'),
(947, 33, 150, '2013-12-18', 18, 2, 18, 'Loan '),
(948, 33, 50, '2013-12-18', 18, 2, 18, 'Savings'),
(949, 19, 200, '2013-12-18', 47, 2, 18, 'Loan '),
(950, 19, 50, '2013-12-18', 47, 2, 18, 'Savings'),
(951, 21, 200, '2013-12-18', 50, 2, 18, 'Loan '),
(952, 21, 50, '2013-12-18', 50, 2, 18, 'Savings'),
(953, 23, 200, '2013-12-18', 52, 2, 18, 'Loan '),
(954, 23, 50, '2013-12-18', 52, 2, 18, 'Savings'),
(955, 38, 150, '2013-12-18', 22, 2, 18, 'Loan '),
(956, 38, 50, '2013-12-18', 22, 2, 18, 'Savings'),
(957, 25, 200, '2013-12-18', 54, 2, 18, 'Loan '),
(958, 25, 50, '2013-12-18', 54, 2, 18, 'Savings'),
(959, 31, 200, '2013-12-18', 61, 2, 18, 'Loan '),
(960, 31, 50, '2013-12-18', 61, 2, 18, 'Savings'),
(961, 37, 150, '2013-12-18', 21, 2, 18, 'Loan '),
(962, 37, 50, '2013-12-18', 21, 2, 18, 'Savings'),
(963, 26, 200, '2013-12-18', 56, 2, 18, 'Loan '),
(964, 26, 50, '2013-12-18', 56, 2, 18, 'Savings'),
(965, 30, 200, '2013-12-18', 60, 2, 18, 'Loan '),
(966, 30, 50, '2013-12-18', 60, 2, 18, 'Savings'),
(967, 27, 200, '2013-12-18', 57, 2, 18, 'Loan '),
(968, 27, 50, '2013-12-18', 57, 2, 18, 'Savings'),
(969, 34, 200, '2013-12-18', 55, 2, 18, 'Loan '),
(970, 34, 50, '2013-12-18', 55, 2, 18, 'Savings'),
(971, 39, 150, '2013-12-18', 23, 2, 18, 'Loan '),
(972, 39, 50, '2013-12-18', 23, 2, 18, 'Savings'),
(973, 32, 200, '2013-12-18', 62, 2, 18, 'Loan '),
(974, 32, 50, '2013-12-18', 62, 2, 18, 'Savings'),
(975, 29, 200, '2013-12-18', 59, 2, 18, 'Loan '),
(976, 29, 50, '2013-12-18', 59, 2, 18, 'Savings'),
(977, 28, 200, '2013-12-18', 58, 2, 18, 'Loan '),
(978, 28, 50, '2013-12-18', 58, 2, 18, 'Savings'),
(979, 22, 200, '2013-12-25', 51, 2, 18, 'Loan '),
(980, 22, 50, '2013-12-25', 51, 2, 18, 'Savings'),
(981, 20, 200, '2013-12-25', 49, 2, 18, 'Loan '),
(982, 20, 50, '2013-12-25', 49, 2, 18, 'Savings'),
(983, 35, 150, '2013-12-25', 19, 2, 18, 'Loan '),
(984, 35, 50, '2013-12-25', 19, 2, 18, 'Savings'),
(985, 17, 200, '2013-12-25', 46, 2, 18, 'Loan '),
(986, 17, 50, '2013-12-25', 46, 2, 18, 'Savings'),
(987, 36, 150, '2013-12-25', 20, 2, 18, 'Loan '),
(988, 36, 50, '2013-12-25', 20, 2, 18, 'Savings'),
(989, 24, 200, '2013-12-25', 53, 2, 18, 'Loan '),
(990, 24, 50, '2013-12-25', 53, 2, 18, 'Savings'),
(991, 18, 200, '2013-12-25', 48, 2, 18, 'Loan '),
(992, 18, 50, '2013-12-25', 48, 2, 18, 'Savings'),
(993, 33, 150, '2013-12-25', 18, 2, 18, 'Loan '),
(994, 33, 50, '2013-12-25', 18, 2, 18, 'Savings'),
(995, 19, 200, '2013-12-25', 47, 2, 18, 'Loan '),
(996, 19, 50, '2013-12-25', 47, 2, 18, 'Savings'),
(997, 21, 200, '2013-12-25', 50, 2, 18, 'Loan '),
(998, 21, 50, '2013-12-25', 50, 2, 18, 'Savings'),
(999, 23, 200, '2013-12-25', 52, 2, 18, 'Loan '),
(1000, 23, 50, '2013-12-25', 52, 2, 18, 'Savings'),
(1001, 38, 150, '2013-12-25', 22, 2, 18, 'Loan '),
(1002, 38, 50, '2013-12-25', 22, 2, 18, 'Savings'),
(1003, 25, 200, '2013-12-25', 54, 2, 18, 'Loan '),
(1004, 25, 50, '2013-12-25', 54, 2, 18, 'Savings'),
(1005, 31, 200, '2013-12-25', 61, 2, 18, 'Loan '),
(1006, 31, 50, '2013-12-25', 61, 2, 18, 'Savings'),
(1007, 37, 150, '2013-12-25', 21, 2, 18, 'Loan '),
(1008, 37, 50, '2013-12-25', 21, 2, 18, 'Savings'),
(1009, 26, 200, '2013-12-25', 56, 2, 18, 'Loan '),
(1010, 26, 50, '2013-12-25', 56, 2, 18, 'Savings'),
(1011, 30, 200, '2013-12-25', 60, 2, 18, 'Loan '),
(1012, 30, 50, '2013-12-25', 60, 2, 18, 'Savings'),
(1013, 27, 200, '2013-12-25', 57, 2, 18, 'Loan '),
(1014, 27, 50, '2013-12-25', 57, 2, 18, 'Savings'),
(1015, 34, 200, '2013-12-25', 55, 2, 18, 'Loan '),
(1016, 34, 50, '2013-12-25', 55, 2, 18, 'Savings'),
(1017, 39, 150, '2013-12-25', 23, 2, 18, 'Loan '),
(1018, 39, 50, '2013-12-25', 23, 2, 18, 'Savings'),
(1019, 32, 200, '2013-12-25', 62, 2, 18, 'Loan '),
(1020, 32, 50, '2013-12-25', 62, 2, 18, 'Savings'),
(1021, 29, 200, '2013-12-25', 59, 2, 18, 'Loan '),
(1022, 29, 50, '2013-12-25', 59, 2, 18, 'Savings'),
(1023, 28, 200, '2013-12-25', 58, 2, 18, 'Loan '),
(1024, 28, 50, '2013-12-25', 58, 2, 18, 'Savings'),
(1025, 22, 200, '2014-01-01', 51, 2, 18, 'Loan '),
(1026, 22, 50, '2014-01-01', 51, 2, 18, 'Savings'),
(1027, 20, 200, '2014-01-01', 49, 2, 18, 'Loan ');
INSERT INTO `transaction` (`ControlNo`, `LoanAppControlNo`, `Amount`, `DateTime`, `Members_ControlNo`, `Passbook_ControlNo`, `CaritasPersonnel_ControlNo`, `TransactionType`) VALUES
(1028, 20, 50, '2014-01-01', 49, 2, 18, 'Savings'),
(1029, 35, 150, '2014-01-01', 19, 2, 18, 'Loan '),
(1030, 35, 50, '2014-01-01', 19, 2, 18, 'Savings'),
(1031, 17, 200, '2014-01-01', 46, 2, 18, 'Loan '),
(1032, 17, 50, '2014-01-01', 46, 2, 18, 'Savings'),
(1033, 36, 150, '2014-01-01', 20, 2, 18, 'Loan '),
(1034, 36, 50, '2014-01-01', 20, 2, 18, 'Savings'),
(1035, 24, 200, '2014-01-01', 53, 2, 18, 'Loan '),
(1036, 24, 50, '2014-01-01', 53, 2, 18, 'Savings'),
(1037, 18, 200, '2014-01-01', 48, 2, 18, 'Loan '),
(1038, 18, 50, '2014-01-01', 48, 2, 18, 'Savings'),
(1039, 33, 150, '2014-01-01', 18, 2, 18, 'Loan '),
(1040, 33, 50, '2014-01-01', 18, 2, 18, 'Savings'),
(1041, 19, 200, '2014-01-01', 47, 2, 18, 'Loan '),
(1042, 19, 50, '2014-01-01', 47, 2, 18, 'Savings'),
(1043, 21, 200, '2014-01-01', 50, 2, 18, 'Loan '),
(1044, 21, 50, '2014-01-01', 50, 2, 18, 'Savings'),
(1045, 23, 200, '2014-01-01', 52, 2, 18, 'Loan '),
(1046, 23, 50, '2014-01-01', 52, 2, 18, 'Savings'),
(1047, 38, 150, '2014-01-01', 22, 2, 18, 'Loan '),
(1048, 38, 50, '2014-01-01', 22, 2, 18, 'Savings'),
(1049, 25, 200, '2014-01-01', 54, 2, 18, 'Loan '),
(1050, 25, 50, '2014-01-01', 54, 2, 18, 'Savings'),
(1051, 31, 200, '2014-01-01', 61, 2, 18, 'Loan '),
(1052, 31, 50, '2014-01-01', 61, 2, 18, 'Savings'),
(1053, 37, 150, '2014-01-01', 21, 2, 18, 'Loan '),
(1054, 37, 50, '2014-01-01', 21, 2, 18, 'Savings'),
(1055, 26, 200, '2014-01-01', 56, 2, 18, 'Loan '),
(1056, 26, 50, '2014-01-01', 56, 2, 18, 'Savings'),
(1057, 30, 200, '2014-01-01', 60, 2, 18, 'Loan '),
(1058, 30, 50, '2014-01-01', 60, 2, 18, 'Savings'),
(1059, 27, 200, '2014-01-01', 57, 2, 18, 'Loan '),
(1060, 27, 50, '2014-01-01', 57, 2, 18, 'Savings'),
(1061, 34, 200, '2014-01-01', 55, 2, 18, 'Loan '),
(1062, 34, 50, '2014-01-01', 55, 2, 18, 'Savings'),
(1063, 39, 150, '2014-01-01', 23, 2, 18, 'Loan '),
(1064, 39, 50, '2014-01-01', 23, 2, 18, 'Savings'),
(1065, 32, 200, '2014-01-01', 62, 2, 18, 'Loan '),
(1066, 32, 50, '2014-01-01', 62, 2, 18, 'Savings'),
(1067, 29, 200, '2014-01-01', 59, 2, 18, 'Loan '),
(1068, 29, 50, '2014-01-01', 59, 2, 18, 'Savings'),
(1069, 28, 200, '2014-01-01', 58, 2, 18, 'Loan '),
(1070, 28, 50, '2014-01-01', 58, 2, 18, 'Savings'),
(1071, 22, 200, '2014-01-08', 51, 2, 18, 'Loan '),
(1072, 22, 50, '2014-01-08', 51, 2, 18, 'Savings'),
(1073, 20, 200, '2014-01-08', 49, 2, 18, 'Loan '),
(1074, 20, 50, '2014-01-08', 49, 2, 18, 'Savings'),
(1075, 35, 150, '2014-01-08', 19, 2, 18, 'Loan '),
(1076, 35, 50, '2014-01-08', 19, 2, 18, 'Savings'),
(1077, 17, 200, '2014-01-08', 46, 2, 18, 'Loan '),
(1078, 17, 50, '2014-01-08', 46, 2, 18, 'Savings'),
(1079, 36, 150, '2014-01-08', 20, 2, 18, 'Loan '),
(1080, 36, 50, '2014-01-08', 20, 2, 18, 'Savings'),
(1081, 24, 200, '2014-01-08', 53, 2, 18, 'Loan '),
(1082, 24, 50, '2014-01-08', 53, 2, 18, 'Savings'),
(1083, 18, 200, '2014-01-08', 48, 2, 18, 'Loan '),
(1084, 18, 50, '2014-01-08', 48, 2, 18, 'Savings'),
(1085, 33, 150, '2014-01-08', 18, 2, 18, 'Loan '),
(1086, 33, 50, '2014-01-08', 18, 2, 18, 'Savings'),
(1087, 19, 200, '2014-01-08', 47, 2, 18, 'Loan '),
(1088, 19, 50, '2014-01-08', 47, 2, 18, 'Savings'),
(1089, 21, 200, '2014-01-08', 50, 2, 18, 'Loan '),
(1090, 21, 50, '2014-01-08', 50, 2, 18, 'Savings'),
(1091, 23, 200, '2014-01-08', 52, 2, 18, 'Loan '),
(1092, 23, 50, '2014-01-08', 52, 2, 18, 'Savings'),
(1093, 38, 150, '2014-01-08', 22, 2, 18, 'Loan '),
(1094, 38, 50, '2014-01-08', 22, 2, 18, 'Savings'),
(1095, 25, 200, '2014-01-08', 54, 2, 18, 'Loan '),
(1096, 25, 50, '2014-01-08', 54, 2, 18, 'Savings'),
(1097, 31, 200, '2014-01-08', 61, 2, 18, 'Loan '),
(1098, 31, 50, '2014-01-08', 61, 2, 18, 'Savings'),
(1099, 37, 150, '2014-01-08', 21, 2, 18, 'Loan '),
(1100, 37, 50, '2014-01-08', 21, 2, 18, 'Savings'),
(1101, 26, 200, '2014-01-08', 56, 2, 18, 'Loan '),
(1102, 26, 50, '2014-01-08', 56, 2, 18, 'Savings'),
(1103, 30, 200, '2014-01-08', 60, 2, 18, 'Loan '),
(1104, 30, 50, '2014-01-08', 60, 2, 18, 'Savings'),
(1105, 27, 200, '2014-01-08', 57, 2, 18, 'Loan '),
(1106, 27, 50, '2014-01-08', 57, 2, 18, 'Savings'),
(1107, 34, 200, '2014-01-08', 55, 2, 18, 'Loan '),
(1108, 34, 50, '2014-01-08', 55, 2, 18, 'Savings'),
(1109, 39, 150, '2014-01-08', 23, 2, 18, 'Loan '),
(1110, 39, 50, '2014-01-08', 23, 2, 18, 'Savings'),
(1111, 32, 200, '2014-01-08', 62, 2, 18, 'Loan '),
(1112, 32, 50, '2014-01-08', 62, 2, 18, 'Savings'),
(1113, 29, 200, '2014-01-08', 59, 2, 18, 'Loan '),
(1114, 29, 50, '2014-01-08', 59, 2, 18, 'Savings'),
(1115, 28, 200, '2014-01-08', 58, 2, 18, 'Loan '),
(1116, 28, 50, '2014-01-08', 58, 2, 18, 'Savings'),
(1117, 22, 200, '2014-01-15', 51, 2, 18, 'Loan '),
(1118, 22, 50, '2014-01-15', 51, 2, 18, 'Savings'),
(1119, 20, 200, '2014-01-15', 49, 2, 18, 'Loan '),
(1120, 20, 50, '2014-01-15', 49, 2, 18, 'Savings'),
(1121, 35, 150, '2014-01-15', 19, 2, 18, 'Loan '),
(1122, 35, 50, '2014-01-15', 19, 2, 18, 'Savings'),
(1123, 17, 200, '2014-01-15', 46, 2, 18, 'Loan '),
(1124, 17, 50, '2014-01-15', 46, 2, 18, 'Savings'),
(1125, 36, 150, '2014-01-15', 20, 2, 18, 'Loan '),
(1126, 36, 50, '2014-01-15', 20, 2, 18, 'Savings'),
(1127, 24, 200, '2014-01-15', 53, 2, 18, 'Loan '),
(1128, 24, 50, '2014-01-15', 53, 2, 18, 'Savings'),
(1129, 18, 200, '2014-01-15', 48, 2, 18, 'Loan '),
(1130, 18, 50, '2014-01-15', 48, 2, 18, 'Savings'),
(1131, 33, 150, '2014-01-15', 18, 2, 18, 'Loan '),
(1132, 33, 50, '2014-01-15', 18, 2, 18, 'Savings'),
(1133, 19, 200, '2014-01-15', 47, 2, 18, 'Loan '),
(1134, 19, 50, '2014-01-15', 47, 2, 18, 'Savings'),
(1135, 21, 200, '2014-01-15', 50, 2, 18, 'Loan '),
(1136, 21, 50, '2014-01-15', 50, 2, 18, 'Savings'),
(1137, 23, 200, '2014-01-15', 52, 2, 18, 'Loan '),
(1138, 23, 50, '2014-01-15', 52, 2, 18, 'Savings'),
(1139, 38, 150, '2014-01-15', 22, 2, 18, 'Loan '),
(1140, 38, 50, '2014-01-15', 22, 2, 18, 'Savings'),
(1141, 25, 200, '2014-01-15', 54, 2, 18, 'Loan '),
(1142, 25, 50, '2014-01-15', 54, 2, 18, 'Savings'),
(1143, 31, 200, '2014-01-15', 61, 2, 18, 'Loan '),
(1144, 31, 50, '2014-01-15', 61, 2, 18, 'Savings'),
(1145, 37, 150, '2014-01-15', 21, 2, 18, 'Loan '),
(1146, 37, 50, '2014-01-15', 21, 2, 18, 'Savings'),
(1147, 26, 200, '2014-01-15', 56, 2, 18, 'Loan '),
(1148, 26, 50, '2014-01-15', 56, 2, 18, 'Savings'),
(1149, 30, 200, '2014-01-15', 60, 2, 18, 'Loan '),
(1150, 30, 50, '2014-01-15', 60, 2, 18, 'Savings'),
(1151, 27, 200, '2014-01-15', 57, 2, 18, 'Loan '),
(1152, 27, 50, '2014-01-15', 57, 2, 18, 'Savings'),
(1153, 34, 200, '2014-01-15', 55, 2, 18, 'Loan '),
(1154, 34, 50, '2014-01-15', 55, 2, 18, 'Savings'),
(1155, 39, 150, '2014-01-15', 23, 2, 18, 'Loan '),
(1156, 39, 50, '2014-01-15', 23, 2, 18, 'Savings'),
(1157, 32, 200, '2014-01-15', 62, 2, 18, 'Loan '),
(1158, 32, 50, '2014-01-15', 62, 2, 18, 'Savings'),
(1159, 29, 200, '2014-01-15', 59, 2, 18, 'Loan '),
(1160, 29, 50, '2014-01-15', 59, 2, 18, 'Savings'),
(1161, 28, 200, '2014-01-15', 58, 2, 18, 'Loan '),
(1162, 28, 50, '2014-01-15', 58, 2, 18, 'Savings'),
(1163, 22, 200, '2014-01-22', 51, 2, 18, 'Loan '),
(1164, 22, 50, '2014-01-22', 51, 2, 18, 'Savings'),
(1165, 20, 200, '2014-01-22', 49, 2, 18, 'Loan '),
(1166, 20, 50, '2014-01-22', 49, 2, 18, 'Savings'),
(1167, 35, 150, '2014-01-22', 19, 2, 18, 'Loan '),
(1168, 35, 50, '2014-01-22', 19, 2, 18, 'Savings'),
(1169, 17, 200, '2014-01-22', 46, 2, 18, 'Loan '),
(1170, 17, 50, '2014-01-22', 46, 2, 18, 'Savings'),
(1171, 36, 150, '2014-01-22', 20, 2, 18, 'Loan '),
(1172, 36, 50, '2014-01-22', 20, 2, 18, 'Savings'),
(1173, 24, 200, '2014-01-22', 53, 2, 18, 'Loan '),
(1174, 24, 50, '2014-01-22', 53, 2, 18, 'Savings'),
(1175, 18, 200, '2014-01-22', 48, 2, 18, 'Loan '),
(1176, 18, 50, '2014-01-22', 48, 2, 18, 'Savings'),
(1177, 33, 150, '2014-01-22', 18, 2, 18, 'Loan '),
(1178, 33, 50, '2014-01-22', 18, 2, 18, 'Savings'),
(1179, 19, 200, '2014-01-22', 47, 2, 18, 'Loan '),
(1180, 19, 50, '2014-01-22', 47, 2, 18, 'Savings'),
(1181, 21, 200, '2014-01-22', 50, 2, 18, 'Loan '),
(1182, 21, 50, '2014-01-22', 50, 2, 18, 'Savings'),
(1183, 23, 200, '2014-01-22', 52, 2, 18, 'Loan '),
(1184, 23, 50, '2014-01-22', 52, 2, 18, 'Savings'),
(1185, 38, 150, '2014-01-22', 22, 2, 18, 'Loan '),
(1186, 38, 50, '2014-01-22', 22, 2, 18, 'Savings'),
(1187, 25, 200, '2014-01-22', 54, 2, 18, 'Loan '),
(1188, 25, 50, '2014-01-22', 54, 2, 18, 'Savings'),
(1189, 31, 200, '2014-01-22', 61, 2, 18, 'Loan '),
(1190, 31, 50, '2014-01-22', 61, 2, 18, 'Savings'),
(1191, 37, 150, '2014-01-22', 21, 2, 18, 'Loan '),
(1192, 37, 50, '2014-01-22', 21, 2, 18, 'Savings'),
(1193, 26, 200, '2014-01-22', 56, 2, 18, 'Loan '),
(1194, 26, 50, '2014-01-22', 56, 2, 18, 'Savings'),
(1195, 30, 200, '2014-01-22', 60, 2, 18, 'Loan '),
(1196, 30, 50, '2014-01-22', 60, 2, 18, 'Savings'),
(1197, 27, 200, '2014-01-22', 57, 2, 18, 'Loan '),
(1198, 27, 50, '2014-01-22', 57, 2, 18, 'Savings'),
(1199, 34, 200, '2014-01-22', 55, 2, 18, 'Loan '),
(1200, 34, 50, '2014-01-22', 55, 2, 18, 'Savings'),
(1201, 39, 150, '2014-01-22', 23, 2, 18, 'Loan '),
(1202, 39, 50, '2014-01-22', 23, 2, 18, 'Savings'),
(1203, 32, 200, '2014-01-22', 62, 2, 18, 'Loan '),
(1204, 32, 50, '2014-01-22', 62, 2, 18, 'Savings'),
(1205, 29, 200, '2014-01-22', 59, 2, 18, 'Loan '),
(1206, 29, 50, '2014-01-22', 59, 2, 18, 'Savings'),
(1207, 28, 200, '2014-01-22', 58, 2, 18, 'Loan '),
(1208, 28, 50, '2014-01-22', 58, 2, 18, 'Savings'),
(1209, 22, 200, '2014-01-29', 51, 2, 18, 'Loan '),
(1210, 22, 50, '2014-01-29', 51, 2, 18, 'Savings'),
(1211, 20, 200, '2014-01-29', 49, 2, 18, 'Loan '),
(1212, 20, 50, '2014-01-29', 49, 2, 18, 'Savings'),
(1213, 35, 150, '2014-01-29', 19, 2, 18, 'Loan '),
(1214, 35, 50, '2014-01-29', 19, 2, 18, 'Savings'),
(1215, 17, 200, '2014-01-29', 46, 2, 18, 'Loan '),
(1216, 17, 50, '2014-01-29', 46, 2, 18, 'Savings'),
(1217, 36, 150, '2014-01-29', 20, 2, 18, 'Loan '),
(1218, 36, 50, '2014-01-29', 20, 2, 18, 'Savings'),
(1219, 24, 200, '2014-01-29', 53, 2, 18, 'Loan '),
(1220, 24, 50, '2014-01-29', 53, 2, 18, 'Savings'),
(1221, 18, 200, '2014-01-29', 48, 2, 18, 'Loan '),
(1222, 18, 50, '2014-01-29', 48, 2, 18, 'Savings'),
(1223, 33, 150, '2014-01-29', 18, 2, 18, 'Loan '),
(1224, 33, 50, '2014-01-29', 18, 2, 18, 'Savings'),
(1225, 19, 200, '2014-01-29', 47, 2, 18, 'Loan '),
(1226, 19, 50, '2014-01-29', 47, 2, 18, 'Savings'),
(1227, 21, 200, '2014-01-29', 50, 2, 18, 'Loan '),
(1228, 21, 50, '2014-01-29', 50, 2, 18, 'Savings'),
(1229, 23, 200, '2014-01-29', 52, 2, 18, 'Loan '),
(1230, 23, 50, '2014-01-29', 52, 2, 18, 'Savings'),
(1231, 38, 150, '2014-01-29', 22, 2, 18, 'Loan '),
(1232, 38, 50, '2014-01-29', 22, 2, 18, 'Savings'),
(1233, 25, 200, '2014-01-29', 54, 2, 18, 'Loan '),
(1234, 25, 50, '2014-01-29', 54, 2, 18, 'Savings'),
(1235, 31, 200, '2014-01-29', 61, 2, 18, 'Loan '),
(1236, 31, 50, '2014-01-29', 61, 2, 18, 'Savings'),
(1237, 37, 150, '2014-01-29', 21, 2, 18, 'Loan '),
(1238, 37, 50, '2014-01-29', 21, 2, 18, 'Savings'),
(1239, 26, 200, '2014-01-29', 56, 2, 18, 'Loan '),
(1240, 26, 50, '2014-01-29', 56, 2, 18, 'Savings'),
(1241, 30, 200, '2014-01-29', 60, 2, 18, 'Loan '),
(1242, 30, 50, '2014-01-29', 60, 2, 18, 'Savings'),
(1243, 27, 200, '2014-01-29', 57, 2, 18, 'Loan '),
(1244, 27, 50, '2014-01-29', 57, 2, 18, 'Savings'),
(1245, 34, 200, '2014-01-29', 55, 2, 18, 'Loan '),
(1246, 34, 50, '2014-01-29', 55, 2, 18, 'Savings'),
(1247, 39, 150, '2014-01-29', 23, 2, 18, 'Loan '),
(1248, 39, 50, '2014-01-29', 23, 2, 18, 'Savings'),
(1249, 32, 200, '2014-01-29', 62, 2, 18, 'Loan '),
(1250, 32, 50, '2014-01-29', 62, 2, 18, 'Savings'),
(1251, 29, 200, '2014-01-29', 59, 2, 18, 'Loan '),
(1252, 29, 50, '2014-01-29', 59, 2, 18, 'Savings'),
(1253, 28, 200, '2014-01-29', 58, 2, 18, 'Loan '),
(1254, 28, 50, '2014-01-29', 58, 2, 18, 'Savings'),
(1255, 22, 200, '2014-02-05', 51, 2, 18, 'Loan '),
(1256, 22, 50, '2014-02-05', 51, 2, 18, 'Savings'),
(1257, 20, 200, '2014-02-05', 49, 2, 18, 'Loan '),
(1258, 20, 50, '2014-02-05', 49, 2, 18, 'Savings'),
(1259, 35, 150, '2014-02-05', 19, 2, 18, 'Loan '),
(1260, 35, 50, '2014-02-05', 19, 2, 18, 'Savings'),
(1261, 17, 200, '2014-02-05', 46, 2, 18, 'Loan '),
(1262, 17, 50, '2014-02-05', 46, 2, 18, 'Savings'),
(1263, 36, 150, '2014-02-05', 20, 2, 18, 'Loan '),
(1264, 36, 50, '2014-02-05', 20, 2, 18, 'Savings'),
(1265, 24, 200, '2014-02-05', 53, 2, 18, 'Loan '),
(1266, 24, 50, '2014-02-05', 53, 2, 18, 'Savings'),
(1267, 18, 200, '2014-02-05', 48, 2, 18, 'Loan '),
(1268, 18, 50, '2014-02-05', 48, 2, 18, 'Savings'),
(1269, 33, 150, '2014-02-05', 18, 2, 18, 'Loan '),
(1270, 33, 50, '2014-02-05', 18, 2, 18, 'Savings'),
(1271, 19, 200, '2014-02-05', 47, 2, 18, 'Loan '),
(1272, 19, 50, '2014-02-05', 47, 2, 18, 'Savings'),
(1273, 21, 200, '2014-02-05', 50, 2, 18, 'Loan '),
(1274, 21, 50, '2014-02-05', 50, 2, 18, 'Savings'),
(1275, 23, 200, '2014-02-05', 52, 2, 18, 'Loan '),
(1276, 23, 50, '2014-02-05', 52, 2, 18, 'Savings'),
(1277, 38, 150, '2014-02-05', 22, 2, 18, 'Loan '),
(1278, 38, 50, '2014-02-05', 22, 2, 18, 'Savings'),
(1279, 25, 200, '2014-02-05', 54, 2, 18, 'Loan '),
(1280, 25, 50, '2014-02-05', 54, 2, 18, 'Savings'),
(1281, 31, 200, '2014-02-05', 61, 2, 18, 'Loan '),
(1282, 31, 50, '2014-02-05', 61, 2, 18, 'Savings'),
(1283, 37, 150, '2014-02-05', 21, 2, 18, 'Loan '),
(1284, 37, 50, '2014-02-05', 21, 2, 18, 'Savings'),
(1285, 26, 200, '2014-02-05', 56, 2, 18, 'Loan '),
(1286, 26, 50, '2014-02-05', 56, 2, 18, 'Savings'),
(1287, 30, 200, '2014-02-05', 60, 2, 18, 'Loan '),
(1288, 30, 50, '2014-02-05', 60, 2, 18, 'Savings'),
(1289, 27, 200, '2014-02-05', 57, 2, 18, 'Loan '),
(1290, 27, 50, '2014-02-05', 57, 2, 18, 'Savings'),
(1291, 34, 200, '2014-02-05', 55, 2, 18, 'Loan '),
(1292, 34, 50, '2014-02-05', 55, 2, 18, 'Savings'),
(1293, 39, 150, '2014-02-05', 23, 2, 18, 'Loan '),
(1294, 39, 50, '2014-02-05', 23, 2, 18, 'Savings'),
(1295, 32, 200, '2014-02-05', 62, 2, 18, 'Loan '),
(1296, 32, 50, '2014-02-05', 62, 2, 18, 'Savings'),
(1297, 29, 200, '2014-02-05', 59, 2, 18, 'Loan '),
(1298, 29, 50, '2014-02-05', 59, 2, 18, 'Savings'),
(1299, 28, 200, '2014-02-05', 58, 2, 18, 'Loan '),
(1300, 28, 50, '2014-02-05', 58, 2, 18, 'Savings'),
(1301, 22, 200, '2014-02-12', 51, 2, 18, 'Loan '),
(1302, 22, 50, '2014-02-12', 51, 2, 18, 'Savings'),
(1303, 20, 200, '2014-02-12', 49, 2, 18, 'Loan '),
(1304, 20, 50, '2014-02-12', 49, 2, 18, 'Savings'),
(1305, 35, 150, '2014-02-12', 19, 2, 18, 'Loan '),
(1306, 35, 50, '2014-02-12', 19, 2, 18, 'Savings'),
(1307, 17, 200, '2014-02-12', 46, 2, 18, 'Loan '),
(1308, 17, 50, '2014-02-12', 46, 2, 18, 'Savings'),
(1309, 36, 150, '2014-02-12', 20, 2, 18, 'Loan '),
(1310, 36, 50, '2014-02-12', 20, 2, 18, 'Savings'),
(1311, 24, 200, '2014-02-12', 53, 2, 18, 'Loan '),
(1312, 24, 50, '2014-02-12', 53, 2, 18, 'Savings'),
(1313, 18, 200, '2014-02-12', 48, 2, 18, 'Loan '),
(1314, 18, 50, '2014-02-12', 48, 2, 18, 'Savings'),
(1315, 33, 150, '2014-02-12', 18, 2, 18, 'Loan '),
(1316, 33, 50, '2014-02-12', 18, 2, 18, 'Savings'),
(1317, 19, 200, '2014-02-12', 47, 2, 18, 'Loan '),
(1318, 19, 50, '2014-02-12', 47, 2, 18, 'Savings'),
(1319, 21, 200, '2014-02-12', 50, 2, 18, 'Loan '),
(1320, 21, 50, '2014-02-12', 50, 2, 18, 'Savings'),
(1321, 23, 200, '2014-02-12', 52, 2, 18, 'Loan '),
(1322, 23, 50, '2014-02-12', 52, 2, 18, 'Savings'),
(1323, 38, 150, '2014-02-12', 22, 2, 18, 'Loan '),
(1324, 38, 50, '2014-02-12', 22, 2, 18, 'Savings'),
(1325, 25, 200, '2014-02-12', 54, 2, 18, 'Loan '),
(1326, 25, 50, '2014-02-12', 54, 2, 18, 'Savings'),
(1327, 31, 200, '2014-02-12', 61, 2, 18, 'Loan '),
(1328, 31, 50, '2014-02-12', 61, 2, 18, 'Savings'),
(1329, 37, 150, '2014-02-12', 21, 2, 18, 'Loan '),
(1330, 37, 50, '2014-02-12', 21, 2, 18, 'Savings'),
(1331, 26, 200, '2014-02-12', 56, 2, 18, 'Loan '),
(1332, 26, 50, '2014-02-12', 56, 2, 18, 'Savings'),
(1333, 30, 200, '2014-02-12', 60, 2, 18, 'Loan '),
(1334, 30, 50, '2014-02-12', 60, 2, 18, 'Savings'),
(1335, 27, 200, '2014-02-12', 57, 2, 18, 'Loan '),
(1336, 27, 50, '2014-02-12', 57, 2, 18, 'Savings'),
(1337, 34, 200, '2014-02-12', 55, 2, 18, 'Loan '),
(1338, 34, 50, '2014-02-12', 55, 2, 18, 'Savings'),
(1339, 39, 150, '2014-02-12', 23, 2, 18, 'Loan '),
(1340, 39, 50, '2014-02-12', 23, 2, 18, 'Savings'),
(1341, 32, 200, '2014-02-12', 62, 2, 18, 'Loan '),
(1342, 32, 50, '2014-02-12', 62, 2, 18, 'Savings'),
(1343, 29, 200, '2014-02-12', 59, 2, 18, 'Loan '),
(1344, 29, 50, '2014-02-12', 59, 2, 18, 'Savings'),
(1345, 28, 200, '2014-02-12', 58, 2, 18, 'Loan '),
(1346, 28, 50, '2014-02-12', 58, 2, 18, 'Savings'),
(1347, 22, 200, '2014-02-19', 51, 2, 18, 'Loan '),
(1348, 22, 50, '2014-02-19', 51, 2, 18, 'Savings'),
(1349, 20, 200, '2014-02-19', 49, 2, 18, 'Loan '),
(1350, 20, 50, '2014-02-19', 49, 2, 18, 'Savings'),
(1351, 35, 150, '2014-02-19', 19, 2, 18, 'Loan '),
(1352, 35, 50, '2014-02-19', 19, 2, 18, 'Savings'),
(1353, 17, 200, '2014-02-19', 46, 2, 18, 'Loan '),
(1354, 17, 50, '2014-02-19', 46, 2, 18, 'Savings'),
(1355, 36, 150, '2014-02-19', 20, 2, 18, 'Loan '),
(1356, 36, 50, '2014-02-19', 20, 2, 18, 'Savings'),
(1357, 24, 200, '2014-02-19', 53, 2, 18, 'Loan '),
(1358, 24, 50, '2014-02-19', 53, 2, 18, 'Savings'),
(1359, 18, 200, '2014-02-19', 48, 2, 18, 'Loan '),
(1360, 18, 50, '2014-02-19', 48, 2, 18, 'Savings'),
(1361, 33, 150, '2014-02-19', 18, 2, 18, 'Loan '),
(1362, 33, 50, '2014-02-19', 18, 2, 18, 'Savings'),
(1363, 19, 200, '2014-02-19', 47, 2, 18, 'Loan '),
(1364, 19, 50, '2014-02-19', 47, 2, 18, 'Savings'),
(1365, 21, 200, '2014-02-19', 50, 2, 18, 'Loan '),
(1366, 21, 50, '2014-02-19', 50, 2, 18, 'Savings'),
(1367, 23, 200, '2014-02-19', 52, 2, 18, 'Loan '),
(1368, 23, 50, '2014-02-19', 52, 2, 18, 'Savings'),
(1369, 38, 150, '2014-02-19', 22, 2, 18, 'Loan '),
(1370, 38, 50, '2014-02-19', 22, 2, 18, 'Savings'),
(1371, 25, 200, '2014-02-19', 54, 2, 18, 'Loan '),
(1372, 25, 50, '2014-02-19', 54, 2, 18, 'Savings'),
(1373, 31, 200, '2014-02-19', 61, 2, 18, 'Loan '),
(1374, 31, 50, '2014-02-19', 61, 2, 18, 'Savings'),
(1375, 37, 150, '2014-02-19', 21, 2, 18, 'Loan '),
(1376, 37, 50, '2014-02-19', 21, 2, 18, 'Savings'),
(1377, 26, 200, '2014-02-19', 56, 2, 18, 'Loan '),
(1378, 26, 50, '2014-02-19', 56, 2, 18, 'Savings'),
(1379, 30, 200, '2014-02-19', 60, 2, 18, 'Loan '),
(1380, 30, 50, '2014-02-19', 60, 2, 18, 'Savings'),
(1381, 27, 200, '2014-02-19', 57, 2, 18, 'Loan '),
(1382, 27, 50, '2014-02-19', 57, 2, 18, 'Savings'),
(1383, 34, 200, '2014-02-19', 55, 2, 18, 'Loan '),
(1384, 34, 50, '2014-02-19', 55, 2, 18, 'Savings'),
(1385, 39, 150, '2014-02-19', 23, 2, 18, 'Loan '),
(1386, 39, 50, '2014-02-19', 23, 2, 18, 'Savings'),
(1387, 32, 200, '2014-02-19', 62, 2, 18, 'Loan '),
(1388, 32, 50, '2014-02-19', 62, 2, 18, 'Savings'),
(1389, 29, 200, '2014-02-19', 59, 2, 18, 'Loan '),
(1390, 29, 50, '2014-02-19', 59, 2, 18, 'Savings'),
(1391, 28, 200, '2014-02-19', 58, 2, 18, 'Loan '),
(1392, 28, 50, '2014-02-19', 58, 2, 18, 'Savings'),
(1393, 22, 200, '2014-02-26', 51, 2, 18, 'Loan '),
(1394, 22, 50, '2014-02-26', 51, 2, 18, 'Savings'),
(1395, 20, 200, '2014-02-26', 49, 2, 18, 'Loan '),
(1396, 20, 50, '2014-02-26', 49, 2, 18, 'Savings'),
(1397, 35, 150, '2014-02-26', 19, 2, 18, 'Loan '),
(1398, 35, 50, '2014-02-26', 19, 2, 18, 'Savings'),
(1399, 17, 200, '2014-02-26', 46, 2, 18, 'Loan '),
(1400, 17, 50, '2014-02-26', 46, 2, 18, 'Savings'),
(1401, 36, 150, '2014-02-26', 20, 2, 18, 'Loan '),
(1402, 36, 50, '2014-02-26', 20, 2, 18, 'Savings'),
(1403, 24, 200, '2014-02-26', 53, 2, 18, 'Loan '),
(1404, 24, 50, '2014-02-26', 53, 2, 18, 'Savings'),
(1405, 18, 200, '2014-02-26', 48, 2, 18, 'Loan '),
(1406, 18, 50, '2014-02-26', 48, 2, 18, 'Savings'),
(1407, 33, 150, '2014-02-26', 18, 2, 18, 'Loan '),
(1408, 33, 50, '2014-02-26', 18, 2, 18, 'Savings'),
(1409, 19, 200, '2014-02-26', 47, 2, 18, 'Loan '),
(1410, 19, 50, '2014-02-26', 47, 2, 18, 'Savings'),
(1411, 21, 200, '2014-02-26', 50, 2, 18, 'Loan '),
(1412, 21, 50, '2014-02-26', 50, 2, 18, 'Savings'),
(1413, 23, 200, '2014-02-26', 52, 2, 18, 'Loan '),
(1414, 23, 50, '2014-02-26', 52, 2, 18, 'Savings'),
(1415, 38, 150, '2014-02-26', 22, 2, 18, 'Loan '),
(1416, 38, 50, '2014-02-26', 22, 2, 18, 'Savings'),
(1417, 25, 200, '2014-02-26', 54, 2, 18, 'Loan '),
(1418, 25, 50, '2014-02-26', 54, 2, 18, 'Savings'),
(1419, 31, 200, '2014-02-26', 61, 2, 18, 'Loan '),
(1420, 31, 50, '2014-02-26', 61, 2, 18, 'Savings'),
(1421, 37, 150, '2014-02-26', 21, 2, 18, 'Loan '),
(1422, 37, 50, '2014-02-26', 21, 2, 18, 'Savings'),
(1423, 26, 200, '2014-02-26', 56, 2, 18, 'Loan '),
(1424, 26, 50, '2014-02-26', 56, 2, 18, 'Savings'),
(1425, 30, 200, '2014-02-26', 60, 2, 18, 'Loan '),
(1426, 30, 50, '2014-02-26', 60, 2, 18, 'Savings'),
(1427, 27, 200, '2014-02-26', 57, 2, 18, 'Loan '),
(1428, 27, 50, '2014-02-26', 57, 2, 18, 'Savings'),
(1429, 34, 200, '2014-02-26', 55, 2, 18, 'Loan '),
(1430, 34, 50, '2014-02-26', 55, 2, 18, 'Savings'),
(1431, 39, 150, '2014-02-26', 23, 2, 18, 'Loan '),
(1432, 39, 50, '2014-02-26', 23, 2, 18, 'Savings'),
(1433, 32, 200, '2014-02-26', 62, 2, 18, 'Loan '),
(1434, 32, 50, '2014-02-26', 62, 2, 18, 'Savings'),
(1435, 29, 200, '2014-02-26', 59, 2, 18, 'Loan '),
(1436, 29, 50, '2014-02-26', 59, 2, 18, 'Savings'),
(1437, 28, 200, '2014-02-26', 58, 2, 18, 'Loan '),
(1438, 28, 50, '2014-02-26', 58, 2, 18, 'Savings'),
(1439, 46, 100, '2014-01-22', 27, 2, 13, 'Capital Share'),
(1440, 52, 100, '2014-01-22', 28, 2, 13, 'Capital Share'),
(1441, 47, 100, '2014-01-22', 29, 2, 13, 'Capital Share'),
(1442, 48, 100, '2014-01-22', 30, 2, 13, 'Capital Share'),
(1443, 49, 100, '2014-01-22', 31, 2, 13, 'Capital Share'),
(1444, 50, 100, '2014-01-22', 32, 2, 13, 'Capital Share'),
(1445, 51, 100, '2014-01-22', 33, 2, 13, 'Capital Share'),
(1446, 53, 100, '2014-01-22', 34, 2, 13, 'Capital Share'),
(1447, 54, 100, '2014-01-22', 35, 2, 13, 'Capital Share'),
(1448, 53, 200, '2014-01-27', 34, 2, 14, 'Loan '),
(1449, 53, 50, '2014-01-27', 34, 2, 14, 'Savings'),
(1450, 52, 200, '2014-01-27', 28, 2, 14, 'Loan '),
(1451, 52, 50, '2014-01-27', 28, 2, 14, 'Savings'),
(1452, 46, 200, '2014-01-27', 27, 2, 14, 'Loan '),
(1453, 46, 50, '2014-01-27', 27, 2, 14, 'Savings'),
(1454, 54, 200, '2014-01-27', 35, 2, 14, 'Loan '),
(1455, 54, 50, '2014-01-27', 35, 2, 14, 'Savings'),
(1456, 8, 200, '2014-01-27', 11, 2, 14, 'Loan '),
(1457, 8, 50, '2014-01-27', 11, 2, 14, 'Savings'),
(1458, 16, 200, '2014-01-27', 13, 2, 14, 'Loan '),
(1459, 16, 50, '2014-01-27', 13, 2, 14, 'Savings'),
(1460, 47, 200, '2014-01-27', 29, 2, 14, 'Loan '),
(1461, 47, 50, '2014-01-27', 29, 2, 14, 'Savings'),
(1462, 49, 200, '2014-01-27', 31, 2, 14, 'Loan '),
(1463, 49, 50, '2014-01-27', 31, 2, 14, 'Savings'),
(1464, 50, 200, '2014-01-27', 32, 2, 14, 'Past Due'),
(1465, 50, 0, '2014-01-27', 32, 2, 14, 'Savings'),
(1466, 48, 200, '2014-01-27', 30, 2, 14, 'Past Due'),
(1467, 48, 0, '2014-01-27', 30, 2, 14, 'Savings'),
(1468, 9, 200, '2014-01-27', 12, 2, 14, 'Past Due'),
(1469, 9, 0, '2014-01-27', 12, 2, 14, 'Savings'),
(1470, 51, 200, '2014-01-27', 33, 2, 14, 'Past Due'),
(1471, 51, 0, '2014-01-27', 33, 2, 14, 'Savings'),
(1472, 0, 50, '2014-01-27', 15, 2, 14, 'Savings'),
(1473, 0, 50, '2014-01-27', 16, 2, 14, 'Savings'),
(1474, 0, 50, '2014-01-27', 17, 2, 14, 'Savings'),
(1475, 0, 50, '2014-01-27', 36, 2, 14, 'Savings'),
(1476, 0, 50, '2014-01-27', 37, 2, 14, 'Savings'),
(1477, 0, 50, '2014-01-27', 38, 2, 14, 'Savings'),
(1478, 0, 50, '2014-01-27', 39, 2, 14, 'Savings'),
(1479, 0, 50, '2014-01-27', 40, 2, 14, 'Savings'),
(1480, 0, 0, '2014-01-27', 41, 2, 14, 'Savings'),
(1481, 0, 0, '2014-01-27', 42, 2, 14, 'Savings'),
(1482, 0, 0, '2014-01-27', 43, 2, 14, 'Savings'),
(1483, 0, 0, '2014-01-27', 44, 2, 14, 'Savings'),
(1484, 53, 200, '2014-02-03', 34, 2, 14, 'Loan '),
(1485, 53, 50, '2014-02-03', 34, 2, 14, 'Savings'),
(1486, 52, 200, '2014-02-03', 28, 2, 14, 'Loan '),
(1487, 52, 50, '2014-02-03', 28, 2, 14, 'Savings'),
(1488, 46, 200, '2014-02-03', 27, 2, 14, 'Loan '),
(1489, 46, 50, '2014-02-03', 27, 2, 14, 'Savings'),
(1490, 54, 200, '2014-02-03', 35, 2, 14, 'Loan '),
(1491, 54, 50, '2014-02-03', 35, 2, 14, 'Savings'),
(1492, 8, 200, '2014-02-03', 11, 2, 14, 'Loan '),
(1493, 8, 50, '2014-02-03', 11, 2, 14, 'Savings'),
(1494, 16, 200, '2014-02-03', 13, 2, 14, 'Loan '),
(1495, 16, 50, '2014-02-03', 13, 2, 14, 'Savings'),
(1496, 47, 200, '2014-02-03', 29, 2, 14, 'Loan '),
(1497, 47, 50, '2014-02-03', 29, 2, 14, 'Savings'),
(1498, 49, 200, '2014-02-03', 31, 2, 14, 'Loan '),
(1499, 49, 50, '2014-02-03', 31, 2, 14, 'Savings'),
(1500, 50, 200, '2014-02-03', 32, 2, 14, 'Past Due'),
(1501, 50, 0, '2014-02-03', 32, 2, 14, 'Savings'),
(1502, 48, 200, '2014-02-03', 30, 2, 14, 'Past Due'),
(1503, 48, 0, '2014-02-03', 30, 2, 14, 'Savings'),
(1504, 9, 200, '2014-02-03', 12, 2, 14, 'Past Due'),
(1505, 9, 0, '2014-02-03', 12, 2, 14, 'Savings'),
(1506, 51, 200, '2014-02-03', 33, 2, 14, 'Past Due'),
(1507, 51, 0, '2014-02-03', 33, 2, 14, 'Savings'),
(1508, 0, 50, '2014-02-03', 15, 2, 14, 'Savings'),
(1509, 0, 50, '2014-02-03', 16, 2, 14, 'Savings'),
(1510, 0, 50, '2014-02-03', 17, 2, 14, 'Savings'),
(1511, 0, 50, '2014-02-03', 36, 2, 14, 'Savings'),
(1512, 0, 50, '2014-02-03', 37, 2, 14, 'Savings'),
(1513, 0, 50, '2014-02-03', 38, 2, 14, 'Savings'),
(1514, 0, 50, '2014-02-03', 39, 2, 14, 'Savings'),
(1515, 0, 50, '2014-02-03', 40, 2, 14, 'Savings'),
(1516, 0, 0, '2014-02-03', 41, 2, 14, 'Savings'),
(1517, 0, 0, '2014-02-03', 42, 2, 14, 'Savings'),
(1518, 0, 0, '2014-02-03', 43, 2, 14, 'Savings'),
(1519, 0, 0, '2014-02-03', 44, 2, 14, 'Savings'),
(1520, 53, 200, '2014-02-10', 34, 2, 14, 'Loan '),
(1521, 53, 50, '2014-02-10', 34, 2, 14, 'Savings'),
(1522, 52, 200, '2014-02-10', 28, 2, 14, 'Loan '),
(1523, 52, 50, '2014-02-10', 28, 2, 14, 'Savings'),
(1524, 46, 200, '2014-02-10', 27, 2, 14, 'Loan '),
(1525, 46, 50, '2014-02-10', 27, 2, 14, 'Savings'),
(1526, 54, 200, '2014-02-10', 35, 2, 14, 'Loan '),
(1527, 54, 50, '2014-02-10', 35, 2, 14, 'Savings'),
(1528, 8, 200, '2014-02-10', 11, 2, 14, 'Loan '),
(1529, 8, 50, '2014-02-10', 11, 2, 14, 'Savings'),
(1530, 16, 200, '2014-02-10', 13, 2, 14, 'Loan '),
(1531, 16, 50, '2014-02-10', 13, 2, 14, 'Savings'),
(1532, 47, 200, '2014-02-10', 29, 2, 14, 'Loan '),
(1533, 47, 50, '2014-02-10', 29, 2, 14, 'Savings'),
(1534, 49, 200, '2014-02-10', 31, 2, 14, 'Loan '),
(1535, 49, 50, '2014-02-10', 31, 2, 14, 'Savings'),
(1536, 50, 200, '2014-02-10', 32, 2, 14, 'Past Due'),
(1537, 50, 0, '2014-02-10', 32, 2, 14, 'Savings'),
(1538, 48, 200, '2014-02-10', 30, 2, 14, 'Past Due'),
(1539, 48, 0, '2014-02-10', 30, 2, 14, 'Savings'),
(1540, 9, 200, '2014-02-10', 12, 2, 14, 'Past Due'),
(1541, 9, 0, '2014-02-10', 12, 2, 14, 'Savings'),
(1542, 51, 200, '2014-02-10', 33, 2, 14, 'Past Due'),
(1543, 51, 0, '2014-02-10', 33, 2, 14, 'Savings'),
(1544, 0, 50, '2014-02-10', 15, 2, 14, 'Savings'),
(1545, 0, 50, '2014-02-10', 16, 2, 14, 'Savings'),
(1546, 0, 50, '2014-02-10', 17, 2, 14, 'Savings'),
(1547, 0, 50, '2014-02-10', 36, 2, 14, 'Savings'),
(1548, 0, 50, '2014-02-10', 37, 2, 14, 'Savings'),
(1549, 0, 50, '2014-02-10', 38, 2, 14, 'Savings'),
(1550, 0, 50, '2014-02-10', 39, 2, 14, 'Savings'),
(1551, 0, 50, '2014-02-10', 40, 2, 14, 'Savings'),
(1552, 0, 0, '2014-02-10', 41, 2, 14, 'Savings'),
(1553, 0, 0, '2014-02-10', 42, 2, 14, 'Savings'),
(1554, 0, 0, '2014-02-10', 43, 2, 14, 'Savings'),
(1555, 0, 0, '2014-02-10', 44, 2, 14, 'Savings'),
(1556, 53, 200, '2014-02-17', 34, 2, 14, 'Loan '),
(1557, 53, 50, '2014-02-17', 34, 2, 14, 'Savings'),
(1558, 52, 200, '2014-02-17', 28, 2, 14, 'Loan '),
(1559, 52, 50, '2014-02-17', 28, 2, 14, 'Savings'),
(1560, 46, 200, '2014-02-17', 27, 2, 14, 'Loan '),
(1561, 46, 50, '2014-02-17', 27, 2, 14, 'Savings'),
(1562, 54, 200, '2014-02-17', 35, 2, 14, 'Loan '),
(1563, 54, 50, '2014-02-17', 35, 2, 14, 'Savings'),
(1564, 8, 200, '2014-02-17', 11, 2, 14, 'Loan '),
(1565, 8, 50, '2014-02-17', 11, 2, 14, 'Savings'),
(1566, 16, 200, '2014-02-17', 13, 2, 14, 'Loan '),
(1567, 16, 50, '2014-02-17', 13, 2, 14, 'Savings'),
(1568, 47, 200, '2014-02-17', 29, 2, 14, 'Loan '),
(1569, 47, 50, '2014-02-17', 29, 2, 14, 'Savings'),
(1570, 49, 200, '2014-02-17', 31, 2, 14, 'Loan '),
(1571, 49, 50, '2014-02-17', 31, 2, 14, 'Savings'),
(1572, 50, 200, '2014-02-17', 32, 2, 14, 'Past Due'),
(1573, 50, 0, '2014-02-17', 32, 2, 14, 'Savings'),
(1574, 48, 200, '2014-02-17', 30, 2, 14, 'Past Due'),
(1575, 48, 0, '2014-02-17', 30, 2, 14, 'Savings'),
(1576, 9, 200, '2014-02-17', 12, 2, 14, 'Past Due'),
(1577, 9, 0, '2014-02-17', 12, 2, 14, 'Savings'),
(1578, 51, 200, '2014-02-17', 33, 2, 14, 'Past Due'),
(1579, 51, 0, '2014-02-17', 33, 2, 14, 'Savings'),
(1580, 0, 50, '2014-02-17', 15, 2, 14, 'Savings'),
(1581, 0, 50, '2014-02-17', 16, 2, 14, 'Savings'),
(1582, 0, 50, '2014-02-17', 17, 2, 14, 'Savings'),
(1583, 0, 50, '2014-02-17', 36, 2, 14, 'Savings'),
(1584, 0, 50, '2014-02-17', 37, 2, 14, 'Savings'),
(1585, 0, 50, '2014-02-17', 38, 2, 14, 'Savings'),
(1586, 0, 50, '2014-02-17', 39, 2, 14, 'Savings'),
(1587, 0, 50, '2014-02-17', 40, 2, 14, 'Savings'),
(1588, 0, 0, '2014-02-17', 41, 2, 14, 'Savings'),
(1589, 0, 0, '2014-02-17', 42, 2, 14, 'Savings'),
(1590, 0, 0, '2014-02-17', 43, 2, 14, 'Savings'),
(1591, 0, 0, '2014-02-17', 44, 2, 14, 'Savings'),
(1592, 53, 200, '2014-02-24', 34, 2, 14, 'Loan '),
(1593, 53, 50, '2014-02-24', 34, 2, 14, 'Savings'),
(1594, 52, 200, '2014-02-24', 28, 2, 14, 'Loan '),
(1595, 52, 50, '2014-02-24', 28, 2, 14, 'Savings'),
(1596, 46, 200, '2014-02-24', 27, 2, 14, 'Loan '),
(1597, 46, 50, '2014-02-24', 27, 2, 14, 'Savings'),
(1598, 54, 200, '2014-02-24', 35, 2, 14, 'Loan '),
(1599, 54, 50, '2014-02-24', 35, 2, 14, 'Savings'),
(1600, 8, 200, '2014-02-24', 11, 2, 14, 'Loan '),
(1601, 8, 50, '2014-02-24', 11, 2, 14, 'Savings'),
(1602, 16, 200, '2014-02-24', 13, 2, 14, 'Loan '),
(1603, 16, 50, '2014-02-24', 13, 2, 14, 'Savings'),
(1604, 47, 200, '2014-02-24', 29, 2, 14, 'Loan '),
(1605, 47, 50, '2014-02-24', 29, 2, 14, 'Savings'),
(1606, 49, 200, '2014-02-24', 31, 2, 14, 'Loan '),
(1607, 49, 50, '2014-02-24', 31, 2, 14, 'Savings'),
(1608, 50, 200, '2014-02-24', 32, 2, 14, 'Past Due'),
(1609, 50, 0, '2014-02-24', 32, 2, 14, 'Savings'),
(1610, 48, 200, '2014-02-24', 30, 2, 14, 'Past Due'),
(1611, 48, 0, '2014-02-24', 30, 2, 14, 'Savings'),
(1612, 9, 200, '2014-02-24', 12, 2, 14, 'Past Due'),
(1613, 9, 0, '2014-02-24', 12, 2, 14, 'Savings'),
(1614, 51, 200, '2014-02-24', 33, 2, 14, 'Past Due'),
(1615, 51, 0, '2014-02-24', 33, 2, 14, 'Savings'),
(1616, 0, 50, '2014-02-24', 15, 2, 14, 'Savings'),
(1617, 0, 50, '2014-02-24', 16, 2, 14, 'Savings'),
(1618, 0, 50, '2014-02-24', 17, 2, 14, 'Savings'),
(1619, 0, 50, '2014-02-24', 36, 2, 14, 'Savings'),
(1620, 0, 50, '2014-02-24', 37, 2, 14, 'Savings'),
(1621, 0, 50, '2014-02-24', 38, 2, 14, 'Savings'),
(1622, 0, 50, '2014-02-24', 39, 2, 14, 'Savings'),
(1623, 0, 50, '2014-02-24', 40, 2, 14, 'Savings'),
(1624, 0, 0, '2014-02-24', 41, 2, 14, 'Savings'),
(1625, 0, 0, '2014-02-24', 42, 2, 14, 'Savings'),
(1626, 0, 0, '2014-02-24', 43, 2, 14, 'Savings'),
(1627, 0, 0, '2014-02-24', 44, 2, 14, 'Savings'),
(1628, 53, 200, '2014-03-03', 34, 2, 14, 'Loan '),
(1629, 53, 50, '2014-03-03', 34, 2, 14, 'Savings'),
(1630, 52, 200, '2014-03-03', 28, 2, 14, 'Loan '),
(1631, 52, 50, '2014-03-03', 28, 2, 14, 'Savings'),
(1632, 46, 200, '2014-03-03', 27, 2, 14, 'Loan '),
(1633, 46, 50, '2014-03-03', 27, 2, 14, 'Savings'),
(1634, 54, 200, '2014-03-03', 35, 2, 14, 'Loan '),
(1635, 54, 50, '2014-03-03', 35, 2, 14, 'Savings'),
(1636, 8, 200, '2014-03-03', 11, 2, 14, 'Loan '),
(1637, 8, 50, '2014-03-03', 11, 2, 14, 'Savings'),
(1638, 16, 200, '2014-03-03', 13, 2, 14, 'Loan '),
(1639, 16, 50, '2014-03-03', 13, 2, 14, 'Savings'),
(1640, 47, 200, '2014-03-03', 29, 2, 14, 'Loan '),
(1641, 47, 50, '2014-03-03', 29, 2, 14, 'Savings'),
(1642, 49, 200, '2014-03-03', 31, 2, 14, 'Loan '),
(1643, 49, 50, '2014-03-03', 31, 2, 14, 'Savings'),
(1644, 50, 200, '2014-03-03', 32, 2, 14, 'Past Due'),
(1645, 50, 0, '2014-03-03', 32, 2, 14, 'Savings'),
(1646, 48, 200, '2014-03-03', 30, 2, 14, 'Past Due'),
(1647, 48, 0, '2014-03-03', 30, 2, 14, 'Savings'),
(1648, 9, 200, '2014-03-03', 12, 2, 14, 'Past Due'),
(1649, 9, 0, '2014-03-03', 12, 2, 14, 'Savings'),
(1650, 51, 200, '2014-03-03', 33, 2, 14, 'Past Due'),
(1651, 51, 0, '2014-03-03', 33, 2, 14, 'Savings'),
(1652, 0, 50, '2014-03-03', 15, 2, 14, 'Savings'),
(1653, 0, 50, '2014-03-03', 16, 2, 14, 'Savings'),
(1654, 0, 50, '2014-03-03', 17, 2, 14, 'Savings'),
(1655, 0, 50, '2014-03-03', 36, 2, 14, 'Savings'),
(1656, 0, 50, '2014-03-03', 37, 2, 14, 'Savings'),
(1657, 0, 50, '2014-03-03', 38, 2, 14, 'Savings'),
(1658, 0, 50, '2014-03-03', 39, 2, 14, 'Savings'),
(1659, 0, 50, '2014-03-03', 40, 2, 14, 'Savings'),
(1660, 0, 0, '2014-03-03', 41, 2, 14, 'Savings'),
(1661, 0, 0, '2014-03-03', 42, 2, 14, 'Savings'),
(1662, 0, 0, '2014-03-03', 43, 2, 14, 'Savings'),
(1663, 0, 0, '2014-03-03', 44, 2, 14, 'Savings'),
(1664, 53, 200, '2014-03-10', 34, 2, 14, 'Loan '),
(1665, 53, 50, '2014-03-10', 34, 2, 14, 'Savings'),
(1666, 52, 200, '2014-03-10', 28, 2, 14, 'Loan '),
(1667, 52, 50, '2014-03-10', 28, 2, 14, 'Savings'),
(1668, 46, 200, '2014-03-10', 27, 2, 14, 'Loan '),
(1669, 46, 50, '2014-03-10', 27, 2, 14, 'Savings'),
(1670, 54, 200, '2014-03-10', 35, 2, 14, 'Loan '),
(1671, 54, 50, '2014-03-10', 35, 2, 14, 'Savings'),
(1672, 8, 200, '2014-03-10', 11, 2, 14, 'Loan '),
(1673, 8, 50, '2014-03-10', 11, 2, 14, 'Savings'),
(1674, 16, 200, '2014-03-10', 13, 2, 14, 'Loan '),
(1675, 16, 50, '2014-03-10', 13, 2, 14, 'Savings'),
(1676, 47, 200, '2014-03-10', 29, 2, 14, 'Loan '),
(1677, 47, 50, '2014-03-10', 29, 2, 14, 'Savings'),
(1678, 49, 200, '2014-03-10', 31, 2, 14, 'Loan '),
(1679, 49, 50, '2014-03-10', 31, 2, 14, 'Savings'),
(1680, 50, 200, '2014-03-10', 32, 2, 14, 'Past Due'),
(1681, 50, 0, '2014-03-10', 32, 2, 14, 'Savings'),
(1682, 48, 200, '2014-03-10', 30, 2, 14, 'Past Due'),
(1683, 48, 0, '2014-03-10', 30, 2, 14, 'Savings'),
(1684, 9, 200, '2014-03-10', 12, 2, 14, 'Past Due'),
(1685, 9, 0, '2014-03-10', 12, 2, 14, 'Savings'),
(1686, 51, 200, '2014-03-10', 33, 2, 14, 'Past Due'),
(1687, 51, 0, '2014-03-10', 33, 2, 14, 'Savings'),
(1688, 0, 50, '2014-03-10', 15, 2, 14, 'Savings'),
(1689, 0, 50, '2014-03-10', 16, 2, 14, 'Savings'),
(1690, 0, 50, '2014-03-10', 17, 2, 14, 'Savings'),
(1691, 0, 50, '2014-03-10', 36, 2, 14, 'Savings'),
(1692, 0, 50, '2014-03-10', 37, 2, 14, 'Savings'),
(1693, 0, 50, '2014-03-10', 38, 2, 14, 'Savings'),
(1694, 0, 50, '2014-03-10', 39, 2, 14, 'Savings'),
(1695, 0, 50, '2014-03-10', 40, 2, 14, 'Savings'),
(1696, 0, 0, '2014-03-10', 41, 2, 14, 'Savings'),
(1697, 0, 0, '2014-03-10', 42, 2, 14, 'Savings'),
(1698, 0, 0, '2014-03-10', 43, 2, 14, 'Savings'),
(1699, 0, 0, '2014-03-10', 44, 2, 14, 'Savings'),
(1700, 53, 200, '2014-03-17', 34, 2, 14, 'Loan '),
(1701, 53, 50, '2014-03-17', 34, 2, 14, 'Savings'),
(1702, 52, 200, '2014-03-17', 28, 2, 14, 'Loan '),
(1703, 52, 50, '2014-03-17', 28, 2, 14, 'Savings'),
(1704, 46, 200, '2014-03-17', 27, 2, 14, 'Loan '),
(1705, 46, 50, '2014-03-17', 27, 2, 14, 'Savings'),
(1706, 54, 200, '2014-03-17', 35, 2, 14, 'Loan '),
(1707, 54, 50, '2014-03-17', 35, 2, 14, 'Savings'),
(1708, 8, 200, '2014-03-17', 11, 2, 14, 'Loan '),
(1709, 8, 50, '2014-03-17', 11, 2, 14, 'Savings'),
(1710, 16, 200, '2014-03-17', 13, 2, 14, 'Loan '),
(1711, 16, 50, '2014-03-17', 13, 2, 14, 'Savings'),
(1712, 47, 200, '2014-03-17', 29, 2, 14, 'Loan '),
(1713, 47, 50, '2014-03-17', 29, 2, 14, 'Savings'),
(1714, 49, 200, '2014-03-17', 31, 2, 14, 'Loan '),
(1715, 49, 50, '2014-03-17', 31, 2, 14, 'Savings'),
(1716, 50, 200, '2014-03-17', 32, 2, 14, 'Past Due'),
(1717, 50, 0, '2014-03-17', 32, 2, 14, 'Savings'),
(1718, 48, 200, '2014-03-17', 30, 2, 14, 'Past Due'),
(1719, 48, 0, '2014-03-17', 30, 2, 14, 'Savings'),
(1720, 9, 200, '2014-03-17', 12, 2, 14, 'Past Due'),
(1721, 9, 0, '2014-03-17', 12, 2, 14, 'Savings'),
(1722, 51, 200, '2014-03-17', 33, 2, 14, 'Past Due'),
(1723, 51, 0, '2014-03-17', 33, 2, 14, 'Savings'),
(1724, 0, 50, '2014-03-17', 15, 2, 14, 'Savings'),
(1725, 0, 50, '2014-03-17', 16, 2, 14, 'Savings'),
(1726, 0, 50, '2014-03-17', 17, 2, 14, 'Savings'),
(1727, 0, 50, '2014-03-17', 36, 2, 14, 'Savings'),
(1728, 0, 50, '2014-03-17', 37, 2, 14, 'Savings'),
(1729, 0, 50, '2014-03-17', 38, 2, 14, 'Savings'),
(1730, 0, 50, '2014-03-17', 39, 2, 14, 'Savings'),
(1731, 0, 50, '2014-03-17', 40, 2, 14, 'Savings'),
(1732, 0, 0, '2014-03-17', 41, 2, 14, 'Savings'),
(1733, 0, 0, '2014-03-17', 42, 2, 14, 'Savings'),
(1734, 0, 0, '2014-03-17', 43, 2, 14, 'Savings'),
(1735, 0, 0, '2014-03-17', 44, 2, 14, 'Savings'),
(1736, 53, 200, '2014-03-24', 34, 2, 14, 'Loan '),
(1737, 53, 50, '2014-03-24', 34, 2, 14, 'Savings'),
(1738, 52, 200, '2014-03-24', 28, 2, 14, 'Loan '),
(1739, 52, 50, '2014-03-24', 28, 2, 14, 'Savings'),
(1740, 46, 200, '2014-03-24', 27, 2, 14, 'Loan '),
(1741, 46, 50, '2014-03-24', 27, 2, 14, 'Savings'),
(1742, 54, 200, '2014-03-24', 35, 2, 14, 'Loan '),
(1743, 54, 50, '2014-03-24', 35, 2, 14, 'Savings'),
(1744, 8, 200, '2014-03-24', 11, 2, 14, 'Loan '),
(1745, 8, 50, '2014-03-24', 11, 2, 14, 'Savings'),
(1746, 16, 200, '2014-03-24', 13, 2, 14, 'Loan '),
(1747, 16, 50, '2014-03-24', 13, 2, 14, 'Savings'),
(1748, 47, 200, '2014-03-24', 29, 2, 14, 'Loan '),
(1749, 47, 50, '2014-03-24', 29, 2, 14, 'Savings'),
(1750, 49, 200, '2014-03-24', 31, 2, 14, 'Loan '),
(1751, 49, 50, '2014-03-24', 31, 2, 14, 'Savings'),
(1752, 50, 200, '2014-03-24', 32, 2, 14, 'Past Due'),
(1753, 50, 0, '2014-03-24', 32, 2, 14, 'Savings'),
(1754, 48, 200, '2014-03-24', 30, 2, 14, 'Past Due'),
(1755, 48, 0, '2014-03-24', 30, 2, 14, 'Savings'),
(1756, 9, 200, '2014-03-24', 12, 2, 14, 'Past Due'),
(1757, 9, 0, '2014-03-24', 12, 2, 14, 'Savings'),
(1758, 51, 200, '2014-03-24', 33, 2, 14, 'Past Due'),
(1759, 51, 0, '2014-03-24', 33, 2, 14, 'Savings'),
(1760, 0, 50, '2014-03-24', 15, 2, 14, 'Savings'),
(1761, 0, 50, '2014-03-24', 16, 2, 14, 'Savings'),
(1762, 0, 50, '2014-03-24', 17, 2, 14, 'Savings'),
(1763, 0, 50, '2014-03-24', 36, 2, 14, 'Savings'),
(1764, 0, 50, '2014-03-24', 37, 2, 14, 'Savings'),
(1765, 0, 50, '2014-03-24', 38, 2, 14, 'Savings'),
(1766, 0, 50, '2014-03-24', 39, 2, 14, 'Savings'),
(1767, 0, 50, '2014-03-24', 40, 2, 14, 'Savings'),
(1768, 0, 0, '2014-03-24', 41, 2, 14, 'Savings'),
(1769, 0, 0, '2014-03-24', 42, 2, 14, 'Savings'),
(1770, 0, 0, '2014-03-24', 43, 2, 14, 'Savings'),
(1771, 0, 0, '2014-03-24', 44, 2, 14, 'Savings'),
(1772, 53, 200, '2014-03-31', 34, 2, 14, 'Loan '),
(1773, 53, 50, '2014-03-31', 34, 2, 14, 'Savings'),
(1774, 52, 200, '2014-03-31', 28, 2, 14, 'Loan '),
(1775, 52, 50, '2014-03-31', 28, 2, 14, 'Savings'),
(1776, 46, 200, '2014-03-31', 27, 2, 14, 'Loan '),
(1777, 46, 50, '2014-03-31', 27, 2, 14, 'Savings'),
(1778, 54, 200, '2014-03-31', 35, 2, 14, 'Loan '),
(1779, 54, 50, '2014-03-31', 35, 2, 14, 'Savings'),
(1780, 8, 200, '2014-03-31', 11, 2, 14, 'Loan '),
(1781, 8, 50, '2014-03-31', 11, 2, 14, 'Savings'),
(1782, 16, 200, '2014-03-31', 13, 2, 14, 'Loan '),
(1783, 16, 50, '2014-03-31', 13, 2, 14, 'Savings'),
(1784, 47, 200, '2014-03-31', 29, 2, 14, 'Loan '),
(1785, 47, 50, '2014-03-31', 29, 2, 14, 'Savings'),
(1786, 49, 200, '2014-03-31', 31, 2, 14, 'Loan '),
(1787, 49, 50, '2014-03-31', 31, 2, 14, 'Savings'),
(1788, 50, 200, '2014-03-31', 32, 2, 14, 'Past Due'),
(1789, 50, 0, '2014-03-31', 32, 2, 14, 'Savings'),
(1790, 48, 200, '2014-03-31', 30, 2, 14, 'Past Due'),
(1791, 48, 0, '2014-03-31', 30, 2, 14, 'Savings'),
(1792, 9, 200, '2014-03-31', 12, 2, 14, 'Past Due'),
(1793, 9, 0, '2014-03-31', 12, 2, 14, 'Savings'),
(1794, 51, 200, '2014-03-31', 33, 2, 14, 'Past Due'),
(1795, 51, 0, '2014-03-31', 33, 2, 14, 'Savings'),
(1796, 0, 50, '2014-03-31', 15, 2, 14, 'Savings'),
(1797, 0, 50, '2014-03-31', 16, 2, 14, 'Savings'),
(1798, 0, 50, '2014-03-31', 17, 2, 14, 'Savings'),
(1799, 0, 50, '2014-03-31', 36, 2, 14, 'Savings'),
(1800, 0, 50, '2014-03-31', 37, 2, 14, 'Savings'),
(1801, 0, 50, '2014-03-31', 38, 2, 14, 'Savings'),
(1802, 0, 50, '2014-03-31', 39, 2, 14, 'Savings'),
(1803, 0, 50, '2014-03-31', 40, 2, 14, 'Savings'),
(1804, 0, 0, '2014-03-31', 41, 2, 14, 'Savings'),
(1805, 0, 0, '2014-03-31', 42, 2, 14, 'Savings'),
(1806, 0, 0, '2014-03-31', 43, 2, 14, 'Savings'),
(1807, 0, 0, '2014-03-31', 44, 2, 14, 'Savings'),
(1808, 53, 200, '2014-04-07', 34, 2, 14, 'Loan '),
(1809, 53, 50, '2014-04-07', 34, 2, 14, 'Savings'),
(1810, 52, 200, '2014-04-07', 28, 2, 14, 'Loan '),
(1811, 52, 50, '2014-04-07', 28, 2, 14, 'Savings'),
(1812, 46, 200, '2014-04-07', 27, 2, 14, 'Loan '),
(1813, 46, 50, '2014-04-07', 27, 2, 14, 'Savings'),
(1814, 54, 200, '2014-04-07', 35, 2, 14, 'Loan '),
(1815, 54, 50, '2014-04-07', 35, 2, 14, 'Savings'),
(1816, 8, 200, '2014-04-07', 11, 2, 14, 'Loan '),
(1817, 8, 50, '2014-04-07', 11, 2, 14, 'Savings'),
(1818, 16, 200, '2014-04-07', 13, 2, 14, 'Loan '),
(1819, 16, 50, '2014-04-07', 13, 2, 14, 'Savings'),
(1820, 47, 200, '2014-04-07', 29, 2, 14, 'Loan '),
(1821, 47, 50, '2014-04-07', 29, 2, 14, 'Savings'),
(1822, 49, 200, '2014-04-07', 31, 2, 14, 'Loan '),
(1823, 49, 50, '2014-04-07', 31, 2, 14, 'Savings'),
(1824, 50, 200, '2014-04-07', 32, 2, 14, 'Past Due'),
(1825, 50, 0, '2014-04-07', 32, 2, 14, 'Savings'),
(1826, 48, 200, '2014-04-07', 30, 2, 14, 'Past Due'),
(1827, 48, 0, '2014-04-07', 30, 2, 14, 'Savings'),
(1828, 9, 200, '2014-04-07', 12, 2, 14, 'Past Due'),
(1829, 9, 0, '2014-04-07', 12, 2, 14, 'Savings'),
(1830, 51, 200, '2014-04-07', 33, 2, 14, 'Past Due'),
(1831, 51, 0, '2014-04-07', 33, 2, 14, 'Savings'),
(1832, 0, 50, '2014-04-07', 15, 2, 14, 'Savings'),
(1833, 0, 50, '2014-04-07', 16, 2, 14, 'Savings'),
(1834, 0, 50, '2014-04-07', 17, 2, 14, 'Savings'),
(1835, 0, 50, '2014-04-07', 36, 2, 14, 'Savings'),
(1836, 0, 50, '2014-04-07', 37, 2, 14, 'Savings'),
(1837, 0, 50, '2014-04-07', 38, 2, 14, 'Savings'),
(1838, 0, 50, '2014-04-07', 39, 2, 14, 'Savings'),
(1839, 0, 50, '2014-04-07', 40, 2, 14, 'Savings'),
(1840, 0, 0, '2014-04-07', 41, 2, 14, 'Savings'),
(1841, 0, 0, '2014-04-07', 42, 2, 14, 'Savings'),
(1842, 0, 0, '2014-04-07', 43, 2, 14, 'Savings'),
(1843, 0, 0, '2014-04-07', 44, 2, 14, 'Savings'),
(1844, 53, 200, '2014-04-14', 34, 2, 14, 'Loan '),
(1845, 53, 50, '2014-04-14', 34, 2, 14, 'Savings'),
(1846, 52, 200, '2014-04-14', 28, 2, 14, 'Loan '),
(1847, 52, 50, '2014-04-14', 28, 2, 14, 'Savings'),
(1848, 46, 200, '2014-04-14', 27, 2, 14, 'Loan '),
(1849, 46, 50, '2014-04-14', 27, 2, 14, 'Savings'),
(1850, 54, 200, '2014-04-14', 35, 2, 14, 'Loan '),
(1851, 54, 50, '2014-04-14', 35, 2, 14, 'Savings'),
(1852, 8, 200, '2014-04-14', 11, 2, 14, 'Loan '),
(1853, 8, 50, '2014-04-14', 11, 2, 14, 'Savings'),
(1854, 16, 200, '2014-04-14', 13, 2, 14, 'Loan '),
(1855, 16, 50, '2014-04-14', 13, 2, 14, 'Savings'),
(1856, 47, 200, '2014-04-14', 29, 2, 14, 'Loan '),
(1857, 47, 50, '2014-04-14', 29, 2, 14, 'Savings'),
(1858, 49, 200, '2014-04-14', 31, 2, 14, 'Loan '),
(1859, 49, 50, '2014-04-14', 31, 2, 14, 'Savings'),
(1860, 50, 200, '2014-04-14', 32, 2, 14, 'Past Due'),
(1861, 50, 0, '2014-04-14', 32, 2, 14, 'Savings'),
(1862, 48, 200, '2014-04-14', 30, 2, 14, 'Past Due'),
(1863, 48, 0, '2014-04-14', 30, 2, 14, 'Savings'),
(1864, 9, 200, '2014-04-14', 12, 2, 14, 'Past Due'),
(1865, 9, 0, '2014-04-14', 12, 2, 14, 'Savings'),
(1866, 51, 200, '2014-04-14', 33, 2, 14, 'Past Due'),
(1867, 51, 0, '2014-04-14', 33, 2, 14, 'Savings'),
(1868, 0, 50, '2014-04-14', 15, 2, 14, 'Savings'),
(1869, 0, 50, '2014-04-14', 16, 2, 14, 'Savings'),
(1870, 0, 50, '2014-04-14', 17, 2, 14, 'Savings'),
(1871, 0, 50, '2014-04-14', 36, 2, 14, 'Savings'),
(1872, 0, 50, '2014-04-14', 37, 2, 14, 'Savings'),
(1873, 0, 50, '2014-04-14', 38, 2, 14, 'Savings'),
(1874, 0, 50, '2014-04-14', 39, 2, 14, 'Savings'),
(1875, 0, 50, '2014-04-14', 40, 2, 14, 'Savings'),
(1876, 0, 0, '2014-04-14', 41, 2, 14, 'Savings'),
(1877, 0, 0, '2014-04-14', 42, 2, 14, 'Savings'),
(1878, 0, 0, '2014-04-14', 43, 2, 14, 'Savings'),
(1879, 0, 0, '2014-04-14', 44, 2, 14, 'Savings'),
(1880, 53, 200, '2014-04-21', 34, 2, 14, 'Loan '),
(1881, 53, 50, '2014-04-21', 34, 2, 14, 'Savings'),
(1882, 52, 200, '2014-04-21', 28, 2, 14, 'Loan '),
(1883, 52, 50, '2014-04-21', 28, 2, 14, 'Savings'),
(1884, 46, 200, '2014-04-21', 27, 2, 14, 'Loan '),
(1885, 46, 50, '2014-04-21', 27, 2, 14, 'Savings'),
(1886, 54, 200, '2014-04-21', 35, 2, 14, 'Loan '),
(1887, 54, 50, '2014-04-21', 35, 2, 14, 'Savings'),
(1888, 8, 200, '2014-04-21', 11, 2, 14, 'Loan '),
(1889, 8, 50, '2014-04-21', 11, 2, 14, 'Savings'),
(1890, 16, 200, '2014-04-21', 13, 2, 14, 'Loan '),
(1891, 16, 50, '2014-04-21', 13, 2, 14, 'Savings'),
(1892, 47, 200, '2014-04-21', 29, 2, 14, 'Loan '),
(1893, 47, 50, '2014-04-21', 29, 2, 14, 'Savings'),
(1894, 49, 200, '2014-04-21', 31, 2, 14, 'Loan '),
(1895, 49, 50, '2014-04-21', 31, 2, 14, 'Savings'),
(1896, 50, 200, '2014-04-21', 32, 2, 14, 'Past Due'),
(1897, 50, 0, '2014-04-21', 32, 2, 14, 'Savings'),
(1898, 48, 200, '2014-04-21', 30, 2, 14, 'Past Due'),
(1899, 48, 0, '2014-04-21', 30, 2, 14, 'Savings'),
(1900, 9, 200, '2014-04-21', 12, 2, 14, 'Past Due'),
(1901, 9, 0, '2014-04-21', 12, 2, 14, 'Savings'),
(1902, 51, 200, '2014-04-21', 33, 2, 14, 'Past Due'),
(1903, 51, 0, '2014-04-21', 33, 2, 14, 'Savings'),
(1904, 0, 50, '2014-04-21', 15, 2, 14, 'Savings'),
(1905, 0, 50, '2014-04-21', 16, 2, 14, 'Savings'),
(1906, 0, 50, '2014-04-21', 17, 2, 14, 'Savings'),
(1907, 0, 50, '2014-04-21', 36, 2, 14, 'Savings'),
(1908, 0, 50, '2014-04-21', 37, 2, 14, 'Savings'),
(1909, 0, 50, '2014-04-21', 38, 2, 14, 'Savings'),
(1910, 0, 50, '2014-04-21', 39, 2, 14, 'Savings'),
(1911, 0, 50, '2014-04-21', 40, 2, 14, 'Savings'),
(1912, 0, 0, '2014-04-21', 41, 2, 14, 'Savings'),
(1913, 0, 0, '2014-04-21', 42, 2, 14, 'Savings'),
(1914, 0, 0, '2014-04-21', 43, 2, 14, 'Savings'),
(1915, 0, 0, '2014-04-21', 44, 2, 14, 'Savings'),
(1916, 53, 200, '2014-04-28', 34, 2, 14, 'Loan '),
(1917, 53, 50, '2014-04-28', 34, 2, 14, 'Savings'),
(1918, 52, 200, '2014-04-28', 28, 2, 14, 'Loan '),
(1919, 52, 50, '2014-04-28', 28, 2, 14, 'Savings'),
(1920, 46, 200, '2014-04-28', 27, 2, 14, 'Loan '),
(1921, 46, 50, '2014-04-28', 27, 2, 14, 'Savings'),
(1922, 54, 200, '2014-04-28', 35, 2, 14, 'Loan '),
(1923, 54, 50, '2014-04-28', 35, 2, 14, 'Savings'),
(1924, 8, 200, '2014-04-28', 11, 2, 14, 'Loan '),
(1925, 8, 50, '2014-04-28', 11, 2, 14, 'Savings'),
(1926, 16, 200, '2014-04-28', 13, 2, 14, 'Loan '),
(1927, 16, 50, '2014-04-28', 13, 2, 14, 'Savings'),
(1928, 47, 200, '2014-04-28', 29, 2, 14, 'Loan '),
(1929, 47, 50, '2014-04-28', 29, 2, 14, 'Savings'),
(1930, 49, 200, '2014-04-28', 31, 2, 14, 'Loan '),
(1931, 49, 50, '2014-04-28', 31, 2, 14, 'Savings'),
(1932, 50, 200, '2014-04-28', 32, 2, 14, 'Past Due'),
(1933, 50, 0, '2014-04-28', 32, 2, 14, 'Savings'),
(1934, 48, 200, '2014-04-28', 30, 2, 14, 'Past Due'),
(1935, 48, 0, '2014-04-28', 30, 2, 14, 'Savings'),
(1936, 9, 200, '2014-04-28', 12, 2, 14, 'Past Due'),
(1937, 9, 0, '2014-04-28', 12, 2, 14, 'Savings'),
(1938, 51, 200, '2014-04-28', 33, 2, 14, 'Past Due'),
(1939, 51, 0, '2014-04-28', 33, 2, 14, 'Savings'),
(1940, 0, 50, '2014-04-28', 15, 2, 14, 'Savings'),
(1941, 0, 50, '2014-04-28', 16, 2, 14, 'Savings'),
(1942, 0, 50, '2014-04-28', 17, 2, 14, 'Savings'),
(1943, 0, 50, '2014-04-28', 36, 2, 14, 'Savings'),
(1944, 0, 50, '2014-04-28', 37, 2, 14, 'Savings'),
(1945, 0, 50, '2014-04-28', 38, 2, 14, 'Savings'),
(1946, 0, 50, '2014-04-28', 39, 2, 14, 'Savings'),
(1947, 0, 50, '2014-04-28', 40, 2, 14, 'Savings'),
(1948, 0, 0, '2014-04-28', 41, 2, 14, 'Savings'),
(1949, 0, 0, '2014-04-28', 42, 2, 14, 'Savings'),
(1950, 0, 0, '2014-04-28', 43, 2, 14, 'Savings'),
(1951, 0, 0, '2014-04-28', 44, 2, 14, 'Savings'),
(1952, 53, 200, '2014-05-05', 34, 2, 14, 'Loan '),
(1953, 53, 50, '2014-05-05', 34, 2, 14, 'Savings'),
(1954, 52, 200, '2014-05-05', 28, 2, 14, 'Loan '),
(1955, 52, 50, '2014-05-05', 28, 2, 14, 'Savings'),
(1956, 46, 200, '2014-05-05', 27, 2, 14, 'Loan '),
(1957, 46, 50, '2014-05-05', 27, 2, 14, 'Savings'),
(1958, 54, 200, '2014-05-05', 35, 2, 14, 'Loan '),
(1959, 54, 50, '2014-05-05', 35, 2, 14, 'Savings'),
(1960, 8, 200, '2014-05-05', 11, 2, 14, 'Loan '),
(1961, 8, 50, '2014-05-05', 11, 2, 14, 'Savings'),
(1962, 16, 200, '2014-05-05', 13, 2, 14, 'Loan '),
(1963, 16, 50, '2014-05-05', 13, 2, 14, 'Savings'),
(1964, 47, 200, '2014-05-05', 29, 2, 14, 'Loan '),
(1965, 47, 50, '2014-05-05', 29, 2, 14, 'Savings'),
(1966, 49, 200, '2014-05-05', 31, 2, 14, 'Loan '),
(1967, 49, 50, '2014-05-05', 31, 2, 14, 'Savings'),
(1968, 50, 200, '2014-05-05', 32, 2, 14, 'Past Due'),
(1969, 50, 0, '2014-05-05', 32, 2, 14, 'Savings'),
(1970, 48, 200, '2014-05-05', 30, 2, 14, 'Past Due'),
(1971, 48, 0, '2014-05-05', 30, 2, 14, 'Savings'),
(1972, 9, 200, '2014-05-05', 12, 2, 14, 'Past Due'),
(1973, 9, 0, '2014-05-05', 12, 2, 14, 'Savings'),
(1974, 51, 200, '2014-05-05', 33, 2, 14, 'Past Due'),
(1975, 51, 0, '2014-05-05', 33, 2, 14, 'Savings'),
(1976, 0, 50, '2014-05-05', 15, 2, 14, 'Savings'),
(1977, 0, 50, '2014-05-05', 16, 2, 14, 'Savings'),
(1978, 0, 50, '2014-05-05', 17, 2, 14, 'Savings'),
(1979, 0, 50, '2014-05-05', 36, 2, 14, 'Savings'),
(1980, 0, 50, '2014-05-05', 37, 2, 14, 'Savings'),
(1981, 0, 50, '2014-05-05', 38, 2, 14, 'Savings'),
(1982, 0, 50, '2014-05-05', 39, 2, 14, 'Savings'),
(1983, 0, 50, '2014-05-05', 40, 2, 14, 'Savings'),
(1984, 0, 0, '2014-05-05', 41, 2, 14, 'Savings'),
(1985, 0, 0, '2014-05-05', 42, 2, 14, 'Savings'),
(1986, 0, 0, '2014-05-05', 43, 2, 14, 'Savings'),
(1987, 0, 0, '2014-05-05', 44, 2, 14, 'Savings'),
(1988, 53, 200, '2014-05-12', 34, 2, 14, 'Loan '),
(1989, 53, 50, '2014-05-12', 34, 2, 14, 'Savings'),
(1990, 52, 200, '2014-05-12', 28, 2, 14, 'Loan '),
(1991, 52, 50, '2014-05-12', 28, 2, 14, 'Savings'),
(1992, 46, 200, '2014-05-12', 27, 2, 14, 'Loan '),
(1993, 46, 50, '2014-05-12', 27, 2, 14, 'Savings'),
(1994, 54, 200, '2014-05-12', 35, 2, 14, 'Loan '),
(1995, 54, 50, '2014-05-12', 35, 2, 14, 'Savings'),
(1996, 8, 200, '2014-05-12', 11, 2, 14, 'Loan '),
(1997, 8, 50, '2014-05-12', 11, 2, 14, 'Savings'),
(1998, 16, 200, '2014-05-12', 13, 2, 14, 'Loan '),
(1999, 16, 50, '2014-05-12', 13, 2, 14, 'Savings'),
(2000, 47, 200, '2014-05-12', 29, 2, 14, 'Loan '),
(2001, 47, 50, '2014-05-12', 29, 2, 14, 'Savings'),
(2002, 49, 200, '2014-05-12', 31, 2, 14, 'Loan '),
(2003, 49, 50, '2014-05-12', 31, 2, 14, 'Savings'),
(2004, 50, 200, '2014-05-12', 32, 2, 14, 'Past Due'),
(2005, 50, 0, '2014-05-12', 32, 2, 14, 'Savings'),
(2006, 48, 200, '2014-05-12', 30, 2, 14, 'Past Due'),
(2007, 48, 0, '2014-05-12', 30, 2, 14, 'Savings'),
(2008, 9, 200, '2014-05-12', 12, 2, 14, 'Past Due'),
(2009, 9, 0, '2014-05-12', 12, 2, 14, 'Savings'),
(2010, 51, 200, '2014-05-12', 33, 2, 14, 'Past Due'),
(2011, 51, 0, '2014-05-12', 33, 2, 14, 'Savings'),
(2012, 0, 50, '2014-05-12', 15, 2, 14, 'Savings'),
(2013, 0, 50, '2014-05-12', 16, 2, 14, 'Savings'),
(2014, 0, 50, '2014-05-12', 17, 2, 14, 'Savings'),
(2015, 0, 50, '2014-05-12', 36, 2, 14, 'Savings'),
(2016, 0, 50, '2014-05-12', 37, 2, 14, 'Savings'),
(2017, 0, 50, '2014-05-12', 38, 2, 14, 'Savings'),
(2018, 0, 50, '2014-05-12', 39, 2, 14, 'Savings'),
(2019, 0, 50, '2014-05-12', 40, 2, 14, 'Savings'),
(2020, 0, 0, '2014-05-12', 41, 2, 14, 'Savings'),
(2021, 0, 0, '2014-05-12', 42, 2, 14, 'Savings'),
(2022, 0, 0, '2014-05-12', 43, 2, 14, 'Savings'),
(2023, 0, 0, '2014-05-12', 44, 2, 14, 'Savings'),
(2024, 53, 200, '2014-05-19', 34, 2, 14, 'Loan '),
(2025, 53, 50, '2014-05-19', 34, 2, 14, 'Savings'),
(2026, 52, 200, '2014-05-19', 28, 2, 14, 'Loan '),
(2027, 52, 50, '2014-05-19', 28, 2, 14, 'Savings'),
(2028, 46, 200, '2014-05-19', 27, 2, 14, 'Loan '),
(2029, 46, 50, '2014-05-19', 27, 2, 14, 'Savings'),
(2030, 54, 200, '2014-05-19', 35, 2, 14, 'Loan '),
(2031, 54, 50, '2014-05-19', 35, 2, 14, 'Savings'),
(2032, 8, 200, '2014-05-19', 11, 2, 14, 'Loan '),
(2033, 8, 50, '2014-05-19', 11, 2, 14, 'Savings'),
(2034, 16, 200, '2014-05-19', 13, 2, 14, 'Loan ');
INSERT INTO `transaction` (`ControlNo`, `LoanAppControlNo`, `Amount`, `DateTime`, `Members_ControlNo`, `Passbook_ControlNo`, `CaritasPersonnel_ControlNo`, `TransactionType`) VALUES
(2035, 16, 50, '2014-05-19', 13, 2, 14, 'Savings'),
(2036, 47, 200, '2014-05-19', 29, 2, 14, 'Loan '),
(2037, 47, 50, '2014-05-19', 29, 2, 14, 'Savings'),
(2038, 49, 200, '2014-05-19', 31, 2, 14, 'Loan '),
(2039, 49, 50, '2014-05-19', 31, 2, 14, 'Savings'),
(2040, 50, 200, '2014-05-19', 32, 2, 14, 'Past Due'),
(2041, 50, 0, '2014-05-19', 32, 2, 14, 'Savings'),
(2042, 48, 200, '2014-05-19', 30, 2, 14, 'Past Due'),
(2043, 48, 0, '2014-05-19', 30, 2, 14, 'Savings'),
(2044, 9, 200, '2014-05-19', 12, 2, 14, 'Past Due'),
(2045, 9, 0, '2014-05-19', 12, 2, 14, 'Savings'),
(2046, 51, 200, '2014-05-19', 33, 2, 14, 'Past Due'),
(2047, 51, 0, '2014-05-19', 33, 2, 14, 'Savings'),
(2048, 0, 50, '2014-05-19', 15, 2, 14, 'Savings'),
(2049, 0, 50, '2014-05-19', 16, 2, 14, 'Savings'),
(2050, 0, 50, '2014-05-19', 17, 2, 14, 'Savings'),
(2051, 0, 50, '2014-05-19', 36, 2, 14, 'Savings'),
(2052, 0, 50, '2014-05-19', 37, 2, 14, 'Savings'),
(2053, 0, 50, '2014-05-19', 38, 2, 14, 'Savings'),
(2054, 0, 50, '2014-05-19', 39, 2, 14, 'Savings'),
(2055, 0, 50, '2014-05-19', 40, 2, 14, 'Savings'),
(2056, 0, 0, '2014-05-19', 41, 2, 14, 'Savings'),
(2057, 0, 0, '2014-05-19', 42, 2, 14, 'Savings'),
(2058, 0, 0, '2014-05-19', 43, 2, 14, 'Savings'),
(2059, 0, 0, '2014-05-19', 44, 2, 14, 'Savings'),
(2060, 53, 200, '2014-05-26', 34, 2, 14, 'Loan '),
(2061, 53, 50, '2014-05-26', 34, 2, 14, 'Savings'),
(2062, 52, 200, '2014-05-26', 28, 2, 14, 'Loan '),
(2063, 52, 50, '2014-05-26', 28, 2, 14, 'Savings'),
(2064, 46, 200, '2014-05-26', 27, 2, 14, 'Loan '),
(2065, 46, 50, '2014-05-26', 27, 2, 14, 'Savings'),
(2066, 54, 200, '2014-05-26', 35, 2, 14, 'Loan '),
(2067, 54, 50, '2014-05-26', 35, 2, 14, 'Savings'),
(2068, 8, 200, '2014-05-26', 11, 2, 14, 'Loan '),
(2069, 8, 50, '2014-05-26', 11, 2, 14, 'Savings'),
(2070, 16, 200, '2014-05-26', 13, 2, 14, 'Loan '),
(2071, 16, 50, '2014-05-26', 13, 2, 14, 'Savings'),
(2072, 47, 200, '2014-05-26', 29, 2, 14, 'Loan '),
(2073, 47, 50, '2014-05-26', 29, 2, 14, 'Savings'),
(2074, 49, 200, '2014-05-26', 31, 2, 14, 'Loan '),
(2075, 49, 50, '2014-05-26', 31, 2, 14, 'Savings'),
(2076, 50, 200, '2014-05-26', 32, 2, 14, 'Past Due'),
(2077, 50, 0, '2014-05-26', 32, 2, 14, 'Savings'),
(2078, 48, 200, '2014-05-26', 30, 2, 14, 'Past Due'),
(2079, 48, 0, '2014-05-26', 30, 2, 14, 'Savings'),
(2080, 9, 200, '2014-05-26', 12, 2, 14, 'Past Due'),
(2081, 9, 0, '2014-05-26', 12, 2, 14, 'Savings'),
(2082, 51, 200, '2014-05-26', 33, 2, 14, 'Past Due'),
(2083, 51, 0, '2014-05-26', 33, 2, 14, 'Savings'),
(2084, 0, 50, '2014-05-26', 15, 2, 14, 'Savings'),
(2085, 0, 50, '2014-05-26', 16, 2, 14, 'Savings'),
(2086, 0, 50, '2014-05-26', 17, 2, 14, 'Savings'),
(2087, 0, 50, '2014-05-26', 36, 2, 14, 'Savings'),
(2088, 0, 50, '2014-05-26', 37, 2, 14, 'Savings'),
(2089, 0, 50, '2014-05-26', 38, 2, 14, 'Savings'),
(2090, 0, 50, '2014-05-26', 39, 2, 14, 'Savings'),
(2091, 0, 50, '2014-05-26', 40, 2, 14, 'Savings'),
(2092, 0, 0, '2014-05-26', 41, 2, 14, 'Savings'),
(2093, 0, 0, '2014-05-26', 42, 2, 14, 'Savings'),
(2094, 0, 0, '2014-05-26', 43, 2, 14, 'Savings'),
(2095, 0, 0, '2014-05-26', 44, 2, 14, 'Savings'),
(2096, 53, 200, '2014-06-02', 34, 2, 14, 'Loan '),
(2097, 53, 50, '2014-06-02', 34, 2, 14, 'Savings'),
(2098, 52, 200, '2014-06-02', 28, 2, 14, 'Loan '),
(2099, 52, 50, '2014-06-02', 28, 2, 14, 'Savings'),
(2100, 46, 200, '2014-06-02', 27, 2, 14, 'Loan '),
(2101, 46, 50, '2014-06-02', 27, 2, 14, 'Savings'),
(2102, 54, 200, '2014-06-02', 35, 2, 14, 'Loan '),
(2103, 54, 50, '2014-06-02', 35, 2, 14, 'Savings'),
(2104, 8, 200, '2014-06-02', 11, 2, 14, 'Loan '),
(2105, 8, 50, '2014-06-02', 11, 2, 14, 'Savings'),
(2106, 16, 200, '2014-06-02', 13, 2, 14, 'Loan '),
(2107, 16, 50, '2014-06-02', 13, 2, 14, 'Savings'),
(2108, 47, 200, '2014-06-02', 29, 2, 14, 'Loan '),
(2109, 47, 50, '2014-06-02', 29, 2, 14, 'Savings'),
(2110, 49, 200, '2014-06-02', 31, 2, 14, 'Loan '),
(2111, 49, 50, '2014-06-02', 31, 2, 14, 'Savings'),
(2112, 50, 200, '2014-06-02', 32, 2, 14, 'Past Due'),
(2113, 50, 0, '2014-06-02', 32, 2, 14, 'Savings'),
(2114, 48, 200, '2014-06-02', 30, 2, 14, 'Past Due'),
(2115, 48, 0, '2014-06-02', 30, 2, 14, 'Savings'),
(2116, 9, 200, '2014-06-02', 12, 2, 14, 'Past Due'),
(2117, 9, 0, '2014-06-02', 12, 2, 14, 'Savings'),
(2118, 51, 200, '2014-06-02', 33, 2, 14, 'Past Due'),
(2119, 51, 0, '2014-06-02', 33, 2, 14, 'Savings'),
(2120, 0, 50, '2014-06-02', 15, 2, 14, 'Savings'),
(2121, 0, 50, '2014-06-02', 16, 2, 14, 'Savings'),
(2122, 0, 50, '2014-06-02', 17, 2, 14, 'Savings'),
(2123, 0, 50, '2014-06-02', 36, 2, 14, 'Savings'),
(2124, 0, 50, '2014-06-02', 37, 2, 14, 'Savings'),
(2125, 0, 50, '2014-06-02', 38, 2, 14, 'Savings'),
(2126, 0, 50, '2014-06-02', 39, 2, 14, 'Savings'),
(2127, 0, 50, '2014-06-02', 40, 2, 14, 'Savings'),
(2128, 0, 0, '2014-06-02', 41, 2, 14, 'Savings'),
(2129, 0, 0, '2014-06-02', 42, 2, 14, 'Savings'),
(2130, 0, 0, '2014-06-02', 43, 2, 14, 'Savings'),
(2131, 0, 0, '2014-06-02', 44, 2, 14, 'Savings'),
(2132, 53, 200, '2014-06-09', 34, 2, 14, 'Loan '),
(2133, 53, 50, '2014-06-09', 34, 2, 14, 'Savings'),
(2134, 52, 200, '2014-06-09', 28, 2, 14, 'Loan '),
(2135, 52, 50, '2014-06-09', 28, 2, 14, 'Savings'),
(2136, 46, 200, '2014-06-09', 27, 2, 14, 'Loan '),
(2137, 46, 50, '2014-06-09', 27, 2, 14, 'Savings'),
(2138, 54, 200, '2014-06-09', 35, 2, 14, 'Loan '),
(2139, 54, 50, '2014-06-09', 35, 2, 14, 'Savings'),
(2140, 8, 200, '2014-06-09', 11, 2, 14, 'Loan '),
(2141, 8, 50, '2014-06-09', 11, 2, 14, 'Savings'),
(2142, 16, 200, '2014-06-09', 13, 2, 14, 'Loan '),
(2143, 16, 50, '2014-06-09', 13, 2, 14, 'Savings'),
(2144, 47, 200, '2014-06-09', 29, 2, 14, 'Loan '),
(2145, 47, 50, '2014-06-09', 29, 2, 14, 'Savings'),
(2146, 49, 200, '2014-06-09', 31, 2, 14, 'Loan '),
(2147, 49, 50, '2014-06-09', 31, 2, 14, 'Savings'),
(2148, 50, 200, '2014-06-09', 32, 2, 14, 'Past Due'),
(2149, 50, 0, '2014-06-09', 32, 2, 14, 'Savings'),
(2150, 48, 200, '2014-06-09', 30, 2, 14, 'Past Due'),
(2151, 48, 0, '2014-06-09', 30, 2, 14, 'Savings'),
(2152, 9, 200, '2014-06-09', 12, 2, 14, 'Past Due'),
(2153, 9, 0, '2014-06-09', 12, 2, 14, 'Savings'),
(2154, 51, 200, '2014-06-09', 33, 2, 14, 'Past Due'),
(2155, 51, 0, '2014-06-09', 33, 2, 14, 'Savings'),
(2156, 0, 50, '2014-06-09', 15, 2, 14, 'Savings'),
(2157, 0, 50, '2014-06-09', 16, 2, 14, 'Savings'),
(2158, 0, 50, '2014-06-09', 17, 2, 14, 'Savings'),
(2159, 0, 50, '2014-06-09', 36, 2, 14, 'Savings'),
(2160, 0, 50, '2014-06-09', 37, 2, 14, 'Savings'),
(2161, 0, 50, '2014-06-09', 38, 2, 14, 'Savings'),
(2162, 0, 50, '2014-06-09', 39, 2, 14, 'Savings'),
(2163, 0, 50, '2014-06-09', 40, 2, 14, 'Savings'),
(2164, 0, 0, '2014-06-09', 41, 2, 14, 'Savings'),
(2165, 0, 0, '2014-06-09', 42, 2, 14, 'Savings'),
(2166, 0, 0, '2014-06-09', 43, 2, 14, 'Savings'),
(2167, 0, 0, '2014-06-09', 44, 2, 14, 'Savings'),
(2168, 53, 200, '2014-06-16', 34, 2, 14, 'Loan '),
(2169, 53, 50, '2014-06-16', 34, 2, 14, 'Savings'),
(2170, 52, 200, '2014-06-16', 28, 2, 14, 'Loan '),
(2171, 52, 50, '2014-06-16', 28, 2, 14, 'Savings'),
(2172, 46, 200, '2014-06-16', 27, 2, 14, 'Loan '),
(2173, 46, 50, '2014-06-16', 27, 2, 14, 'Savings'),
(2174, 54, 200, '2014-06-16', 35, 2, 14, 'Loan '),
(2175, 54, 50, '2014-06-16', 35, 2, 14, 'Savings'),
(2176, 8, 200, '2014-06-16', 11, 2, 14, 'Loan '),
(2177, 8, 50, '2014-06-16', 11, 2, 14, 'Savings'),
(2178, 16, 200, '2014-06-16', 13, 2, 14, 'Loan '),
(2179, 16, 50, '2014-06-16', 13, 2, 14, 'Savings'),
(2180, 47, 200, '2014-06-16', 29, 2, 14, 'Loan '),
(2181, 47, 50, '2014-06-16', 29, 2, 14, 'Savings'),
(2182, 49, 200, '2014-06-16', 31, 2, 14, 'Loan '),
(2183, 49, 50, '2014-06-16', 31, 2, 14, 'Savings'),
(2184, 50, 200, '2014-06-16', 32, 2, 14, 'Past Due'),
(2185, 50, 0, '2014-06-16', 32, 2, 14, 'Savings'),
(2186, 48, 200, '2014-06-16', 30, 2, 14, 'Past Due'),
(2187, 48, 0, '2014-06-16', 30, 2, 14, 'Savings'),
(2188, 9, 200, '2014-06-16', 12, 2, 14, 'Past Due'),
(2189, 9, 0, '2014-06-16', 12, 2, 14, 'Savings'),
(2190, 51, 200, '2014-06-16', 33, 2, 14, 'Past Due'),
(2191, 51, 0, '2014-06-16', 33, 2, 14, 'Savings'),
(2192, 0, 50, '2014-06-16', 15, 2, 14, 'Savings'),
(2193, 0, 50, '2014-06-16', 16, 2, 14, 'Savings'),
(2194, 0, 50, '2014-06-16', 17, 2, 14, 'Savings'),
(2195, 0, 50, '2014-06-16', 36, 2, 14, 'Savings'),
(2196, 0, 50, '2014-06-16', 37, 2, 14, 'Savings'),
(2197, 0, 50, '2014-06-16', 38, 2, 14, 'Savings'),
(2198, 0, 50, '2014-06-16', 39, 2, 14, 'Savings'),
(2199, 0, 50, '2014-06-16', 40, 2, 14, 'Savings'),
(2200, 0, 0, '2014-06-16', 41, 2, 14, 'Savings'),
(2201, 0, 0, '2014-06-16', 42, 2, 14, 'Savings'),
(2202, 0, 0, '2014-06-16', 43, 2, 14, 'Savings'),
(2203, 0, 0, '2014-06-16', 44, 2, 14, 'Savings'),
(2204, 53, 200, '2014-06-23', 34, 2, 14, 'Loan '),
(2205, 53, 50, '2014-06-23', 34, 2, 14, 'Savings'),
(2206, 52, 200, '2014-06-23', 28, 2, 14, 'Loan '),
(2207, 52, 50, '2014-06-23', 28, 2, 14, 'Savings'),
(2208, 46, 200, '2014-06-23', 27, 2, 14, 'Loan '),
(2209, 46, 50, '2014-06-23', 27, 2, 14, 'Savings'),
(2210, 54, 200, '2014-06-23', 35, 2, 14, 'Loan '),
(2211, 54, 50, '2014-06-23', 35, 2, 14, 'Savings'),
(2212, 8, 200, '2014-06-23', 11, 2, 14, 'Loan '),
(2213, 8, 50, '2014-06-23', 11, 2, 14, 'Savings'),
(2214, 16, 200, '2014-06-23', 13, 2, 14, 'Loan '),
(2215, 16, 50, '2014-06-23', 13, 2, 14, 'Savings'),
(2216, 47, 200, '2014-06-23', 29, 2, 14, 'Loan '),
(2217, 47, 50, '2014-06-23', 29, 2, 14, 'Savings'),
(2218, 49, 200, '2014-06-23', 31, 2, 14, 'Loan '),
(2219, 49, 50, '2014-06-23', 31, 2, 14, 'Savings'),
(2220, 50, 200, '2014-06-23', 32, 2, 14, 'Past Due'),
(2221, 50, 0, '2014-06-23', 32, 2, 14, 'Savings'),
(2222, 48, 200, '2014-06-23', 30, 2, 14, 'Past Due'),
(2223, 48, 0, '2014-06-23', 30, 2, 14, 'Savings'),
(2224, 9, 200, '2014-06-23', 12, 2, 14, 'Past Due'),
(2225, 9, 0, '2014-06-23', 12, 2, 14, 'Savings'),
(2226, 51, 200, '2014-06-23', 33, 2, 14, 'Past Due'),
(2227, 51, 0, '2014-06-23', 33, 2, 14, 'Savings'),
(2228, 0, 50, '2014-06-23', 15, 2, 14, 'Savings'),
(2229, 0, 50, '2014-06-23', 16, 2, 14, 'Savings'),
(2230, 0, 50, '2014-06-23', 17, 2, 14, 'Savings'),
(2231, 0, 50, '2014-06-23', 36, 2, 14, 'Savings'),
(2232, 0, 50, '2014-06-23', 37, 2, 14, 'Savings'),
(2233, 0, 50, '2014-06-23', 38, 2, 14, 'Savings'),
(2234, 0, 50, '2014-06-23', 39, 2, 14, 'Savings'),
(2235, 0, 50, '2014-06-23', 40, 2, 14, 'Savings'),
(2236, 0, 0, '2014-06-23', 41, 2, 14, 'Savings'),
(2237, 0, 0, '2014-06-23', 42, 2, 14, 'Savings'),
(2238, 0, 0, '2014-06-23', 43, 2, 14, 'Savings'),
(2239, 0, 0, '2014-06-23', 44, 2, 14, 'Savings'),
(2240, 53, 200, '2014-06-30', 34, 2, 14, 'Loan '),
(2241, 53, 50, '2014-06-30', 34, 2, 14, 'Savings'),
(2242, 52, 200, '2014-06-30', 28, 2, 14, 'Loan '),
(2243, 52, 50, '2014-06-30', 28, 2, 14, 'Savings'),
(2244, 46, 200, '2014-06-30', 27, 2, 14, 'Loan '),
(2245, 46, 50, '2014-06-30', 27, 2, 14, 'Savings'),
(2246, 54, 200, '2014-06-30', 35, 2, 14, 'Loan '),
(2247, 54, 50, '2014-06-30', 35, 2, 14, 'Savings'),
(2248, 47, 200, '2014-06-30', 29, 2, 14, 'Loan '),
(2249, 47, 50, '2014-06-30', 29, 2, 14, 'Savings'),
(2250, 49, 200, '2014-06-30', 31, 2, 14, 'Loan '),
(2251, 49, 50, '2014-06-30', 31, 2, 14, 'Savings'),
(2252, 50, 200, '2014-06-30', 32, 2, 14, 'Past Due'),
(2253, 50, 0, '2014-06-30', 32, 2, 14, 'Savings'),
(2254, 48, 200, '2014-06-30', 30, 2, 14, 'Past Due'),
(2255, 48, 0, '2014-06-30', 30, 2, 14, 'Savings'),
(2256, 9, 200, '2014-06-30', 12, 2, 14, 'Past Due'),
(2257, 9, 0, '2014-06-30', 12, 2, 14, 'Savings'),
(2258, 51, 200, '2014-06-30', 33, 2, 14, 'Past Due'),
(2259, 51, 0, '2014-06-30', 33, 2, 14, 'Savings'),
(2260, 0, 50, '2014-06-30', 11, 2, 14, 'Savings'),
(2261, 0, 50, '2014-06-30', 13, 2, 14, 'Savings'),
(2262, 0, 50, '2014-06-30', 15, 2, 14, 'Savings'),
(2263, 0, 50, '2014-06-30', 16, 2, 14, 'Savings'),
(2264, 0, 50, '2014-06-30', 17, 2, 14, 'Savings'),
(2265, 0, 50, '2014-06-30', 36, 2, 14, 'Savings'),
(2266, 0, 50, '2014-06-30', 37, 2, 14, 'Savings'),
(2267, 0, 50, '2014-06-30', 38, 2, 14, 'Savings'),
(2268, 0, 50, '2014-06-30', 39, 2, 14, 'Savings'),
(2269, 0, 50, '2014-06-30', 40, 2, 14, 'Savings'),
(2270, 0, 0, '2014-06-30', 41, 2, 14, 'Savings'),
(2271, 0, 0, '2014-06-30', 42, 2, 14, 'Savings'),
(2272, 0, 0, '2014-06-30', 43, 2, 14, 'Savings'),
(2273, 0, 0, '2014-06-30', 44, 2, 14, 'Savings'),
(2274, 3, 4200, '2014-10-28', 3, 2, 2, 'Loan '),
(2275, 4, 4600, '2014-10-28', 4, 2, 2, 'Withdrawal '),
(2276, 4, 4600, '2014-10-28', 4, 2, 2, 'Loan '),
(2277, 60, 100, '2014-03-26', 46, 2, 13, 'Capital Share'),
(2278, 61, 100, '2014-03-26', 47, 2, 13, 'Capital Share'),
(2279, 62, 100, '2014-03-26', 48, 2, 13, 'Capital Share'),
(2280, 63, 100, '2014-03-26', 49, 2, 13, 'Capital Share'),
(2281, 64, 100, '2014-03-26', 50, 2, 13, 'Capital Share'),
(2282, 65, 100, '2014-03-26', 51, 2, 13, 'Capital Share'),
(2283, 66, 100, '2014-03-26', 52, 2, 13, 'Capital Share'),
(2284, 67, 100, '2014-03-26', 53, 2, 13, 'Capital Share'),
(2285, 73, 100, '2014-03-26', 59, 2, 13, 'Capital Share'),
(2286, 74, 100, '2014-03-26', 60, 2, 13, 'Capital Share'),
(2287, 75, 100, '2014-03-26', 61, 2, 13, 'Capital Share'),
(2288, 76, 100, '2014-03-26', 62, 2, 13, 'Capital Share'),
(2289, 72, 100, '2014-03-26', 58, 2, 13, 'Capital Share'),
(2290, 71, 100, '2014-03-26', 57, 2, 13, 'Capital Share'),
(2291, 70, 100, '2014-03-26', 56, 2, 13, 'Capital Share'),
(2292, 69, 100, '2014-03-26', 55, 2, 13, 'Capital Share'),
(2293, 68, 100, '2014-03-26', 54, 2, 13, 'Capital Share'),
(2294, 77, 100, '2014-03-26', 21, 2, 13, 'Capital Share'),
(2295, 78, 100, '2014-03-26', 22, 2, 13, 'Capital Share'),
(2296, 79, 100, '2014-03-26', 23, 2, 13, 'Capital Share'),
(2297, 43, 100, '2014-03-26', 18, 2, 13, 'Capital Share'),
(2298, 44, 100, '2014-03-26', 19, 2, 13, 'Capital Share'),
(2299, 45, 100, '2014-03-26', 20, 2, 13, 'Capital Share'),
(2300, 65, 100, '2014-03-26', 51, 2, 18, 'Loan '),
(2301, 65, 50, '2014-03-26', 51, 2, 18, 'Savings'),
(2302, 63, 100, '2014-03-26', 49, 2, 18, 'Loan '),
(2303, 63, 50, '2014-03-26', 49, 2, 18, 'Savings'),
(2304, 44, 250, '2014-03-26', 19, 2, 18, 'Loan '),
(2305, 44, 50, '2014-03-26', 19, 2, 18, 'Savings'),
(2306, 60, 100, '2014-03-26', 46, 2, 18, 'Loan '),
(2307, 60, 50, '2014-03-26', 46, 2, 18, 'Savings'),
(2308, 45, 250, '2014-03-26', 20, 2, 18, 'Loan '),
(2309, 45, 50, '2014-03-26', 20, 2, 18, 'Savings'),
(2310, 67, 100, '2014-03-26', 53, 2, 18, 'Loan '),
(2311, 67, 50, '2014-03-26', 53, 2, 18, 'Savings'),
(2312, 62, 100, '2014-03-26', 48, 2, 18, 'Loan '),
(2313, 62, 50, '2014-03-26', 48, 2, 18, 'Savings'),
(2314, 43, 250, '2014-03-26', 18, 2, 18, 'Loan '),
(2315, 43, 50, '2014-03-26', 18, 2, 18, 'Savings'),
(2316, 61, 100, '2014-03-26', 47, 2, 18, 'Loan '),
(2317, 61, 50, '2014-03-26', 47, 2, 18, 'Savings'),
(2318, 64, 100, '2014-03-26', 50, 2, 18, 'Loan '),
(2319, 64, 50, '2014-03-26', 50, 2, 18, 'Savings'),
(2320, 66, 100, '2014-03-26', 52, 2, 18, 'Loan '),
(2321, 66, 50, '2014-03-26', 52, 2, 18, 'Savings'),
(2322, 78, 250, '2014-03-26', 22, 2, 18, 'Loan '),
(2323, 78, 50, '2014-03-26', 22, 2, 18, 'Savings'),
(2324, 68, 100, '2014-03-26', 54, 2, 18, 'Loan '),
(2325, 68, 50, '2014-03-26', 54, 2, 18, 'Savings'),
(2326, 75, 100, '2014-03-26', 61, 2, 18, 'Loan '),
(2327, 75, 50, '2014-03-26', 61, 2, 18, 'Savings'),
(2328, 77, 250, '2014-03-26', 21, 2, 18, 'Loan '),
(2329, 77, 50, '2014-03-26', 21, 2, 18, 'Savings'),
(2330, 70, 100, '2014-03-26', 56, 2, 18, 'Loan '),
(2331, 70, 50, '2014-03-26', 56, 2, 18, 'Savings'),
(2332, 74, 100, '2014-03-26', 60, 2, 18, 'Loan '),
(2333, 74, 50, '2014-03-26', 60, 2, 18, 'Savings'),
(2334, 71, 100, '2014-03-26', 57, 2, 18, 'Loan '),
(2335, 71, 50, '2014-03-26', 57, 2, 18, 'Savings'),
(2336, 69, 100, '2014-03-26', 55, 2, 18, 'Loan '),
(2337, 69, 50, '2014-03-26', 55, 2, 18, 'Savings'),
(2338, 79, 250, '2014-03-26', 23, 2, 18, 'Loan '),
(2339, 79, 50, '2014-03-26', 23, 2, 18, 'Savings'),
(2340, 76, 100, '2014-03-26', 62, 2, 18, 'Past Due'),
(2341, 76, 0, '2014-03-26', 62, 2, 18, 'Savings'),
(2342, 73, 100, '2014-03-26', 59, 2, 18, 'Past Due'),
(2343, 73, 0, '2014-03-26', 59, 2, 18, 'Savings'),
(2344, 72, 100, '2014-03-26', 58, 2, 18, 'Past Due'),
(2345, 72, 0, '2014-03-26', 58, 2, 18, 'Savings'),
(2346, 65, 100, '2014-04-02', 51, 2, 18, 'Loan '),
(2347, 65, 50, '2014-04-02', 51, 2, 18, 'Savings'),
(2348, 63, 100, '2014-04-02', 49, 2, 18, 'Loan '),
(2349, 63, 50, '2014-04-02', 49, 2, 18, 'Savings'),
(2350, 44, 250, '2014-04-02', 19, 2, 18, 'Loan '),
(2351, 44, 50, '2014-04-02', 19, 2, 18, 'Savings'),
(2352, 60, 100, '2014-04-02', 46, 2, 18, 'Loan '),
(2353, 60, 50, '2014-04-02', 46, 2, 18, 'Savings'),
(2354, 45, 250, '2014-04-02', 20, 2, 18, 'Loan '),
(2355, 45, 50, '2014-04-02', 20, 2, 18, 'Savings'),
(2356, 67, 100, '2014-04-02', 53, 2, 18, 'Loan '),
(2357, 67, 50, '2014-04-02', 53, 2, 18, 'Savings'),
(2358, 62, 100, '2014-04-02', 48, 2, 18, 'Loan '),
(2359, 62, 50, '2014-04-02', 48, 2, 18, 'Savings'),
(2360, 43, 250, '2014-04-02', 18, 2, 18, 'Loan '),
(2361, 43, 50, '2014-04-02', 18, 2, 18, 'Savings'),
(2362, 61, 100, '2014-04-02', 47, 2, 18, 'Loan '),
(2363, 61, 50, '2014-04-02', 47, 2, 18, 'Savings'),
(2364, 64, 100, '2014-04-02', 50, 2, 18, 'Loan '),
(2365, 64, 50, '2014-04-02', 50, 2, 18, 'Savings'),
(2366, 66, 100, '2014-04-02', 52, 2, 18, 'Loan '),
(2367, 66, 50, '2014-04-02', 52, 2, 18, 'Savings'),
(2368, 78, 250, '2014-04-02', 22, 2, 18, 'Loan '),
(2369, 78, 50, '2014-04-02', 22, 2, 18, 'Savings'),
(2370, 68, 100, '2014-04-02', 54, 2, 18, 'Loan '),
(2371, 68, 50, '2014-04-02', 54, 2, 18, 'Savings'),
(2372, 75, 100, '2014-04-02', 61, 2, 18, 'Loan '),
(2373, 75, 50, '2014-04-02', 61, 2, 18, 'Savings'),
(2374, 77, 250, '2014-04-02', 21, 2, 18, 'Loan '),
(2375, 77, 50, '2014-04-02', 21, 2, 18, 'Savings'),
(2376, 70, 100, '2014-04-02', 56, 2, 18, 'Loan '),
(2377, 70, 50, '2014-04-02', 56, 2, 18, 'Savings'),
(2378, 74, 100, '2014-04-02', 60, 2, 18, 'Loan '),
(2379, 74, 50, '2014-04-02', 60, 2, 18, 'Savings'),
(2380, 71, 100, '2014-04-02', 57, 2, 18, 'Loan '),
(2381, 71, 50, '2014-04-02', 57, 2, 18, 'Savings'),
(2382, 69, 100, '2014-04-02', 55, 2, 18, 'Loan '),
(2383, 69, 50, '2014-04-02', 55, 2, 18, 'Savings'),
(2384, 79, 250, '2014-04-02', 23, 2, 18, 'Loan '),
(2385, 79, 50, '2014-04-02', 23, 2, 18, 'Savings'),
(2386, 76, 200, '2014-04-02', 62, 2, 18, 'Loan '),
(2387, 76, 50, '2014-04-02', 62, 2, 18, 'Savings'),
(2388, 73, 200, '2014-04-02', 59, 2, 18, 'Loan '),
(2389, 73, 50, '2014-04-02', 59, 2, 18, 'Savings'),
(2390, 72, 200, '2014-04-02', 58, 2, 18, 'Loan '),
(2391, 72, 50, '2014-04-02', 58, 2, 18, 'Savings'),
(2392, 65, 100, '2014-04-09', 51, 2, 18, 'Loan '),
(2393, 65, 50, '2014-04-09', 51, 2, 18, 'Savings'),
(2394, 63, 100, '2014-04-09', 49, 2, 18, 'Loan '),
(2395, 63, 50, '2014-04-09', 49, 2, 18, 'Savings'),
(2396, 44, 250, '2014-04-09', 19, 2, 18, 'Loan '),
(2397, 44, 50, '2014-04-09', 19, 2, 18, 'Savings'),
(2398, 60, 100, '2014-04-09', 46, 2, 18, 'Loan '),
(2399, 60, 50, '2014-04-09', 46, 2, 18, 'Savings'),
(2400, 45, 250, '2014-04-09', 20, 2, 18, 'Loan '),
(2401, 45, 50, '2014-04-09', 20, 2, 18, 'Savings'),
(2402, 67, 100, '2014-04-09', 53, 2, 18, 'Loan '),
(2403, 67, 50, '2014-04-09', 53, 2, 18, 'Savings'),
(2404, 62, 100, '2014-04-09', 48, 2, 18, 'Loan '),
(2405, 62, 50, '2014-04-09', 48, 2, 18, 'Savings'),
(2406, 43, 250, '2014-04-09', 18, 2, 18, 'Loan '),
(2407, 43, 50, '2014-04-09', 18, 2, 18, 'Savings'),
(2408, 61, 100, '2014-04-09', 47, 2, 18, 'Loan '),
(2409, 61, 50, '2014-04-09', 47, 2, 18, 'Savings'),
(2410, 64, 100, '2014-04-09', 50, 2, 18, 'Loan '),
(2411, 64, 50, '2014-04-09', 50, 2, 18, 'Savings'),
(2412, 66, 100, '2014-04-09', 52, 2, 18, 'Loan '),
(2413, 66, 50, '2014-04-09', 52, 2, 18, 'Savings'),
(2414, 78, 250, '2014-04-09', 22, 2, 18, 'Loan '),
(2415, 78, 50, '2014-04-09', 22, 2, 18, 'Savings'),
(2416, 68, 100, '2014-04-09', 54, 2, 18, 'Loan '),
(2417, 68, 50, '2014-04-09', 54, 2, 18, 'Savings'),
(2418, 75, 100, '2014-04-09', 61, 2, 18, 'Loan '),
(2419, 75, 50, '2014-04-09', 61, 2, 18, 'Savings'),
(2420, 77, 250, '2014-04-09', 21, 2, 18, 'Loan '),
(2421, 77, 50, '2014-04-09', 21, 2, 18, 'Savings'),
(2422, 70, 100, '2014-04-09', 56, 2, 18, 'Loan '),
(2423, 70, 50, '2014-04-09', 56, 2, 18, 'Savings'),
(2424, 74, 100, '2014-04-09', 60, 2, 18, 'Loan '),
(2425, 74, 50, '2014-04-09', 60, 2, 18, 'Savings'),
(2426, 71, 100, '2014-04-09', 57, 2, 18, 'Loan '),
(2427, 71, 50, '2014-04-09', 57, 2, 18, 'Savings'),
(2428, 69, 100, '2014-04-09', 55, 2, 18, 'Loan '),
(2429, 69, 50, '2014-04-09', 55, 2, 18, 'Savings'),
(2430, 79, 250, '2014-04-09', 23, 2, 18, 'Loan '),
(2431, 79, 50, '2014-04-09', 23, 2, 18, 'Savings'),
(2432, 76, 100, '2014-04-09', 62, 2, 18, 'Loan '),
(2433, 76, 50, '2014-04-09', 62, 2, 18, 'Savings'),
(2434, 73, 100, '2014-04-09', 59, 2, 18, 'Loan '),
(2435, 73, 50, '2014-04-09', 59, 2, 18, 'Savings'),
(2436, 72, 100, '2014-04-09', 58, 2, 18, 'Loan '),
(2437, 72, 50, '2014-04-09', 58, 2, 18, 'Savings'),
(2438, 65, 100, '2014-04-16', 51, 2, 18, 'Loan '),
(2439, 65, 50, '2014-04-16', 51, 2, 18, 'Savings'),
(2440, 63, 100, '2014-04-16', 49, 2, 18, 'Loan '),
(2441, 63, 50, '2014-04-16', 49, 2, 18, 'Savings'),
(2442, 44, 250, '2014-04-16', 19, 2, 18, 'Loan '),
(2443, 44, 50, '2014-04-16', 19, 2, 18, 'Savings'),
(2444, 60, 100, '2014-04-16', 46, 2, 18, 'Loan '),
(2445, 60, 50, '2014-04-16', 46, 2, 18, 'Savings'),
(2446, 45, 250, '2014-04-16', 20, 2, 18, 'Loan '),
(2447, 45, 50, '2014-04-16', 20, 2, 18, 'Savings'),
(2448, 67, 100, '2014-04-16', 53, 2, 18, 'Loan '),
(2449, 67, 50, '2014-04-16', 53, 2, 18, 'Savings'),
(2450, 62, 100, '2014-04-16', 48, 2, 18, 'Loan '),
(2451, 62, 50, '2014-04-16', 48, 2, 18, 'Savings'),
(2452, 43, 250, '2014-04-16', 18, 2, 18, 'Loan '),
(2453, 43, 50, '2014-04-16', 18, 2, 18, 'Savings'),
(2454, 61, 100, '2014-04-16', 47, 2, 18, 'Loan '),
(2455, 61, 50, '2014-04-16', 47, 2, 18, 'Savings'),
(2456, 64, 100, '2014-04-16', 50, 2, 18, 'Loan '),
(2457, 64, 50, '2014-04-16', 50, 2, 18, 'Savings'),
(2458, 66, 100, '2014-04-16', 52, 2, 18, 'Loan '),
(2459, 66, 50, '2014-04-16', 52, 2, 18, 'Savings'),
(2460, 78, 250, '2014-04-16', 22, 2, 18, 'Loan '),
(2461, 78, 50, '2014-04-16', 22, 2, 18, 'Savings'),
(2462, 68, 100, '2014-04-16', 54, 2, 18, 'Loan '),
(2463, 68, 50, '2014-04-16', 54, 2, 18, 'Savings'),
(2464, 75, 100, '2014-04-16', 61, 2, 18, 'Loan '),
(2465, 75, 50, '2014-04-16', 61, 2, 18, 'Savings'),
(2466, 77, 250, '2014-04-16', 21, 2, 18, 'Loan '),
(2467, 77, 50, '2014-04-16', 21, 2, 18, 'Savings'),
(2468, 70, 100, '2014-04-16', 56, 2, 18, 'Loan '),
(2469, 70, 50, '2014-04-16', 56, 2, 18, 'Savings'),
(2470, 74, 100, '2014-04-16', 60, 2, 18, 'Loan '),
(2471, 74, 50, '2014-04-16', 60, 2, 18, 'Savings'),
(2472, 71, 100, '2014-04-16', 57, 2, 18, 'Loan '),
(2473, 71, 50, '2014-04-16', 57, 2, 18, 'Savings'),
(2474, 69, 100, '2014-04-16', 55, 2, 18, 'Loan '),
(2475, 69, 50, '2014-04-16', 55, 2, 18, 'Savings'),
(2476, 79, 250, '2014-04-16', 23, 2, 18, 'Loan '),
(2477, 79, 50, '2014-04-16', 23, 2, 18, 'Savings'),
(2478, 76, 100, '2014-04-16', 62, 2, 18, 'Past Due'),
(2479, 76, 0, '2014-04-16', 62, 2, 18, 'Savings'),
(2480, 73, 100, '2014-04-16', 59, 2, 18, 'Past Due'),
(2481, 73, 0, '2014-04-16', 59, 2, 18, 'Savings'),
(2482, 72, 100, '2014-04-16', 58, 2, 18, 'Past Due'),
(2483, 72, 0, '2014-04-16', 58, 2, 18, 'Savings'),
(2484, 65, 100, '2014-04-23', 51, 2, 18, 'Loan '),
(2485, 65, 50, '2014-04-23', 51, 2, 18, 'Savings'),
(2486, 63, 100, '2014-04-23', 49, 2, 18, 'Loan '),
(2487, 63, 50, '2014-04-23', 49, 2, 18, 'Savings'),
(2488, 44, 250, '2014-04-23', 19, 2, 18, 'Loan '),
(2489, 44, 50, '2014-04-23', 19, 2, 18, 'Savings'),
(2490, 60, 100, '2014-04-23', 46, 2, 18, 'Loan '),
(2491, 60, 50, '2014-04-23', 46, 2, 18, 'Savings'),
(2492, 45, 250, '2014-04-23', 20, 2, 18, 'Loan '),
(2493, 45, 50, '2014-04-23', 20, 2, 18, 'Savings'),
(2494, 67, 100, '2014-04-23', 53, 2, 18, 'Loan '),
(2495, 67, 50, '2014-04-23', 53, 2, 18, 'Savings'),
(2496, 62, 100, '2014-04-23', 48, 2, 18, 'Loan '),
(2497, 62, 50, '2014-04-23', 48, 2, 18, 'Savings'),
(2498, 43, 250, '2014-04-23', 18, 2, 18, 'Loan '),
(2499, 43, 50, '2014-04-23', 18, 2, 18, 'Savings'),
(2500, 61, 100, '2014-04-23', 47, 2, 18, 'Loan '),
(2501, 61, 50, '2014-04-23', 47, 2, 18, 'Savings'),
(2502, 64, 100, '2014-04-23', 50, 2, 18, 'Loan '),
(2503, 64, 50, '2014-04-23', 50, 2, 18, 'Savings'),
(2504, 66, 100, '2014-04-23', 52, 2, 18, 'Loan '),
(2505, 66, 50, '2014-04-23', 52, 2, 18, 'Savings'),
(2506, 78, 250, '2014-04-23', 22, 2, 18, 'Loan '),
(2507, 78, 50, '2014-04-23', 22, 2, 18, 'Savings'),
(2508, 68, 100, '2014-04-23', 54, 2, 18, 'Loan '),
(2509, 68, 50, '2014-04-23', 54, 2, 18, 'Savings'),
(2510, 75, 100, '2014-04-23', 61, 2, 18, 'Loan '),
(2511, 75, 50, '2014-04-23', 61, 2, 18, 'Savings'),
(2512, 77, 250, '2014-04-23', 21, 2, 18, 'Loan '),
(2513, 77, 50, '2014-04-23', 21, 2, 18, 'Savings'),
(2514, 70, 100, '2014-04-23', 56, 2, 18, 'Loan '),
(2515, 70, 50, '2014-04-23', 56, 2, 18, 'Savings'),
(2516, 74, 100, '2014-04-23', 60, 2, 18, 'Loan '),
(2517, 74, 50, '2014-04-23', 60, 2, 18, 'Savings'),
(2518, 71, 100, '2014-04-23', 57, 2, 18, 'Loan '),
(2519, 71, 50, '2014-04-23', 57, 2, 18, 'Savings'),
(2520, 69, 100, '2014-04-23', 55, 2, 18, 'Loan '),
(2521, 69, 50, '2014-04-23', 55, 2, 18, 'Savings'),
(2522, 79, 250, '2014-04-23', 23, 2, 18, 'Loan '),
(2523, 79, 50, '2014-04-23', 23, 2, 18, 'Savings'),
(2524, 76, 100, '2014-04-23', 62, 2, 18, 'Loan '),
(2525, 76, 50, '2014-04-23', 62, 2, 18, 'Savings'),
(2526, 73, 100, '2014-04-23', 59, 2, 18, 'Loan '),
(2527, 73, 50, '2014-04-23', 59, 2, 18, 'Savings'),
(2528, 72, 100, '2014-04-23', 58, 2, 18, 'Loan '),
(2529, 72, 50, '2014-04-23', 58, 2, 18, 'Savings'),
(2530, 65, 100, '2014-04-30', 51, 2, 18, 'Loan '),
(2531, 65, 50, '2014-04-30', 51, 2, 18, 'Savings'),
(2532, 63, 100, '2014-04-30', 49, 2, 18, 'Loan '),
(2533, 63, 50, '2014-04-30', 49, 2, 18, 'Savings'),
(2534, 44, 250, '2014-04-30', 19, 2, 18, 'Loan '),
(2535, 44, 50, '2014-04-30', 19, 2, 18, 'Savings'),
(2536, 60, 100, '2014-04-30', 46, 2, 18, 'Loan '),
(2537, 60, 50, '2014-04-30', 46, 2, 18, 'Savings'),
(2538, 45, 250, '2014-04-30', 20, 2, 18, 'Loan '),
(2539, 45, 50, '2014-04-30', 20, 2, 18, 'Savings'),
(2540, 67, 100, '2014-04-30', 53, 2, 18, 'Loan '),
(2541, 67, 50, '2014-04-30', 53, 2, 18, 'Savings'),
(2542, 62, 100, '2014-04-30', 48, 2, 18, 'Loan '),
(2543, 62, 50, '2014-04-30', 48, 2, 18, 'Savings'),
(2544, 43, 250, '2014-04-30', 18, 2, 18, 'Loan '),
(2545, 43, 50, '2014-04-30', 18, 2, 18, 'Savings'),
(2546, 61, 100, '2014-04-30', 47, 2, 18, 'Loan '),
(2547, 61, 50, '2014-04-30', 47, 2, 18, 'Savings'),
(2548, 64, 100, '2014-04-30', 50, 2, 18, 'Loan '),
(2549, 64, 50, '2014-04-30', 50, 2, 18, 'Savings'),
(2550, 66, 100, '2014-04-30', 52, 2, 18, 'Loan '),
(2551, 66, 50, '2014-04-30', 52, 2, 18, 'Savings'),
(2552, 78, 250, '2014-04-30', 22, 2, 18, 'Loan '),
(2553, 78, 50, '2014-04-30', 22, 2, 18, 'Savings'),
(2554, 68, 100, '2014-04-30', 54, 2, 18, 'Loan '),
(2555, 68, 50, '2014-04-30', 54, 2, 18, 'Savings'),
(2556, 75, 100, '2014-04-30', 61, 2, 18, 'Loan '),
(2557, 75, 50, '2014-04-30', 61, 2, 18, 'Savings'),
(2558, 77, 250, '2014-04-30', 21, 2, 18, 'Loan '),
(2559, 77, 50, '2014-04-30', 21, 2, 18, 'Savings'),
(2560, 70, 100, '2014-04-30', 56, 2, 18, 'Loan '),
(2561, 70, 50, '2014-04-30', 56, 2, 18, 'Savings'),
(2562, 74, 100, '2014-04-30', 60, 2, 18, 'Loan '),
(2563, 74, 50, '2014-04-30', 60, 2, 18, 'Savings'),
(2564, 71, 100, '2014-04-30', 57, 2, 18, 'Loan '),
(2565, 71, 50, '2014-04-30', 57, 2, 18, 'Savings'),
(2566, 69, 100, '2014-04-30', 55, 2, 18, 'Loan '),
(2567, 69, 50, '2014-04-30', 55, 2, 18, 'Savings'),
(2568, 79, 250, '2014-04-30', 23, 2, 18, 'Loan '),
(2569, 79, 50, '2014-04-30', 23, 2, 18, 'Savings'),
(2570, 76, 100, '2014-04-30', 62, 2, 18, 'Loan '),
(2571, 76, 50, '2014-04-30', 62, 2, 18, 'Savings'),
(2572, 73, 100, '2014-04-30', 59, 2, 18, 'Loan '),
(2573, 73, 50, '2014-04-30', 59, 2, 18, 'Savings'),
(2574, 72, 100, '2014-04-30', 58, 2, 18, 'Loan '),
(2575, 72, 50, '2014-04-30', 58, 2, 18, 'Savings'),
(2576, 65, 100, '2014-05-07', 51, 2, 18, 'Loan '),
(2577, 65, 50, '2014-05-07', 51, 2, 18, 'Savings'),
(2578, 63, 100, '2014-05-07', 49, 2, 18, 'Loan '),
(2579, 63, 50, '2014-05-07', 49, 2, 18, 'Savings'),
(2580, 44, 250, '2014-05-07', 19, 2, 18, 'Loan '),
(2581, 44, 50, '2014-05-07', 19, 2, 18, 'Savings'),
(2582, 60, 100, '2014-05-07', 46, 2, 18, 'Loan '),
(2583, 60, 50, '2014-05-07', 46, 2, 18, 'Savings'),
(2584, 45, 250, '2014-05-07', 20, 2, 18, 'Loan '),
(2585, 45, 50, '2014-05-07', 20, 2, 18, 'Savings'),
(2586, 67, 100, '2014-05-07', 53, 2, 18, 'Loan '),
(2587, 67, 50, '2014-05-07', 53, 2, 18, 'Savings'),
(2588, 62, 100, '2014-05-07', 48, 2, 18, 'Loan '),
(2589, 62, 50, '2014-05-07', 48, 2, 18, 'Savings'),
(2590, 43, 250, '2014-05-07', 18, 2, 18, 'Loan '),
(2591, 43, 50, '2014-05-07', 18, 2, 18, 'Savings'),
(2592, 61, 100, '2014-05-07', 47, 2, 18, 'Loan '),
(2593, 61, 50, '2014-05-07', 47, 2, 18, 'Savings'),
(2594, 64, 100, '2014-05-07', 50, 2, 18, 'Loan '),
(2595, 64, 50, '2014-05-07', 50, 2, 18, 'Savings'),
(2596, 66, 100, '2014-05-07', 52, 2, 18, 'Loan '),
(2597, 66, 50, '2014-05-07', 52, 2, 18, 'Savings'),
(2598, 78, 250, '2014-05-07', 22, 2, 18, 'Loan '),
(2599, 78, 50, '2014-05-07', 22, 2, 18, 'Savings'),
(2600, 68, 100, '2014-05-07', 54, 2, 18, 'Loan '),
(2601, 68, 50, '2014-05-07', 54, 2, 18, 'Savings'),
(2602, 75, 100, '2014-05-07', 61, 2, 18, 'Loan '),
(2603, 75, 50, '2014-05-07', 61, 2, 18, 'Savings'),
(2604, 77, 250, '2014-05-07', 21, 2, 18, 'Loan '),
(2605, 77, 50, '2014-05-07', 21, 2, 18, 'Savings'),
(2606, 70, 100, '2014-05-07', 56, 2, 18, 'Loan '),
(2607, 70, 50, '2014-05-07', 56, 2, 18, 'Savings'),
(2608, 74, 100, '2014-05-07', 60, 2, 18, 'Loan '),
(2609, 74, 50, '2014-05-07', 60, 2, 18, 'Savings'),
(2610, 71, 100, '2014-05-07', 57, 2, 18, 'Loan '),
(2611, 71, 50, '2014-05-07', 57, 2, 18, 'Savings'),
(2612, 69, 100, '2014-05-07', 55, 2, 18, 'Loan '),
(2613, 69, 50, '2014-05-07', 55, 2, 18, 'Savings'),
(2614, 79, 250, '2014-05-07', 23, 2, 18, 'Loan '),
(2615, 79, 50, '2014-05-07', 23, 2, 18, 'Savings'),
(2616, 76, 100, '2014-05-07', 62, 2, 18, 'Past Due'),
(2617, 76, 0, '2014-05-07', 62, 2, 18, 'Savings'),
(2618, 73, 100, '2014-05-07', 59, 2, 18, 'Past Due'),
(2619, 73, 0, '2014-05-07', 59, 2, 18, 'Savings'),
(2620, 72, 100, '2014-05-07', 58, 2, 18, 'Past Due'),
(2621, 72, 0, '2014-05-07', 58, 2, 18, 'Savings'),
(2622, 65, 100, '2014-05-14', 51, 2, 18, 'Loan '),
(2623, 65, 50, '2014-05-14', 51, 2, 18, 'Savings'),
(2624, 63, 100, '2014-05-14', 49, 2, 18, 'Loan '),
(2625, 63, 50, '2014-05-14', 49, 2, 18, 'Savings'),
(2626, 44, 250, '2014-05-14', 19, 2, 18, 'Loan '),
(2627, 44, 50, '2014-05-14', 19, 2, 18, 'Savings'),
(2628, 60, 100, '2014-05-14', 46, 2, 18, 'Loan '),
(2629, 60, 50, '2014-05-14', 46, 2, 18, 'Savings'),
(2630, 45, 250, '2014-05-14', 20, 2, 18, 'Loan '),
(2631, 45, 50, '2014-05-14', 20, 2, 18, 'Savings'),
(2632, 67, 100, '2014-05-14', 53, 2, 18, 'Loan '),
(2633, 67, 50, '2014-05-14', 53, 2, 18, 'Savings'),
(2634, 62, 100, '2014-05-14', 48, 2, 18, 'Loan '),
(2635, 62, 50, '2014-05-14', 48, 2, 18, 'Savings'),
(2636, 43, 250, '2014-05-14', 18, 2, 18, 'Loan '),
(2637, 43, 50, '2014-05-14', 18, 2, 18, 'Savings'),
(2638, 61, 100, '2014-05-14', 47, 2, 18, 'Loan '),
(2639, 61, 50, '2014-05-14', 47, 2, 18, 'Savings'),
(2640, 64, 100, '2014-05-14', 50, 2, 18, 'Loan '),
(2641, 64, 50, '2014-05-14', 50, 2, 18, 'Savings'),
(2642, 66, 100, '2014-05-14', 52, 2, 18, 'Loan '),
(2643, 66, 50, '2014-05-14', 52, 2, 18, 'Savings'),
(2644, 78, 250, '2014-05-14', 22, 2, 18, 'Loan '),
(2645, 78, 50, '2014-05-14', 22, 2, 18, 'Savings'),
(2646, 68, 100, '2014-05-14', 54, 2, 18, 'Loan '),
(2647, 68, 50, '2014-05-14', 54, 2, 18, 'Savings'),
(2648, 75, 100, '2014-05-14', 61, 2, 18, 'Loan '),
(2649, 75, 50, '2014-05-14', 61, 2, 18, 'Savings'),
(2650, 77, 250, '2014-05-14', 21, 2, 18, 'Loan '),
(2651, 77, 50, '2014-05-14', 21, 2, 18, 'Savings'),
(2652, 70, 100, '2014-05-14', 56, 2, 18, 'Loan '),
(2653, 70, 50, '2014-05-14', 56, 2, 18, 'Savings'),
(2654, 74, 100, '2014-05-14', 60, 2, 18, 'Loan '),
(2655, 74, 50, '2014-05-14', 60, 2, 18, 'Savings'),
(2656, 71, 100, '2014-05-14', 57, 2, 18, 'Loan '),
(2657, 71, 50, '2014-05-14', 57, 2, 18, 'Savings'),
(2658, 69, 100, '2014-05-14', 55, 2, 18, 'Loan '),
(2659, 69, 50, '2014-05-14', 55, 2, 18, 'Savings'),
(2660, 79, 250, '2014-05-14', 23, 2, 18, 'Loan '),
(2661, 79, 50, '2014-05-14', 23, 2, 18, 'Savings'),
(2662, 76, 100, '2014-05-14', 62, 2, 18, 'Loan '),
(2663, 76, 50, '2014-05-14', 62, 2, 18, 'Savings'),
(2664, 73, 100, '2014-05-14', 59, 2, 18, 'Loan '),
(2665, 73, 50, '2014-05-14', 59, 2, 18, 'Savings'),
(2666, 72, 100, '2014-05-14', 58, 2, 18, 'Loan '),
(2667, 72, 50, '2014-05-14', 58, 2, 18, 'Savings'),
(2668, 65, 100, '2014-05-21', 51, 2, 18, 'Loan '),
(2669, 65, 50, '2014-05-21', 51, 2, 18, 'Savings'),
(2670, 63, 100, '2014-05-21', 49, 2, 18, 'Loan '),
(2671, 63, 50, '2014-05-21', 49, 2, 18, 'Savings'),
(2672, 44, 250, '2014-05-21', 19, 2, 18, 'Loan '),
(2673, 44, 50, '2014-05-21', 19, 2, 18, 'Savings'),
(2674, 60, 100, '2014-05-21', 46, 2, 18, 'Loan '),
(2675, 60, 50, '2014-05-21', 46, 2, 18, 'Savings'),
(2676, 45, 250, '2014-05-21', 20, 2, 18, 'Loan '),
(2677, 45, 50, '2014-05-21', 20, 2, 18, 'Savings'),
(2678, 67, 100, '2014-05-21', 53, 2, 18, 'Loan '),
(2679, 67, 50, '2014-05-21', 53, 2, 18, 'Savings'),
(2680, 62, 100, '2014-05-21', 48, 2, 18, 'Loan '),
(2681, 62, 50, '2014-05-21', 48, 2, 18, 'Savings'),
(2682, 43, 250, '2014-05-21', 18, 2, 18, 'Loan '),
(2683, 43, 50, '2014-05-21', 18, 2, 18, 'Savings'),
(2684, 61, 100, '2014-05-21', 47, 2, 18, 'Loan '),
(2685, 61, 50, '2014-05-21', 47, 2, 18, 'Savings'),
(2686, 64, 100, '2014-05-21', 50, 2, 18, 'Loan '),
(2687, 64, 50, '2014-05-21', 50, 2, 18, 'Savings'),
(2688, 66, 100, '2014-05-21', 52, 2, 18, 'Loan '),
(2689, 66, 50, '2014-05-21', 52, 2, 18, 'Savings'),
(2690, 78, 250, '2014-05-21', 22, 2, 18, 'Loan '),
(2691, 78, 50, '2014-05-21', 22, 2, 18, 'Savings'),
(2692, 68, 100, '2014-05-21', 54, 2, 18, 'Loan '),
(2693, 68, 50, '2014-05-21', 54, 2, 18, 'Savings'),
(2694, 75, 100, '2014-05-21', 61, 2, 18, 'Loan '),
(2695, 75, 50, '2014-05-21', 61, 2, 18, 'Savings'),
(2696, 77, 250, '2014-05-21', 21, 2, 18, 'Loan '),
(2697, 77, 50, '2014-05-21', 21, 2, 18, 'Savings'),
(2698, 70, 100, '2014-05-21', 56, 2, 18, 'Loan '),
(2699, 70, 50, '2014-05-21', 56, 2, 18, 'Savings'),
(2700, 74, 100, '2014-05-21', 60, 2, 18, 'Loan '),
(2701, 74, 50, '2014-05-21', 60, 2, 18, 'Savings'),
(2702, 71, 100, '2014-05-21', 57, 2, 18, 'Loan '),
(2703, 71, 50, '2014-05-21', 57, 2, 18, 'Savings'),
(2704, 69, 100, '2014-05-21', 55, 2, 18, 'Loan '),
(2705, 69, 50, '2014-05-21', 55, 2, 18, 'Savings'),
(2706, 79, 250, '2014-05-21', 23, 2, 18, 'Loan '),
(2707, 79, 50, '2014-05-21', 23, 2, 18, 'Savings'),
(2708, 76, 100, '2014-05-21', 62, 2, 18, 'Loan '),
(2709, 76, 50, '2014-05-21', 62, 2, 18, 'Savings'),
(2710, 73, 100, '2014-05-21', 59, 2, 18, 'Loan '),
(2711, 73, 50, '2014-05-21', 59, 2, 18, 'Savings'),
(2712, 72, 100, '2014-05-21', 58, 2, 18, 'Loan '),
(2713, 72, 50, '2014-05-21', 58, 2, 18, 'Savings'),
(2714, 65, 100, '2014-05-28', 51, 2, 18, 'Loan '),
(2715, 65, 50, '2014-05-28', 51, 2, 18, 'Savings'),
(2716, 63, 100, '2014-05-28', 49, 2, 18, 'Loan '),
(2717, 63, 50, '2014-05-28', 49, 2, 18, 'Savings'),
(2718, 44, 250, '2014-05-28', 19, 2, 18, 'Loan '),
(2719, 44, 50, '2014-05-28', 19, 2, 18, 'Savings'),
(2720, 60, 100, '2014-05-28', 46, 2, 18, 'Loan '),
(2721, 60, 50, '2014-05-28', 46, 2, 18, 'Savings'),
(2722, 45, 250, '2014-05-28', 20, 2, 18, 'Loan '),
(2723, 45, 50, '2014-05-28', 20, 2, 18, 'Savings'),
(2724, 67, 100, '2014-05-28', 53, 2, 18, 'Loan '),
(2725, 67, 50, '2014-05-28', 53, 2, 18, 'Savings'),
(2726, 62, 100, '2014-05-28', 48, 2, 18, 'Loan '),
(2727, 62, 50, '2014-05-28', 48, 2, 18, 'Savings'),
(2728, 43, 250, '2014-05-28', 18, 2, 18, 'Loan '),
(2729, 43, 50, '2014-05-28', 18, 2, 18, 'Savings'),
(2730, 61, 100, '2014-05-28', 47, 2, 18, 'Loan '),
(2731, 61, 50, '2014-05-28', 47, 2, 18, 'Savings'),
(2732, 64, 100, '2014-05-28', 50, 2, 18, 'Loan '),
(2733, 64, 50, '2014-05-28', 50, 2, 18, 'Savings'),
(2734, 66, 100, '2014-05-28', 52, 2, 18, 'Loan '),
(2735, 66, 50, '2014-05-28', 52, 2, 18, 'Savings'),
(2736, 78, 250, '2014-05-28', 22, 2, 18, 'Loan '),
(2737, 78, 50, '2014-05-28', 22, 2, 18, 'Savings'),
(2738, 68, 100, '2014-05-28', 54, 2, 18, 'Loan '),
(2739, 68, 50, '2014-05-28', 54, 2, 18, 'Savings'),
(2740, 75, 100, '2014-05-28', 61, 2, 18, 'Loan '),
(2741, 75, 50, '2014-05-28', 61, 2, 18, 'Savings'),
(2742, 77, 250, '2014-05-28', 21, 2, 18, 'Loan '),
(2743, 77, 50, '2014-05-28', 21, 2, 18, 'Savings'),
(2744, 70, 100, '2014-05-28', 56, 2, 18, 'Loan '),
(2745, 70, 50, '2014-05-28', 56, 2, 18, 'Savings'),
(2746, 74, 100, '2014-05-28', 60, 2, 18, 'Loan '),
(2747, 74, 50, '2014-05-28', 60, 2, 18, 'Savings'),
(2748, 71, 100, '2014-05-28', 57, 2, 18, 'Loan '),
(2749, 71, 50, '2014-05-28', 57, 2, 18, 'Savings'),
(2750, 69, 100, '2014-05-28', 55, 2, 18, 'Loan '),
(2751, 69, 50, '2014-05-28', 55, 2, 18, 'Savings'),
(2752, 79, 250, '2014-05-28', 23, 2, 18, 'Loan '),
(2753, 79, 50, '2014-05-28', 23, 2, 18, 'Savings'),
(2754, 76, 100, '2014-05-28', 62, 2, 18, 'Past Due'),
(2755, 76, 0, '2014-05-28', 62, 2, 18, 'Savings'),
(2756, 73, 100, '2014-05-28', 59, 2, 18, 'Past Due'),
(2757, 73, 0, '2014-05-28', 59, 2, 18, 'Savings'),
(2758, 72, 100, '2014-05-28', 58, 2, 18, 'Past Due'),
(2759, 72, 0, '2014-05-28', 58, 2, 18, 'Savings'),
(2760, 65, 100, '2014-06-04', 51, 2, 18, 'Loan '),
(2761, 65, 50, '2014-06-04', 51, 2, 18, 'Savings'),
(2762, 63, 100, '2014-06-04', 49, 2, 18, 'Loan '),
(2763, 63, 50, '2014-06-04', 49, 2, 18, 'Savings'),
(2764, 44, 250, '2014-06-04', 19, 2, 18, 'Loan '),
(2765, 44, 50, '2014-06-04', 19, 2, 18, 'Savings'),
(2766, 60, 100, '2014-06-04', 46, 2, 18, 'Loan '),
(2767, 60, 50, '2014-06-04', 46, 2, 18, 'Savings'),
(2768, 45, 250, '2014-06-04', 20, 2, 18, 'Loan '),
(2769, 45, 50, '2014-06-04', 20, 2, 18, 'Savings'),
(2770, 67, 100, '2014-06-04', 53, 2, 18, 'Loan '),
(2771, 67, 50, '2014-06-04', 53, 2, 18, 'Savings'),
(2772, 62, 100, '2014-06-04', 48, 2, 18, 'Loan '),
(2773, 62, 50, '2014-06-04', 48, 2, 18, 'Savings'),
(2774, 43, 250, '2014-06-04', 18, 2, 18, 'Loan '),
(2775, 43, 50, '2014-06-04', 18, 2, 18, 'Savings'),
(2776, 61, 100, '2014-06-04', 47, 2, 18, 'Loan '),
(2777, 61, 50, '2014-06-04', 47, 2, 18, 'Savings'),
(2778, 64, 100, '2014-06-04', 50, 2, 18, 'Loan '),
(2779, 64, 50, '2014-06-04', 50, 2, 18, 'Savings'),
(2780, 66, 100, '2014-06-04', 52, 2, 18, 'Loan '),
(2781, 66, 50, '2014-06-04', 52, 2, 18, 'Savings'),
(2782, 78, 250, '2014-06-04', 22, 2, 18, 'Loan '),
(2783, 78, 50, '2014-06-04', 22, 2, 18, 'Savings'),
(2784, 68, 100, '2014-06-04', 54, 2, 18, 'Loan '),
(2785, 68, 50, '2014-06-04', 54, 2, 18, 'Savings'),
(2786, 75, 100, '2014-06-04', 61, 2, 18, 'Loan '),
(2787, 75, 50, '2014-06-04', 61, 2, 18, 'Savings'),
(2788, 77, 250, '2014-06-04', 21, 2, 18, 'Loan '),
(2789, 77, 50, '2014-06-04', 21, 2, 18, 'Savings'),
(2790, 70, 100, '2014-06-04', 56, 2, 18, 'Loan '),
(2791, 70, 50, '2014-06-04', 56, 2, 18, 'Savings'),
(2792, 74, 100, '2014-06-04', 60, 2, 18, 'Loan '),
(2793, 74, 50, '2014-06-04', 60, 2, 18, 'Savings'),
(2794, 71, 100, '2014-06-04', 57, 2, 18, 'Loan '),
(2795, 71, 50, '2014-06-04', 57, 2, 18, 'Savings'),
(2796, 69, 100, '2014-06-04', 55, 2, 18, 'Loan '),
(2797, 69, 50, '2014-06-04', 55, 2, 18, 'Savings'),
(2798, 79, 250, '2014-06-04', 23, 2, 18, 'Loan '),
(2799, 79, 50, '2014-06-04', 23, 2, 18, 'Savings'),
(2800, 76, 200, '2014-06-04', 62, 2, 18, 'Loan '),
(2801, 76, 50, '2014-06-04', 62, 2, 18, 'Savings'),
(2802, 73, 200, '2014-06-04', 59, 2, 18, 'Loan '),
(2803, 73, 50, '2014-06-04', 59, 2, 18, 'Savings'),
(2804, 72, 200, '2014-06-04', 58, 2, 18, 'Loan '),
(2805, 72, 50, '2014-06-04', 58, 2, 18, 'Savings'),
(2806, 65, 100, '2014-06-11', 51, 2, 18, 'Loan '),
(2807, 65, 50, '2014-06-11', 51, 2, 18, 'Savings'),
(2808, 63, 100, '2014-06-11', 49, 2, 18, 'Loan '),
(2809, 63, 50, '2014-06-11', 49, 2, 18, 'Savings'),
(2810, 44, 250, '2014-06-11', 19, 2, 18, 'Loan '),
(2811, 44, 50, '2014-06-11', 19, 2, 18, 'Savings'),
(2812, 60, 100, '2014-06-11', 46, 2, 18, 'Loan '),
(2813, 60, 50, '2014-06-11', 46, 2, 18, 'Savings'),
(2814, 45, 250, '2014-06-11', 20, 2, 18, 'Loan '),
(2815, 45, 50, '2014-06-11', 20, 2, 18, 'Savings'),
(2816, 67, 100, '2014-06-11', 53, 2, 18, 'Loan '),
(2817, 67, 50, '2014-06-11', 53, 2, 18, 'Savings'),
(2818, 62, 100, '2014-06-11', 48, 2, 18, 'Loan '),
(2819, 62, 50, '2014-06-11', 48, 2, 18, 'Savings'),
(2820, 43, 250, '2014-06-11', 18, 2, 18, 'Loan '),
(2821, 43, 50, '2014-06-11', 18, 2, 18, 'Savings'),
(2822, 61, 100, '2014-06-11', 47, 2, 18, 'Loan '),
(2823, 61, 50, '2014-06-11', 47, 2, 18, 'Savings'),
(2824, 64, 100, '2014-06-11', 50, 2, 18, 'Loan '),
(2825, 64, 50, '2014-06-11', 50, 2, 18, 'Savings'),
(2826, 66, 100, '2014-06-11', 52, 2, 18, 'Loan '),
(2827, 66, 50, '2014-06-11', 52, 2, 18, 'Savings'),
(2828, 78, 250, '2014-06-11', 22, 2, 18, 'Loan '),
(2829, 78, 50, '2014-06-11', 22, 2, 18, 'Savings'),
(2830, 68, 100, '2014-06-11', 54, 2, 18, 'Loan '),
(2831, 68, 50, '2014-06-11', 54, 2, 18, 'Savings'),
(2832, 75, 100, '2014-06-11', 61, 2, 18, 'Loan '),
(2833, 75, 50, '2014-06-11', 61, 2, 18, 'Savings'),
(2834, 77, 250, '2014-06-11', 21, 2, 18, 'Loan '),
(2835, 77, 50, '2014-06-11', 21, 2, 18, 'Savings'),
(2836, 70, 100, '2014-06-11', 56, 2, 18, 'Loan '),
(2837, 70, 50, '2014-06-11', 56, 2, 18, 'Savings'),
(2838, 74, 100, '2014-06-11', 60, 2, 18, 'Loan '),
(2839, 74, 50, '2014-06-11', 60, 2, 18, 'Savings'),
(2840, 71, 100, '2014-06-11', 57, 2, 18, 'Loan '),
(2841, 71, 50, '2014-06-11', 57, 2, 18, 'Savings'),
(2842, 69, 100, '2014-06-11', 55, 2, 18, 'Loan '),
(2843, 69, 50, '2014-06-11', 55, 2, 18, 'Savings'),
(2844, 79, 250, '2014-06-11', 23, 2, 18, 'Loan '),
(2845, 79, 50, '2014-06-11', 23, 2, 18, 'Savings'),
(2846, 76, 200, '2014-06-11', 62, 2, 18, 'Loan '),
(2847, 76, 50, '2014-06-11', 62, 2, 18, 'Savings'),
(2848, 73, 200, '2014-06-11', 59, 2, 18, 'Loan '),
(2849, 73, 50, '2014-06-11', 59, 2, 18, 'Savings'),
(2850, 72, 200, '2014-06-11', 58, 2, 18, 'Loan '),
(2851, 72, 50, '2014-06-11', 58, 2, 18, 'Savings'),
(2852, 65, 100, '2014-06-25', 51, 2, 18, 'Loan '),
(2853, 65, 50, '2014-06-25', 51, 2, 18, 'Savings'),
(2854, 63, 100, '2014-06-25', 49, 2, 18, 'Loan '),
(2855, 63, 50, '2014-06-25', 49, 2, 18, 'Savings'),
(2856, 44, 250, '2014-06-25', 19, 2, 18, 'Loan '),
(2857, 44, 50, '2014-06-25', 19, 2, 18, 'Savings'),
(2858, 60, 100, '2014-06-25', 46, 2, 18, 'Loan '),
(2859, 60, 50, '2014-06-25', 46, 2, 18, 'Savings'),
(2860, 45, 250, '2014-06-25', 20, 2, 18, 'Loan '),
(2861, 45, 50, '2014-06-25', 20, 2, 18, 'Savings'),
(2862, 67, 100, '2014-06-25', 53, 2, 18, 'Loan '),
(2863, 67, 50, '2014-06-25', 53, 2, 18, 'Savings'),
(2864, 62, 100, '2014-06-25', 48, 2, 18, 'Loan '),
(2865, 62, 50, '2014-06-25', 48, 2, 18, 'Savings'),
(2866, 43, 250, '2014-06-25', 18, 2, 18, 'Loan '),
(2867, 43, 50, '2014-06-25', 18, 2, 18, 'Savings'),
(2868, 61, 100, '2014-06-25', 47, 2, 18, 'Loan '),
(2869, 61, 50, '2014-06-25', 47, 2, 18, 'Savings'),
(2870, 64, 100, '2014-06-25', 50, 2, 18, 'Loan '),
(2871, 64, 50, '2014-06-25', 50, 2, 18, 'Savings'),
(2872, 66, 100, '2014-06-25', 52, 2, 18, 'Loan '),
(2873, 66, 50, '2014-06-25', 52, 2, 18, 'Savings'),
(2874, 78, 250, '2014-06-25', 22, 2, 18, 'Loan '),
(2875, 78, 50, '2014-06-25', 22, 2, 18, 'Savings'),
(2876, 68, 100, '2014-06-25', 54, 2, 18, 'Loan '),
(2877, 68, 50, '2014-06-25', 54, 2, 18, 'Savings'),
(2878, 75, 100, '2014-06-25', 61, 2, 18, 'Loan '),
(2879, 75, 50, '2014-06-25', 61, 2, 18, 'Savings'),
(2880, 77, 250, '2014-06-25', 21, 2, 18, 'Loan '),
(2881, 77, 50, '2014-06-25', 21, 2, 18, 'Savings'),
(2882, 70, 100, '2014-06-25', 56, 2, 18, 'Loan '),
(2883, 70, 50, '2014-06-25', 56, 2, 18, 'Savings'),
(2884, 74, 100, '2014-06-25', 60, 2, 18, 'Loan '),
(2885, 74, 50, '2014-06-25', 60, 2, 18, 'Savings'),
(2886, 71, 100, '2014-06-25', 57, 2, 18, 'Loan '),
(2887, 71, 50, '2014-06-25', 57, 2, 18, 'Savings'),
(2888, 69, 100, '2014-06-25', 55, 2, 18, 'Loan '),
(2889, 69, 50, '2014-06-25', 55, 2, 18, 'Savings'),
(2890, 79, 250, '2014-06-25', 23, 2, 18, 'Loan '),
(2891, 79, 50, '2014-06-25', 23, 2, 18, 'Savings'),
(2892, 76, 100, '2014-06-25', 62, 2, 18, 'Past Due'),
(2893, 76, 0, '2014-06-25', 62, 2, 18, 'Savings'),
(2894, 73, 100, '2014-06-25', 59, 2, 18, 'Past Due'),
(2895, 73, 0, '2014-06-25', 59, 2, 18, 'Savings'),
(2896, 72, 100, '2014-06-25', 58, 2, 18, 'Past Due'),
(2897, 72, 0, '2014-06-25', 58, 2, 18, 'Savings'),
(2898, 65, 100, '2014-06-18', 51, 2, 18, 'Loan '),
(2899, 65, 50, '2014-06-18', 51, 2, 18, 'Savings'),
(2900, 63, 100, '2014-06-18', 49, 2, 18, 'Loan '),
(2901, 63, 50, '2014-06-18', 49, 2, 18, 'Savings'),
(2902, 44, 250, '2014-06-18', 19, 2, 18, 'Loan '),
(2903, 44, 50, '2014-06-18', 19, 2, 18, 'Savings'),
(2904, 60, 100, '2014-06-18', 46, 2, 18, 'Loan '),
(2905, 60, 50, '2014-06-18', 46, 2, 18, 'Savings'),
(2906, 45, 250, '2014-06-18', 20, 2, 18, 'Loan '),
(2907, 45, 50, '2014-06-18', 20, 2, 18, 'Savings'),
(2908, 67, 100, '2014-06-18', 53, 2, 18, 'Loan '),
(2909, 67, 50, '2014-06-18', 53, 2, 18, 'Savings'),
(2910, 62, 100, '2014-06-18', 48, 2, 18, 'Loan '),
(2911, 62, 50, '2014-06-18', 48, 2, 18, 'Savings'),
(2912, 43, 250, '2014-06-18', 18, 2, 18, 'Loan '),
(2913, 43, 50, '2014-06-18', 18, 2, 18, 'Savings'),
(2914, 61, 100, '2014-06-18', 47, 2, 18, 'Loan '),
(2915, 61, 50, '2014-06-18', 47, 2, 18, 'Savings'),
(2916, 64, 100, '2014-06-18', 50, 2, 18, 'Loan '),
(2917, 64, 50, '2014-06-18', 50, 2, 18, 'Savings'),
(2918, 66, 100, '2014-06-18', 52, 2, 18, 'Loan '),
(2919, 66, 50, '2014-06-18', 52, 2, 18, 'Savings'),
(2920, 78, 250, '2014-06-18', 22, 2, 18, 'Loan '),
(2921, 78, 50, '2014-06-18', 22, 2, 18, 'Savings'),
(2922, 68, 100, '2014-06-18', 54, 2, 18, 'Loan '),
(2923, 68, 50, '2014-06-18', 54, 2, 18, 'Savings'),
(2924, 75, 100, '2014-06-18', 61, 2, 18, 'Loan '),
(2925, 75, 50, '2014-06-18', 61, 2, 18, 'Savings'),
(2926, 77, 250, '2014-06-18', 21, 2, 18, 'Loan '),
(2927, 77, 50, '2014-06-18', 21, 2, 18, 'Savings'),
(2928, 70, 100, '2014-06-18', 56, 2, 18, 'Loan '),
(2929, 70, 50, '2014-06-18', 56, 2, 18, 'Savings'),
(2930, 74, 100, '2014-06-18', 60, 2, 18, 'Loan '),
(2931, 74, 50, '2014-06-18', 60, 2, 18, 'Savings'),
(2932, 71, 100, '2014-06-18', 57, 2, 18, 'Loan '),
(2933, 71, 50, '2014-06-18', 57, 2, 18, 'Savings'),
(2934, 69, 100, '2014-06-18', 55, 2, 18, 'Loan '),
(2935, 69, 50, '2014-06-18', 55, 2, 18, 'Savings'),
(2936, 79, 250, '2014-06-18', 23, 2, 18, 'Loan '),
(2937, 79, 50, '2014-06-18', 23, 2, 18, 'Savings'),
(2938, 76, 200, '2014-06-18', 62, 2, 18, 'Loan '),
(2939, 76, 50, '2014-06-18', 62, 2, 18, 'Savings'),
(2940, 73, 200, '2014-06-18', 59, 2, 18, 'Loan '),
(2941, 73, 50, '2014-06-18', 59, 2, 18, 'Savings'),
(2942, 72, 200, '2014-06-18', 58, 2, 18, 'Loan '),
(2943, 72, 50, '2014-06-18', 58, 2, 18, 'Savings'),
(2944, 65, 100, '2014-07-02', 51, 2, 18, 'Loan '),
(2945, 65, 50, '2014-07-02', 51, 2, 18, 'Savings'),
(2946, 63, 100, '2014-07-02', 49, 2, 18, 'Loan '),
(2947, 63, 50, '2014-07-02', 49, 2, 18, 'Savings'),
(2948, 44, 250, '2014-07-02', 19, 2, 18, 'Loan '),
(2949, 44, 50, '2014-07-02', 19, 2, 18, 'Savings'),
(2950, 60, 100, '2014-07-02', 46, 2, 18, 'Loan '),
(2951, 60, 50, '2014-07-02', 46, 2, 18, 'Savings'),
(2952, 45, 250, '2014-07-02', 20, 2, 18, 'Loan '),
(2953, 45, 50, '2014-07-02', 20, 2, 18, 'Savings'),
(2954, 67, 100, '2014-07-02', 53, 2, 18, 'Loan '),
(2955, 67, 50, '2014-07-02', 53, 2, 18, 'Savings'),
(2956, 62, 100, '2014-07-02', 48, 2, 18, 'Loan '),
(2957, 62, 50, '2014-07-02', 48, 2, 18, 'Savings'),
(2958, 43, 250, '2014-07-02', 18, 2, 18, 'Loan '),
(2959, 43, 50, '2014-07-02', 18, 2, 18, 'Savings'),
(2960, 61, 100, '2014-07-02', 47, 2, 18, 'Loan '),
(2961, 61, 50, '2014-07-02', 47, 2, 18, 'Savings'),
(2962, 64, 100, '2014-07-02', 50, 2, 18, 'Loan '),
(2963, 64, 50, '2014-07-02', 50, 2, 18, 'Savings'),
(2964, 66, 100, '2014-07-02', 52, 2, 18, 'Loan '),
(2965, 66, 50, '2014-07-02', 52, 2, 18, 'Savings'),
(2966, 78, 250, '2014-07-02', 22, 2, 18, 'Loan '),
(2967, 78, 50, '2014-07-02', 22, 2, 18, 'Savings'),
(2968, 68, 100, '2014-07-02', 54, 2, 18, 'Loan '),
(2969, 68, 50, '2014-07-02', 54, 2, 18, 'Savings'),
(2970, 75, 100, '2014-07-02', 61, 2, 18, 'Loan '),
(2971, 75, 50, '2014-07-02', 61, 2, 18, 'Savings'),
(2972, 77, 250, '2014-07-02', 21, 2, 18, 'Loan '),
(2973, 77, 50, '2014-07-02', 21, 2, 18, 'Savings'),
(2974, 70, 100, '2014-07-02', 56, 2, 18, 'Loan '),
(2975, 70, 50, '2014-07-02', 56, 2, 18, 'Savings'),
(2976, 74, 100, '2014-07-02', 60, 2, 18, 'Loan '),
(2977, 74, 50, '2014-07-02', 60, 2, 18, 'Savings'),
(2978, 71, 100, '2014-07-02', 57, 2, 18, 'Loan '),
(2979, 71, 50, '2014-07-02', 57, 2, 18, 'Savings'),
(2980, 69, 100, '2014-07-02', 55, 2, 18, 'Loan '),
(2981, 69, 50, '2014-07-02', 55, 2, 18, 'Savings'),
(2982, 79, 250, '2014-07-02', 23, 2, 18, 'Loan '),
(2983, 79, 50, '2014-07-02', 23, 2, 18, 'Savings'),
(2984, 76, 200, '2014-07-02', 62, 2, 18, 'Loan '),
(2985, 76, 50, '2014-07-02', 62, 2, 18, 'Savings'),
(2986, 73, 200, '2014-07-02', 59, 2, 18, 'Loan '),
(2987, 73, 50, '2014-07-02', 59, 2, 18, 'Savings'),
(2988, 72, 200, '2014-07-02', 58, 2, 18, 'Loan '),
(2989, 72, 50, '2014-07-02', 58, 2, 18, 'Savings'),
(2990, 65, 100, '2014-07-16', 51, 2, 18, 'Loan '),
(2991, 65, 50, '2014-07-16', 51, 2, 18, 'Savings'),
(2992, 63, 100, '2014-07-16', 49, 2, 18, 'Loan '),
(2993, 63, 50, '2014-07-16', 49, 2, 18, 'Savings'),
(2994, 44, 250, '2014-07-16', 19, 2, 18, 'Loan '),
(2995, 44, 50, '2014-07-16', 19, 2, 18, 'Savings'),
(2996, 60, 100, '2014-07-16', 46, 2, 18, 'Loan '),
(2997, 60, 50, '2014-07-16', 46, 2, 18, 'Savings'),
(2998, 45, 250, '2014-07-16', 20, 2, 18, 'Loan '),
(2999, 45, 50, '2014-07-16', 20, 2, 18, 'Savings'),
(3000, 67, 100, '2014-07-16', 53, 2, 18, 'Loan '),
(3001, 67, 50, '2014-07-16', 53, 2, 18, 'Savings'),
(3002, 62, 100, '2014-07-16', 48, 2, 18, 'Loan '),
(3003, 62, 50, '2014-07-16', 48, 2, 18, 'Savings'),
(3004, 43, 250, '2014-07-16', 18, 2, 18, 'Loan '),
(3005, 43, 50, '2014-07-16', 18, 2, 18, 'Savings'),
(3006, 61, 100, '2014-07-16', 47, 2, 18, 'Loan '),
(3007, 61, 50, '2014-07-16', 47, 2, 18, 'Savings'),
(3008, 64, 100, '2014-07-16', 50, 2, 18, 'Loan '),
(3009, 64, 50, '2014-07-16', 50, 2, 18, 'Savings'),
(3010, 66, 100, '2014-07-16', 52, 2, 18, 'Loan '),
(3011, 66, 50, '2014-07-16', 52, 2, 18, 'Savings'),
(3012, 78, 250, '2014-07-16', 22, 2, 18, 'Loan '),
(3013, 78, 50, '2014-07-16', 22, 2, 18, 'Savings'),
(3014, 68, 100, '2014-07-16', 54, 2, 18, 'Loan '),
(3015, 68, 50, '2014-07-16', 54, 2, 18, 'Savings'),
(3016, 75, 100, '2014-07-16', 61, 2, 18, 'Loan '),
(3017, 75, 50, '2014-07-16', 61, 2, 18, 'Savings'),
(3018, 77, 250, '2014-07-16', 21, 2, 18, 'Loan '),
(3019, 77, 50, '2014-07-16', 21, 2, 18, 'Savings'),
(3020, 70, 100, '2014-07-16', 56, 2, 18, 'Loan '),
(3021, 70, 50, '2014-07-16', 56, 2, 18, 'Savings'),
(3022, 74, 100, '2014-07-16', 60, 2, 18, 'Loan '),
(3023, 74, 50, '2014-07-16', 60, 2, 18, 'Savings'),
(3024, 71, 100, '2014-07-16', 57, 2, 18, 'Loan '),
(3025, 71, 50, '2014-07-16', 57, 2, 18, 'Savings'),
(3026, 69, 100, '2014-07-16', 55, 2, 18, 'Loan '),
(3027, 69, 50, '2014-07-16', 55, 2, 18, 'Savings'),
(3028, 79, 250, '2014-07-16', 23, 2, 18, 'Loan '),
(3029, 79, 50, '2014-07-16', 23, 2, 18, 'Savings'),
(3030, 76, 100, '2014-07-16', 62, 2, 18, 'Loan '),
(3031, 76, 50, '2014-07-16', 62, 2, 18, 'Savings'),
(3032, 73, 100, '2014-07-16', 59, 2, 18, 'Loan '),
(3033, 73, 50, '2014-07-16', 59, 2, 18, 'Savings'),
(3034, 72, 100, '2014-07-16', 58, 2, 18, 'Loan '),
(3035, 72, 50, '2014-07-16', 58, 2, 18, 'Savings'),
(3036, 65, 100, '2014-07-23', 51, 2, 18, 'Loan '),
(3037, 65, 50, '2014-07-23', 51, 2, 18, 'Savings');
INSERT INTO `transaction` (`ControlNo`, `LoanAppControlNo`, `Amount`, `DateTime`, `Members_ControlNo`, `Passbook_ControlNo`, `CaritasPersonnel_ControlNo`, `TransactionType`) VALUES
(3038, 63, 100, '2014-07-23', 49, 2, 18, 'Loan '),
(3039, 63, 50, '2014-07-23', 49, 2, 18, 'Savings'),
(3040, 44, 250, '2014-07-23', 19, 2, 18, 'Loan '),
(3041, 44, 50, '2014-07-23', 19, 2, 18, 'Savings'),
(3042, 60, 100, '2014-07-23', 46, 2, 18, 'Loan '),
(3043, 60, 50, '2014-07-23', 46, 2, 18, 'Savings'),
(3044, 45, 250, '2014-07-23', 20, 2, 18, 'Loan '),
(3045, 45, 50, '2014-07-23', 20, 2, 18, 'Savings'),
(3046, 67, 100, '2014-07-23', 53, 2, 18, 'Loan '),
(3047, 67, 50, '2014-07-23', 53, 2, 18, 'Savings'),
(3048, 62, 100, '2014-07-23', 48, 2, 18, 'Loan '),
(3049, 62, 50, '2014-07-23', 48, 2, 18, 'Savings'),
(3050, 43, 250, '2014-07-23', 18, 2, 18, 'Loan '),
(3051, 43, 50, '2014-07-23', 18, 2, 18, 'Savings'),
(3052, 61, 100, '2014-07-23', 47, 2, 18, 'Loan '),
(3053, 61, 50, '2014-07-23', 47, 2, 18, 'Savings'),
(3054, 64, 100, '2014-07-23', 50, 2, 18, 'Loan '),
(3055, 64, 50, '2014-07-23', 50, 2, 18, 'Savings'),
(3056, 66, 100, '2014-07-23', 52, 2, 18, 'Loan '),
(3057, 66, 50, '2014-07-23', 52, 2, 18, 'Savings'),
(3058, 78, 250, '2014-07-23', 22, 2, 18, 'Loan '),
(3059, 78, 50, '2014-07-23', 22, 2, 18, 'Savings'),
(3060, 68, 100, '2014-07-23', 54, 2, 18, 'Loan '),
(3061, 68, 50, '2014-07-23', 54, 2, 18, 'Savings'),
(3062, 75, 100, '2014-07-23', 61, 2, 18, 'Loan '),
(3063, 75, 50, '2014-07-23', 61, 2, 18, 'Savings'),
(3064, 77, 250, '2014-07-23', 21, 2, 18, 'Loan '),
(3065, 77, 50, '2014-07-23', 21, 2, 18, 'Savings'),
(3066, 70, 100, '2014-07-23', 56, 2, 18, 'Loan '),
(3067, 70, 50, '2014-07-23', 56, 2, 18, 'Savings'),
(3068, 74, 100, '2014-07-23', 60, 2, 18, 'Loan '),
(3069, 74, 50, '2014-07-23', 60, 2, 18, 'Savings'),
(3070, 71, 100, '2014-07-23', 57, 2, 18, 'Loan '),
(3071, 71, 50, '2014-07-23', 57, 2, 18, 'Savings'),
(3072, 69, 100, '2014-07-23', 55, 2, 18, 'Loan '),
(3073, 69, 50, '2014-07-23', 55, 2, 18, 'Savings'),
(3074, 79, 250, '2014-07-23', 23, 2, 18, 'Loan '),
(3075, 79, 50, '2014-07-23', 23, 2, 18, 'Savings'),
(3076, 76, 100, '2014-07-23', 62, 2, 18, 'Loan '),
(3077, 76, 50, '2014-07-23', 62, 2, 18, 'Savings'),
(3078, 73, 100, '2014-07-23', 59, 2, 18, 'Loan '),
(3079, 73, 50, '2014-07-23', 59, 2, 18, 'Savings'),
(3080, 72, 100, '2014-07-23', 58, 2, 18, 'Loan '),
(3081, 72, 50, '2014-07-23', 58, 2, 18, 'Savings'),
(3082, 65, 100, '2014-07-30', 51, 2, 18, 'Loan '),
(3083, 65, 50, '2014-07-30', 51, 2, 18, 'Savings'),
(3084, 63, 100, '2014-07-30', 49, 2, 18, 'Loan '),
(3085, 63, 50, '2014-07-30', 49, 2, 18, 'Savings'),
(3086, 44, 250, '2014-07-30', 19, 2, 18, 'Loan '),
(3087, 44, 50, '2014-07-30', 19, 2, 18, 'Savings'),
(3088, 60, 100, '2014-07-30', 46, 2, 18, 'Loan '),
(3089, 60, 50, '2014-07-30', 46, 2, 18, 'Savings'),
(3090, 45, 250, '2014-07-30', 20, 2, 18, 'Loan '),
(3091, 45, 50, '2014-07-30', 20, 2, 18, 'Savings'),
(3092, 67, 100, '2014-07-30', 53, 2, 18, 'Loan '),
(3093, 67, 50, '2014-07-30', 53, 2, 18, 'Savings'),
(3094, 62, 100, '2014-07-30', 48, 2, 18, 'Loan '),
(3095, 62, 50, '2014-07-30', 48, 2, 18, 'Savings'),
(3096, 43, 250, '2014-07-30', 18, 2, 18, 'Loan '),
(3097, 43, 50, '2014-07-30', 18, 2, 18, 'Savings'),
(3098, 61, 100, '2014-07-30', 47, 2, 18, 'Loan '),
(3099, 61, 50, '2014-07-30', 47, 2, 18, 'Savings'),
(3100, 64, 100, '2014-07-30', 50, 2, 18, 'Loan '),
(3101, 64, 50, '2014-07-30', 50, 2, 18, 'Savings'),
(3102, 66, 100, '2014-07-30', 52, 2, 18, 'Loan '),
(3103, 66, 50, '2014-07-30', 52, 2, 18, 'Savings'),
(3104, 78, 250, '2014-07-30', 22, 2, 18, 'Loan '),
(3105, 78, 50, '2014-07-30', 22, 2, 18, 'Savings'),
(3106, 68, 100, '2014-07-30', 54, 2, 18, 'Loan '),
(3107, 68, 50, '2014-07-30', 54, 2, 18, 'Savings'),
(3108, 75, 100, '2014-07-30', 61, 2, 18, 'Loan '),
(3109, 75, 50, '2014-07-30', 61, 2, 18, 'Savings'),
(3110, 77, 250, '2014-07-30', 21, 2, 18, 'Loan '),
(3111, 77, 50, '2014-07-30', 21, 2, 18, 'Savings'),
(3112, 70, 100, '2014-07-30', 56, 2, 18, 'Loan '),
(3113, 70, 50, '2014-07-30', 56, 2, 18, 'Savings'),
(3114, 74, 100, '2014-07-30', 60, 2, 18, 'Loan '),
(3115, 74, 50, '2014-07-30', 60, 2, 18, 'Savings'),
(3116, 71, 100, '2014-07-30', 57, 2, 18, 'Loan '),
(3117, 71, 50, '2014-07-30', 57, 2, 18, 'Savings'),
(3118, 69, 100, '2014-07-30', 55, 2, 18, 'Loan '),
(3119, 69, 50, '2014-07-30', 55, 2, 18, 'Savings'),
(3120, 79, 250, '2014-07-30', 23, 2, 18, 'Loan '),
(3121, 79, 50, '2014-07-30', 23, 2, 18, 'Savings'),
(3122, 76, 100, '2014-07-30', 62, 2, 18, 'Loan '),
(3123, 76, 50, '2014-07-30', 62, 2, 18, 'Savings'),
(3124, 73, 100, '2014-07-30', 59, 2, 18, 'Loan '),
(3125, 73, 50, '2014-07-30', 59, 2, 18, 'Savings'),
(3126, 72, 100, '2014-07-30', 58, 2, 18, 'Loan '),
(3127, 72, 50, '2014-07-30', 58, 2, 18, 'Savings'),
(3128, 65, 100, '2014-08-06', 51, 2, 18, 'Loan '),
(3129, 65, 50, '2014-08-06', 51, 2, 18, 'Savings'),
(3130, 63, 100, '2014-08-06', 49, 2, 18, 'Loan '),
(3131, 63, 50, '2014-08-06', 49, 2, 18, 'Savings'),
(3132, 44, 250, '2014-08-06', 19, 2, 18, 'Loan '),
(3133, 44, 50, '2014-08-06', 19, 2, 18, 'Savings'),
(3134, 60, 100, '2014-08-06', 46, 2, 18, 'Loan '),
(3135, 60, 50, '2014-08-06', 46, 2, 18, 'Savings'),
(3136, 45, 250, '2014-08-06', 20, 2, 18, 'Loan '),
(3137, 45, 50, '2014-08-06', 20, 2, 18, 'Savings'),
(3138, 67, 100, '2014-08-06', 53, 2, 18, 'Loan '),
(3139, 67, 50, '2014-08-06', 53, 2, 18, 'Savings'),
(3140, 62, 100, '2014-08-06', 48, 2, 18, 'Loan '),
(3141, 62, 50, '2014-08-06', 48, 2, 18, 'Savings'),
(3142, 43, 250, '2014-08-06', 18, 2, 18, 'Loan '),
(3143, 43, 50, '2014-08-06', 18, 2, 18, 'Savings'),
(3144, 61, 100, '2014-08-06', 47, 2, 18, 'Loan '),
(3145, 61, 50, '2014-08-06', 47, 2, 18, 'Savings'),
(3146, 64, 100, '2014-08-06', 50, 2, 18, 'Loan '),
(3147, 64, 50, '2014-08-06', 50, 2, 18, 'Savings'),
(3148, 66, 100, '2014-08-06', 52, 2, 18, 'Loan '),
(3149, 66, 50, '2014-08-06', 52, 2, 18, 'Savings'),
(3150, 78, 250, '2014-08-06', 22, 2, 18, 'Loan '),
(3151, 78, 50, '2014-08-06', 22, 2, 18, 'Savings'),
(3152, 68, 100, '2014-08-06', 54, 2, 18, 'Loan '),
(3153, 68, 50, '2014-08-06', 54, 2, 18, 'Savings'),
(3154, 75, 100, '2014-08-06', 61, 2, 18, 'Loan '),
(3155, 75, 50, '2014-08-06', 61, 2, 18, 'Savings'),
(3156, 77, 250, '2014-08-06', 21, 2, 18, 'Loan '),
(3157, 77, 50, '2014-08-06', 21, 2, 18, 'Savings'),
(3158, 70, 100, '2014-08-06', 56, 2, 18, 'Loan '),
(3159, 70, 50, '2014-08-06', 56, 2, 18, 'Savings'),
(3160, 74, 100, '2014-08-06', 60, 2, 18, 'Loan '),
(3161, 74, 50, '2014-08-06', 60, 2, 18, 'Savings'),
(3162, 71, 100, '2014-08-06', 57, 2, 18, 'Loan '),
(3163, 71, 50, '2014-08-06', 57, 2, 18, 'Savings'),
(3164, 69, 100, '2014-08-06', 55, 2, 18, 'Loan '),
(3165, 69, 50, '2014-08-06', 55, 2, 18, 'Savings'),
(3166, 79, 250, '2014-08-06', 23, 2, 18, 'Loan '),
(3167, 79, 50, '2014-08-06', 23, 2, 18, 'Savings'),
(3168, 76, 100, '2014-08-06', 62, 2, 18, 'Loan '),
(3169, 76, 50, '2014-08-06', 62, 2, 18, 'Savings'),
(3170, 73, 100, '2014-08-06', 59, 2, 18, 'Loan '),
(3171, 73, 50, '2014-08-06', 59, 2, 18, 'Savings'),
(3172, 72, 100, '2014-08-06', 58, 2, 18, 'Loan '),
(3173, 72, 50, '2014-08-06', 58, 2, 18, 'Savings'),
(3174, 65, 100, '2014-08-13', 51, 2, 18, 'Loan '),
(3175, 65, 50, '2014-08-13', 51, 2, 18, 'Savings'),
(3176, 63, 100, '2014-08-13', 49, 2, 18, 'Loan '),
(3177, 63, 50, '2014-08-13', 49, 2, 18, 'Savings'),
(3178, 44, 250, '2014-08-13', 19, 2, 18, 'Loan '),
(3179, 44, 50, '2014-08-13', 19, 2, 18, 'Savings'),
(3180, 60, 100, '2014-08-13', 46, 2, 18, 'Loan '),
(3181, 60, 50, '2014-08-13', 46, 2, 18, 'Savings'),
(3182, 45, 250, '2014-08-13', 20, 2, 18, 'Loan '),
(3183, 45, 50, '2014-08-13', 20, 2, 18, 'Savings'),
(3184, 67, 100, '2014-08-13', 53, 2, 18, 'Loan '),
(3185, 67, 50, '2014-08-13', 53, 2, 18, 'Savings'),
(3186, 62, 100, '2014-08-13', 48, 2, 18, 'Loan '),
(3187, 62, 50, '2014-08-13', 48, 2, 18, 'Savings'),
(3188, 43, 250, '2014-08-13', 18, 2, 18, 'Loan '),
(3189, 43, 50, '2014-08-13', 18, 2, 18, 'Savings'),
(3190, 61, 100, '2014-08-13', 47, 2, 18, 'Loan '),
(3191, 61, 50, '2014-08-13', 47, 2, 18, 'Savings'),
(3192, 64, 100, '2014-08-13', 50, 2, 18, 'Loan '),
(3193, 64, 50, '2014-08-13', 50, 2, 18, 'Savings'),
(3194, 66, 100, '2014-08-13', 52, 2, 18, 'Loan '),
(3195, 66, 50, '2014-08-13', 52, 2, 18, 'Savings'),
(3196, 78, 250, '2014-08-13', 22, 2, 18, 'Loan '),
(3197, 78, 50, '2014-08-13', 22, 2, 18, 'Savings'),
(3198, 68, 100, '2014-08-13', 54, 2, 18, 'Loan '),
(3199, 68, 50, '2014-08-13', 54, 2, 18, 'Savings'),
(3200, 75, 100, '2014-08-13', 61, 2, 18, 'Loan '),
(3201, 75, 50, '2014-08-13', 61, 2, 18, 'Savings'),
(3202, 77, 250, '2014-08-13', 21, 2, 18, 'Loan '),
(3203, 77, 50, '2014-08-13', 21, 2, 18, 'Savings'),
(3204, 70, 100, '2014-08-13', 56, 2, 18, 'Loan '),
(3205, 70, 50, '2014-08-13', 56, 2, 18, 'Savings'),
(3206, 74, 100, '2014-08-13', 60, 2, 18, 'Loan '),
(3207, 74, 50, '2014-08-13', 60, 2, 18, 'Savings'),
(3208, 71, 100, '2014-08-13', 57, 2, 18, 'Loan '),
(3209, 71, 50, '2014-08-13', 57, 2, 18, 'Savings'),
(3210, 69, 100, '2014-08-13', 55, 2, 18, 'Loan '),
(3211, 69, 50, '2014-08-13', 55, 2, 18, 'Savings'),
(3212, 79, 250, '2014-08-13', 23, 2, 18, 'Loan '),
(3213, 79, 50, '2014-08-13', 23, 2, 18, 'Savings'),
(3214, 76, 100, '2014-08-13', 62, 2, 18, 'Loan '),
(3215, 76, 50, '2014-08-13', 62, 2, 18, 'Savings'),
(3216, 73, 100, '2014-08-13', 59, 2, 18, 'Loan '),
(3217, 73, 50, '2014-08-13', 59, 2, 18, 'Savings'),
(3218, 72, 100, '2014-08-13', 58, 2, 18, 'Loan '),
(3219, 72, 50, '2014-08-13', 58, 2, 18, 'Savings'),
(3220, 65, 100, '2014-08-20', 51, 2, 18, 'Loan '),
(3221, 65, 50, '2014-08-20', 51, 2, 18, 'Savings'),
(3222, 63, 100, '2014-08-20', 49, 2, 18, 'Loan '),
(3223, 63, 50, '2014-08-20', 49, 2, 18, 'Savings'),
(3224, 44, 250, '2014-08-20', 19, 2, 18, 'Loan '),
(3225, 44, 50, '2014-08-20', 19, 2, 18, 'Savings'),
(3226, 60, 100, '2014-08-20', 46, 2, 18, 'Loan '),
(3227, 60, 50, '2014-08-20', 46, 2, 18, 'Savings'),
(3228, 45, 250, '2014-08-20', 20, 2, 18, 'Loan '),
(3229, 45, 50, '2014-08-20', 20, 2, 18, 'Savings'),
(3230, 67, 100, '2014-08-20', 53, 2, 18, 'Loan '),
(3231, 67, 50, '2014-08-20', 53, 2, 18, 'Savings'),
(3232, 62, 100, '2014-08-20', 48, 2, 18, 'Loan '),
(3233, 62, 50, '2014-08-20', 48, 2, 18, 'Savings'),
(3234, 43, 250, '2014-08-20', 18, 2, 18, 'Loan '),
(3235, 43, 50, '2014-08-20', 18, 2, 18, 'Savings'),
(3236, 61, 100, '2014-08-20', 47, 2, 18, 'Loan '),
(3237, 61, 50, '2014-08-20', 47, 2, 18, 'Savings'),
(3238, 64, 100, '2014-08-20', 50, 2, 18, 'Loan '),
(3239, 64, 50, '2014-08-20', 50, 2, 18, 'Savings'),
(3240, 66, 100, '2014-08-20', 52, 2, 18, 'Loan '),
(3241, 66, 50, '2014-08-20', 52, 2, 18, 'Savings'),
(3242, 78, 250, '2014-08-20', 22, 2, 18, 'Loan '),
(3243, 78, 50, '2014-08-20', 22, 2, 18, 'Savings'),
(3244, 68, 100, '2014-08-20', 54, 2, 18, 'Loan '),
(3245, 68, 50, '2014-08-20', 54, 2, 18, 'Savings'),
(3246, 75, 100, '2014-08-20', 61, 2, 18, 'Loan '),
(3247, 75, 50, '2014-08-20', 61, 2, 18, 'Savings'),
(3248, 77, 250, '2014-08-20', 21, 2, 18, 'Loan '),
(3249, 77, 50, '2014-08-20', 21, 2, 18, 'Savings'),
(3250, 70, 100, '2014-08-20', 56, 2, 18, 'Loan '),
(3251, 70, 50, '2014-08-20', 56, 2, 18, 'Savings'),
(3252, 74, 100, '2014-08-20', 60, 2, 18, 'Loan '),
(3253, 74, 50, '2014-08-20', 60, 2, 18, 'Savings'),
(3254, 71, 100, '2014-08-20', 57, 2, 18, 'Loan '),
(3255, 71, 50, '2014-08-20', 57, 2, 18, 'Savings'),
(3256, 69, 100, '2014-08-20', 55, 2, 18, 'Loan '),
(3257, 69, 50, '2014-08-20', 55, 2, 18, 'Savings'),
(3258, 79, 250, '2014-08-20', 23, 2, 18, 'Loan '),
(3259, 79, 50, '2014-08-20', 23, 2, 18, 'Savings'),
(3260, 76, 100, '2014-08-20', 62, 2, 18, 'Loan '),
(3261, 76, 50, '2014-08-20', 62, 2, 18, 'Savings'),
(3262, 73, 100, '2014-08-20', 59, 2, 18, 'Loan '),
(3263, 73, 50, '2014-08-20', 59, 2, 18, 'Savings'),
(3264, 72, 100, '2014-08-20', 58, 2, 18, 'Loan '),
(3265, 72, 50, '2014-08-20', 58, 2, 18, 'Savings'),
(3266, 65, 100, '2014-08-27', 51, 2, 18, 'Loan '),
(3267, 65, 50, '2014-08-27', 51, 2, 18, 'Savings'),
(3268, 63, 100, '2014-08-27', 49, 2, 18, 'Loan '),
(3269, 63, 50, '2014-08-27', 49, 2, 18, 'Savings'),
(3270, 44, 250, '2014-08-27', 19, 2, 18, 'Loan '),
(3271, 44, 50, '2014-08-27', 19, 2, 18, 'Savings'),
(3272, 60, 100, '2014-08-27', 46, 2, 18, 'Loan '),
(3273, 60, 50, '2014-08-27', 46, 2, 18, 'Savings'),
(3274, 45, 250, '2014-08-27', 20, 2, 18, 'Loan '),
(3275, 45, 50, '2014-08-27', 20, 2, 18, 'Savings'),
(3276, 67, 100, '2014-08-27', 53, 2, 18, 'Loan '),
(3277, 67, 50, '2014-08-27', 53, 2, 18, 'Savings'),
(3278, 62, 100, '2014-08-27', 48, 2, 18, 'Loan '),
(3279, 62, 50, '2014-08-27', 48, 2, 18, 'Savings'),
(3280, 43, 250, '2014-08-27', 18, 2, 18, 'Loan '),
(3281, 43, 50, '2014-08-27', 18, 2, 18, 'Savings'),
(3282, 61, 100, '2014-08-27', 47, 2, 18, 'Loan '),
(3283, 61, 50, '2014-08-27', 47, 2, 18, 'Savings'),
(3284, 64, 100, '2014-08-27', 50, 2, 18, 'Loan '),
(3285, 64, 50, '2014-08-27', 50, 2, 18, 'Savings'),
(3286, 66, 100, '2014-08-27', 52, 2, 18, 'Loan '),
(3287, 66, 50, '2014-08-27', 52, 2, 18, 'Savings'),
(3288, 78, 250, '2014-08-27', 22, 2, 18, 'Loan '),
(3289, 78, 50, '2014-08-27', 22, 2, 18, 'Savings'),
(3290, 68, 100, '2014-08-27', 54, 2, 18, 'Loan '),
(3291, 68, 50, '2014-08-27', 54, 2, 18, 'Savings'),
(3292, 75, 100, '2014-08-27', 61, 2, 18, 'Loan '),
(3293, 75, 50, '2014-08-27', 61, 2, 18, 'Savings'),
(3294, 77, 250, '2014-08-27', 21, 2, 18, 'Loan '),
(3295, 77, 50, '2014-08-27', 21, 2, 18, 'Savings'),
(3296, 70, 100, '2014-08-27', 56, 2, 18, 'Loan '),
(3297, 70, 50, '2014-08-27', 56, 2, 18, 'Savings'),
(3298, 74, 100, '2014-08-27', 60, 2, 18, 'Loan '),
(3299, 74, 50, '2014-08-27', 60, 2, 18, 'Savings'),
(3300, 71, 100, '2014-08-27', 57, 2, 18, 'Loan '),
(3301, 71, 50, '2014-08-27', 57, 2, 18, 'Savings'),
(3302, 69, 100, '2014-08-27', 55, 2, 18, 'Loan '),
(3303, 69, 50, '2014-08-27', 55, 2, 18, 'Savings'),
(3304, 79, 250, '2014-08-27', 23, 2, 18, 'Loan '),
(3305, 79, 50, '2014-08-27', 23, 2, 18, 'Savings'),
(3306, 76, 100, '2014-08-27', 62, 2, 18, 'Loan '),
(3307, 76, 50, '2014-08-27', 62, 2, 18, 'Savings'),
(3308, 73, 100, '2014-08-27', 59, 2, 18, 'Loan '),
(3309, 73, 50, '2014-08-27', 59, 2, 18, 'Savings'),
(3310, 72, 100, '2014-08-27', 58, 2, 18, 'Loan '),
(3311, 72, 50, '2014-08-27', 58, 2, 18, 'Savings'),
(3312, 65, 100, '2014-09-03', 51, 2, 18, 'Loan '),
(3313, 65, 50, '2014-09-03', 51, 2, 18, 'Savings'),
(3314, 63, 100, '2014-09-03', 49, 2, 18, 'Loan '),
(3315, 63, 50, '2014-09-03', 49, 2, 18, 'Savings'),
(3316, 44, 250, '2014-09-03', 19, 2, 18, 'Loan '),
(3317, 44, 50, '2014-09-03', 19, 2, 18, 'Savings'),
(3318, 60, 100, '2014-09-03', 46, 2, 18, 'Loan '),
(3319, 60, 50, '2014-09-03', 46, 2, 18, 'Savings'),
(3320, 45, 250, '2014-09-03', 20, 2, 18, 'Loan '),
(3321, 45, 50, '2014-09-03', 20, 2, 18, 'Savings'),
(3322, 67, 100, '2014-09-03', 53, 2, 18, 'Loan '),
(3323, 67, 50, '2014-09-03', 53, 2, 18, 'Savings'),
(3324, 62, 100, '2014-09-03', 48, 2, 18, 'Loan '),
(3325, 62, 50, '2014-09-03', 48, 2, 18, 'Savings'),
(3326, 43, 250, '2014-09-03', 18, 2, 18, 'Loan '),
(3327, 43, 50, '2014-09-03', 18, 2, 18, 'Savings'),
(3328, 61, 100, '2014-09-03', 47, 2, 18, 'Loan '),
(3329, 61, 50, '2014-09-03', 47, 2, 18, 'Savings'),
(3330, 64, 100, '2014-09-03', 50, 2, 18, 'Loan '),
(3331, 64, 50, '2014-09-03', 50, 2, 18, 'Savings'),
(3332, 66, 100, '2014-09-03', 52, 2, 18, 'Loan '),
(3333, 66, 50, '2014-09-03', 52, 2, 18, 'Savings'),
(3334, 78, 250, '2014-09-03', 22, 2, 18, 'Loan '),
(3335, 78, 50, '2014-09-03', 22, 2, 18, 'Savings'),
(3336, 68, 100, '2014-09-03', 54, 2, 18, 'Loan '),
(3337, 68, 50, '2014-09-03', 54, 2, 18, 'Savings'),
(3338, 75, 100, '2014-09-03', 61, 2, 18, 'Loan '),
(3339, 75, 50, '2014-09-03', 61, 2, 18, 'Savings'),
(3340, 77, 250, '2014-09-03', 21, 2, 18, 'Loan '),
(3341, 77, 50, '2014-09-03', 21, 2, 18, 'Savings'),
(3342, 70, 100, '2014-09-03', 56, 2, 18, 'Loan '),
(3343, 70, 50, '2014-09-03', 56, 2, 18, 'Savings'),
(3344, 74, 100, '2014-09-03', 60, 2, 18, 'Loan '),
(3345, 74, 50, '2014-09-03', 60, 2, 18, 'Savings'),
(3346, 71, 100, '2014-09-03', 57, 2, 18, 'Loan '),
(3347, 71, 50, '2014-09-03', 57, 2, 18, 'Savings'),
(3348, 69, 100, '2014-09-03', 55, 2, 18, 'Loan '),
(3349, 69, 50, '2014-09-03', 55, 2, 18, 'Savings'),
(3350, 79, 250, '2014-09-03', 23, 2, 18, 'Loan '),
(3351, 79, 50, '2014-09-03', 23, 2, 18, 'Savings'),
(3352, 76, 100, '2014-09-03', 62, 2, 18, 'Loan '),
(3353, 76, 50, '2014-09-03', 62, 2, 18, 'Savings'),
(3354, 73, 100, '2014-09-03', 59, 2, 18, 'Loan '),
(3355, 73, 50, '2014-09-03', 59, 2, 18, 'Savings'),
(3356, 72, 100, '2014-09-03', 58, 2, 18, 'Loan '),
(3357, 72, 50, '2014-09-03', 58, 2, 18, 'Savings'),
(3358, 0, 50, '2014-09-10', 18, 2, 18, 'Savings'),
(3359, 0, 50, '2014-09-10', 19, 2, 18, 'Savings'),
(3360, 0, 50, '2014-09-10', 20, 2, 18, 'Savings'),
(3361, 0, 50, '2014-09-10', 46, 2, 18, 'Savings'),
(3362, 0, 50, '2014-09-10', 47, 2, 18, 'Savings'),
(3363, 0, 50, '2014-09-10', 48, 2, 18, 'Savings'),
(3364, 0, 50, '2014-09-10', 49, 2, 18, 'Savings'),
(3365, 0, 50, '2014-09-10', 50, 2, 18, 'Savings'),
(3366, 0, 50, '2014-09-10', 51, 2, 18, 'Savings'),
(3367, 0, 50, '2014-09-10', 52, 2, 18, 'Savings'),
(3368, 0, 50, '2014-09-10', 53, 2, 18, 'Savings'),
(3369, 0, 50, '2014-09-10', 21, 2, 18, 'Savings'),
(3370, 0, 50, '2014-09-10', 22, 2, 18, 'Savings'),
(3371, 0, 50, '2014-09-10', 23, 2, 18, 'Savings'),
(3372, 0, 50, '2014-09-10', 54, 2, 18, 'Savings'),
(3373, 0, 50, '2014-09-10', 55, 2, 18, 'Savings'),
(3374, 0, 50, '2014-09-10', 56, 2, 18, 'Savings'),
(3375, 0, 50, '2014-09-10', 57, 2, 18, 'Savings'),
(3376, 0, 50, '2014-09-10', 58, 2, 18, 'Savings'),
(3377, 0, 50, '2014-09-10', 59, 2, 18, 'Savings'),
(3378, 0, 50, '2014-09-10', 60, 2, 18, 'Savings'),
(3379, 0, 50, '2014-09-10', 61, 2, 18, 'Savings'),
(3380, 0, 50, '2014-09-10', 62, 2, 18, 'Savings'),
(3381, 0, 50, '2014-09-17', 18, 2, 18, 'Savings'),
(3382, 0, 50, '2014-09-17', 19, 2, 18, 'Savings'),
(3383, 0, 50, '2014-09-17', 20, 2, 18, 'Savings'),
(3384, 0, 50, '2014-09-17', 46, 2, 18, 'Savings'),
(3385, 0, 50, '2014-09-17', 47, 2, 18, 'Savings'),
(3386, 0, 50, '2014-09-17', 48, 2, 18, 'Savings'),
(3387, 0, 50, '2014-09-17', 49, 2, 18, 'Savings'),
(3388, 0, 50, '2014-09-17', 50, 2, 18, 'Savings'),
(3389, 0, 50, '2014-09-17', 51, 2, 18, 'Savings'),
(3390, 0, 50, '2014-09-17', 52, 2, 18, 'Savings'),
(3391, 0, 50, '2014-09-17', 53, 2, 18, 'Savings'),
(3392, 0, 50, '2014-09-17', 21, 2, 18, 'Savings'),
(3393, 0, 50, '2014-09-17', 22, 2, 18, 'Savings'),
(3394, 0, 50, '2014-09-17', 23, 2, 18, 'Savings'),
(3395, 0, 50, '2014-09-17', 54, 2, 18, 'Savings'),
(3396, 0, 50, '2014-09-17', 55, 2, 18, 'Savings'),
(3397, 0, 50, '2014-09-17', 56, 2, 18, 'Savings'),
(3398, 0, 50, '2014-09-17', 57, 2, 18, 'Savings'),
(3399, 0, 50, '2014-09-17', 58, 2, 18, 'Savings'),
(3400, 0, 50, '2014-09-17', 59, 2, 18, 'Savings'),
(3401, 0, 50, '2014-09-17', 60, 2, 18, 'Savings'),
(3402, 0, 50, '2014-09-17', 61, 2, 18, 'Savings'),
(3403, 0, 50, '2014-09-17', 62, 2, 18, 'Savings'),
(3404, 0, 50, '2014-09-24', 18, 2, 18, 'Savings'),
(3405, 0, 50, '2014-09-24', 19, 2, 18, 'Savings'),
(3406, 0, 50, '2014-09-24', 20, 2, 18, 'Savings'),
(3407, 0, 50, '2014-09-24', 46, 2, 18, 'Savings'),
(3408, 0, 50, '2014-09-24', 47, 2, 18, 'Savings'),
(3409, 0, 50, '2014-09-24', 48, 2, 18, 'Savings'),
(3410, 0, 50, '2014-09-24', 49, 2, 18, 'Savings'),
(3411, 0, 50, '2014-09-24', 50, 2, 18, 'Savings'),
(3412, 0, 50, '2014-09-24', 51, 2, 18, 'Savings'),
(3413, 0, 50, '2014-09-24', 52, 2, 18, 'Savings'),
(3414, 0, 50, '2014-09-24', 53, 2, 18, 'Savings'),
(3415, 0, 50, '2014-09-24', 21, 2, 18, 'Savings'),
(3416, 0, 50, '2014-09-24', 22, 2, 18, 'Savings'),
(3417, 0, 50, '2014-09-24', 23, 2, 18, 'Savings'),
(3418, 0, 50, '2014-09-24', 54, 2, 18, 'Savings'),
(3419, 0, 50, '2014-09-24', 55, 2, 18, 'Savings'),
(3420, 0, 50, '2014-09-24', 56, 2, 18, 'Savings'),
(3421, 0, 50, '2014-09-24', 57, 2, 18, 'Savings'),
(3422, 0, 50, '2014-09-24', 58, 2, 18, 'Savings'),
(3423, 0, 50, '2014-09-24', 59, 2, 18, 'Savings'),
(3424, 0, 50, '2014-09-24', 60, 2, 18, 'Savings'),
(3425, 0, 50, '2014-09-24', 61, 2, 18, 'Savings'),
(3426, 0, 50, '2014-09-24', 62, 2, 18, 'Savings'),
(3427, 0, 50, '2014-10-01', 18, 2, 18, 'Savings'),
(3428, 0, 50, '2014-10-01', 19, 2, 18, 'Savings'),
(3429, 0, 50, '2014-10-01', 20, 2, 18, 'Savings'),
(3430, 0, 50, '2014-10-01', 46, 2, 18, 'Savings'),
(3431, 0, 50, '2014-10-01', 47, 2, 18, 'Savings'),
(3432, 0, 50, '2014-10-01', 48, 2, 18, 'Savings'),
(3433, 0, 50, '2014-10-01', 49, 2, 18, 'Savings'),
(3434, 0, 50, '2014-10-01', 50, 2, 18, 'Savings'),
(3435, 0, 50, '2014-10-01', 51, 2, 18, 'Savings'),
(3436, 0, 50, '2014-10-01', 52, 2, 18, 'Savings'),
(3437, 0, 50, '2014-10-01', 53, 2, 18, 'Savings'),
(3438, 0, 50, '2014-10-01', 21, 2, 18, 'Savings'),
(3439, 0, 50, '2014-10-01', 22, 2, 18, 'Savings'),
(3440, 0, 50, '2014-10-01', 23, 2, 18, 'Savings'),
(3441, 0, 50, '2014-10-01', 54, 2, 18, 'Savings'),
(3442, 0, 50, '2014-10-01', 55, 2, 18, 'Savings'),
(3443, 0, 50, '2014-10-01', 56, 2, 18, 'Savings'),
(3444, 0, 50, '2014-10-01', 57, 2, 18, 'Savings'),
(3445, 0, 50, '2014-10-01', 58, 2, 18, 'Savings'),
(3446, 0, 50, '2014-10-01', 59, 2, 18, 'Savings'),
(3447, 0, 50, '2014-10-01', 60, 2, 18, 'Savings'),
(3448, 0, 50, '2014-10-01', 61, 2, 18, 'Savings'),
(3449, 0, 50, '2014-10-01', 62, 2, 18, 'Savings'),
(3450, 0, 50, '2014-10-08', 18, 2, 18, 'Savings'),
(3451, 0, 50, '2014-10-08', 19, 2, 18, 'Savings'),
(3452, 0, 50, '2014-10-08', 20, 2, 18, 'Savings'),
(3453, 0, 50, '2014-10-08', 46, 2, 18, 'Savings'),
(3454, 0, 50, '2014-10-08', 47, 2, 18, 'Savings'),
(3455, 0, 50, '2014-10-08', 48, 2, 18, 'Savings'),
(3456, 0, 50, '2014-10-08', 49, 2, 18, 'Savings'),
(3457, 0, 50, '2014-10-08', 50, 2, 18, 'Savings'),
(3458, 0, 50, '2014-10-08', 51, 2, 18, 'Savings'),
(3459, 0, 50, '2014-10-08', 52, 2, 18, 'Savings'),
(3460, 0, 50, '2014-10-08', 53, 2, 18, 'Savings'),
(3461, 0, 50, '2014-10-08', 21, 2, 18, 'Savings'),
(3462, 0, 50, '2014-10-08', 22, 2, 18, 'Savings'),
(3463, 0, 50, '2014-10-08', 23, 2, 18, 'Savings'),
(3464, 0, 50, '2014-10-08', 54, 2, 18, 'Savings'),
(3465, 0, 50, '2014-10-08', 55, 2, 18, 'Savings'),
(3466, 0, 50, '2014-10-08', 56, 2, 18, 'Savings'),
(3467, 0, 50, '2014-10-08', 57, 2, 18, 'Savings'),
(3468, 0, 50, '2014-10-08', 58, 2, 18, 'Savings'),
(3469, 0, 50, '2014-10-08', 59, 2, 18, 'Savings'),
(3470, 0, 50, '2014-10-08', 60, 2, 18, 'Savings'),
(3471, 0, 50, '2014-10-08', 61, 2, 18, 'Savings'),
(3472, 0, 50, '2014-10-08', 62, 2, 18, 'Savings'),
(3473, 0, 50, '2014-10-15', 21, 2, 18, 'Savings'),
(3474, 0, 50, '2014-10-15', 22, 2, 18, 'Savings'),
(3475, 0, 50, '2014-10-15', 23, 2, 18, 'Savings'),
(3476, 0, 50, '2014-10-15', 54, 2, 18, 'Savings'),
(3477, 0, 50, '2014-10-15', 55, 2, 18, 'Savings'),
(3478, 0, 50, '2014-10-15', 56, 2, 18, 'Savings'),
(3479, 0, 50, '2014-10-15', 57, 2, 18, 'Savings'),
(3480, 0, 50, '2014-10-15', 58, 2, 18, 'Savings'),
(3481, 0, 50, '2014-10-15', 59, 2, 18, 'Savings'),
(3482, 0, 50, '2014-10-15', 60, 2, 18, 'Savings'),
(3483, 0, 50, '2014-10-15', 61, 2, 18, 'Savings'),
(3484, 0, 50, '2014-10-15', 62, 2, 18, 'Savings'),
(3485, 0, 50, '2014-10-15', 18, 2, 18, 'Savings'),
(3486, 0, 50, '2014-10-15', 19, 2, 18, 'Savings'),
(3487, 0, 50, '2014-10-15', 20, 2, 18, 'Savings'),
(3488, 0, 50, '2014-10-15', 46, 2, 18, 'Savings'),
(3489, 0, 50, '2014-10-15', 47, 2, 18, 'Savings'),
(3490, 0, 50, '2014-10-15', 48, 2, 18, 'Savings'),
(3491, 0, 50, '2014-10-15', 49, 2, 18, 'Savings'),
(3492, 0, 50, '2014-10-15', 50, 2, 18, 'Savings'),
(3493, 0, 50, '2014-10-15', 51, 2, 18, 'Savings'),
(3494, 0, 50, '2014-10-15', 52, 2, 18, 'Savings'),
(3495, 0, 50, '2014-10-15', 53, 2, 18, 'Savings'),
(3496, 89, 100, '2014-10-22', 52, 2, 13, 'Capital Share'),
(3497, 88, 100, '2014-10-22', 51, 2, 13, 'Capital Share'),
(3498, 91, 100, '2014-10-22', 54, 2, 13, 'Capital Share'),
(3499, 92, 100, '2014-10-22', 55, 2, 13, 'Capital Share'),
(3500, 93, 100, '2014-10-22', 56, 2, 13, 'Capital Share'),
(3501, 94, 100, '2014-10-22', 57, 2, 13, 'Capital Share'),
(3502, 96, 100, '2014-10-22', 60, 2, 13, 'Capital Share'),
(3503, 97, 100, '2014-10-22', 61, 2, 13, 'Capital Share'),
(3504, 87, 100, '2014-10-22', 50, 2, 13, 'Capital Share'),
(3505, 86, 100, '2014-10-22', 49, 2, 13, 'Capital Share'),
(3506, 85, 100, '2014-10-22', 48, 2, 13, 'Capital Share'),
(3507, 84, 100, '2014-10-22', 47, 2, 13, 'Capital Share'),
(3508, 83, 100, '2014-10-22', 46, 2, 13, 'Capital Share'),
(3509, 98, 100, '2014-10-22', 62, 2, 13, 'Capital Share'),
(3510, 80, 100, '2014-10-22', 18, 2, 13, 'Capital Share'),
(3511, 81, 100, '2014-10-22', 19, 2, 13, 'Capital Share'),
(3512, 90, 100, '2014-10-22', 21, 2, 13, 'Capital Share'),
(3513, 99, 100, '2014-07-07', 11, 2, 13, 'Capital Share'),
(3514, 100, 100, '2014-07-07', 27, 2, 13, 'Capital Share'),
(3515, 101, 100, '2014-07-07', 28, 2, 13, 'Capital Share'),
(3516, 102, 100, '2014-07-07', 29, 2, 13, 'Capital Share'),
(3517, 103, 100, '2014-07-07', 31, 2, 13, 'Capital Share'),
(3518, 104, 100, '2014-07-07', 34, 2, 13, 'Capital Share'),
(3519, 105, 100, '2014-07-07', 35, 2, 13, 'Capital Share'),
(3520, 106, 100, '2014-07-07', 13, 2, 13, 'Capital Share'),
(3521, 104, 100, '2014-07-07', 34, 2, 14, 'Loan '),
(3522, 104, 50, '2014-07-07', 34, 2, 14, 'Savings'),
(3523, 101, 100, '2014-07-07', 28, 2, 14, 'Loan '),
(3524, 101, 50, '2014-07-07', 28, 2, 14, 'Savings'),
(3525, 100, 100, '2014-07-07', 27, 2, 14, 'Loan '),
(3526, 100, 50, '2014-07-07', 27, 2, 14, 'Savings'),
(3527, 105, 100, '2014-07-07', 35, 2, 14, 'Loan '),
(3528, 105, 50, '2014-07-07', 35, 2, 14, 'Savings'),
(3529, 99, 150, '2014-07-07', 11, 2, 14, 'Loan '),
(3530, 99, 50, '2014-07-07', 11, 2, 14, 'Savings'),
(3531, 106, 150, '2014-07-07', 13, 2, 14, 'Loan '),
(3532, 106, 50, '2014-07-07', 13, 2, 14, 'Savings'),
(3533, 102, 100, '2014-07-07', 29, 2, 14, 'Loan '),
(3534, 102, 50, '2014-07-07', 29, 2, 14, 'Savings'),
(3535, 103, 100, '2014-07-07', 31, 2, 14, 'Loan '),
(3536, 103, 50, '2014-07-07', 31, 2, 14, 'Savings'),
(3537, 50, 200, '2014-07-07', 32, 2, 14, 'Past Due'),
(3538, 50, 0, '2014-07-07', 32, 2, 14, 'Savings'),
(3539, 48, 200, '2014-07-07', 30, 2, 14, 'Past Due'),
(3540, 48, 0, '2014-07-07', 30, 2, 14, 'Savings'),
(3541, 9, 200, '2014-07-07', 12, 2, 14, 'Past Due'),
(3542, 9, 0, '2014-07-07', 12, 2, 14, 'Savings'),
(3543, 51, 200, '2014-07-07', 33, 2, 14, 'Past Due'),
(3544, 51, 0, '2014-07-07', 33, 2, 14, 'Savings'),
(3545, 0, 50, '2014-07-07', 15, 2, 14, 'Savings'),
(3546, 0, 50, '2014-07-07', 16, 2, 14, 'Savings'),
(3547, 0, 50, '2014-07-07', 17, 2, 14, 'Savings'),
(3548, 0, 50, '2014-07-07', 36, 2, 14, 'Savings'),
(3549, 0, 50, '2014-07-07', 37, 2, 14, 'Savings'),
(3550, 0, 50, '2014-07-07', 38, 2, 14, 'Savings'),
(3551, 0, 50, '2014-07-07', 39, 2, 14, 'Savings'),
(3552, 0, 50, '2014-07-07', 40, 2, 14, 'Savings'),
(3553, 0, 0, '2014-07-07', 41, 2, 14, 'Savings'),
(3554, 0, 0, '2014-07-07', 42, 2, 14, 'Savings'),
(3555, 0, 0, '2014-07-07', 43, 2, 14, 'Savings'),
(3556, 0, 0, '2014-07-07', 44, 2, 14, 'Savings'),
(3557, 104, 100, '2014-07-14', 34, 2, 14, 'Loan '),
(3558, 104, 50, '2014-07-14', 34, 2, 14, 'Savings'),
(3559, 101, 100, '2014-07-14', 28, 2, 14, 'Loan '),
(3560, 101, 50, '2014-07-14', 28, 2, 14, 'Savings'),
(3561, 100, 100, '2014-07-14', 27, 2, 14, 'Loan '),
(3562, 100, 50, '2014-07-14', 27, 2, 14, 'Savings'),
(3563, 105, 100, '2014-07-14', 35, 2, 14, 'Loan '),
(3564, 105, 50, '2014-07-14', 35, 2, 14, 'Savings'),
(3565, 99, 150, '2014-07-14', 11, 2, 14, 'Loan '),
(3566, 99, 50, '2014-07-14', 11, 2, 14, 'Savings'),
(3567, 106, 150, '2014-07-14', 13, 2, 14, 'Loan '),
(3568, 106, 50, '2014-07-14', 13, 2, 14, 'Savings'),
(3569, 102, 100, '2014-07-14', 29, 2, 14, 'Loan '),
(3570, 102, 50, '2014-07-14', 29, 2, 14, 'Savings'),
(3571, 103, 100, '2014-07-14', 31, 2, 14, 'Loan '),
(3572, 103, 50, '2014-07-14', 31, 2, 14, 'Savings'),
(3573, 50, 200, '2014-07-14', 32, 2, 14, 'Past Due'),
(3574, 50, 0, '2014-07-14', 32, 2, 14, 'Savings'),
(3575, 48, 200, '2014-07-14', 30, 2, 14, 'Past Due'),
(3576, 48, 0, '2014-07-14', 30, 2, 14, 'Savings'),
(3577, 9, 200, '2014-07-14', 12, 2, 14, 'Past Due'),
(3578, 9, 0, '2014-07-14', 12, 2, 14, 'Savings'),
(3579, 51, 200, '2014-07-14', 33, 2, 14, 'Past Due'),
(3580, 51, 0, '2014-07-14', 33, 2, 14, 'Savings'),
(3581, 0, 50, '2014-07-14', 15, 2, 14, 'Savings'),
(3582, 0, 50, '2014-07-14', 16, 2, 14, 'Savings'),
(3583, 0, 50, '2014-07-14', 17, 2, 14, 'Savings'),
(3584, 0, 50, '2014-07-14', 36, 2, 14, 'Savings'),
(3585, 0, 50, '2014-07-14', 37, 2, 14, 'Savings'),
(3586, 0, 50, '2014-07-14', 38, 2, 14, 'Savings'),
(3587, 0, 50, '2014-07-14', 39, 2, 14, 'Savings'),
(3588, 0, 50, '2014-07-14', 40, 2, 14, 'Savings'),
(3589, 0, 0, '2014-07-14', 41, 2, 14, 'Savings'),
(3590, 0, 0, '2014-07-14', 42, 2, 14, 'Savings'),
(3591, 0, 0, '2014-07-14', 43, 2, 14, 'Savings'),
(3592, 0, 0, '2014-07-14', 44, 2, 14, 'Savings'),
(3593, 104, 100, '2014-07-21', 34, 2, 14, 'Loan '),
(3594, 104, 50, '2014-07-21', 34, 2, 14, 'Savings'),
(3595, 101, 100, '2014-07-21', 28, 2, 14, 'Loan '),
(3596, 101, 50, '2014-07-21', 28, 2, 14, 'Savings'),
(3597, 100, 100, '2014-07-21', 27, 2, 14, 'Loan '),
(3598, 100, 50, '2014-07-21', 27, 2, 14, 'Savings'),
(3599, 105, 100, '2014-07-21', 35, 2, 14, 'Loan '),
(3600, 105, 50, '2014-07-21', 35, 2, 14, 'Savings'),
(3601, 99, 150, '2014-07-21', 11, 2, 14, 'Loan '),
(3602, 99, 50, '2014-07-21', 11, 2, 14, 'Savings'),
(3603, 106, 150, '2014-07-21', 13, 2, 14, 'Loan '),
(3604, 106, 50, '2014-07-21', 13, 2, 14, 'Savings'),
(3605, 102, 100, '2014-07-21', 29, 2, 14, 'Loan '),
(3606, 102, 50, '2014-07-21', 29, 2, 14, 'Savings'),
(3607, 103, 100, '2014-07-21', 31, 2, 14, 'Loan '),
(3608, 103, 50, '2014-07-21', 31, 2, 14, 'Savings'),
(3609, 50, 200, '2014-07-21', 32, 2, 14, 'Past Due'),
(3610, 50, 0, '2014-07-21', 32, 2, 14, 'Savings'),
(3611, 48, 200, '2014-07-21', 30, 2, 14, 'Past Due'),
(3612, 48, 0, '2014-07-21', 30, 2, 14, 'Savings'),
(3613, 9, 200, '2014-07-21', 12, 2, 14, 'Past Due'),
(3614, 9, 0, '2014-07-21', 12, 2, 14, 'Savings'),
(3615, 51, 200, '2014-07-21', 33, 2, 14, 'Past Due'),
(3616, 51, 0, '2014-07-21', 33, 2, 14, 'Savings'),
(3617, 0, 50, '2014-07-21', 15, 2, 14, 'Savings'),
(3618, 0, 50, '2014-07-21', 16, 2, 14, 'Savings'),
(3619, 0, 50, '2014-07-21', 17, 2, 14, 'Savings'),
(3620, 0, 50, '2014-07-21', 36, 2, 14, 'Savings'),
(3621, 0, 50, '2014-07-21', 37, 2, 14, 'Savings'),
(3622, 0, 50, '2014-07-21', 38, 2, 14, 'Savings'),
(3623, 0, 50, '2014-07-21', 39, 2, 14, 'Savings'),
(3624, 0, 50, '2014-07-21', 40, 2, 14, 'Savings'),
(3625, 0, 0, '2014-07-21', 41, 2, 14, 'Savings'),
(3626, 0, 0, '2014-07-21', 42, 2, 14, 'Savings'),
(3627, 0, 0, '2014-07-21', 43, 2, 14, 'Savings'),
(3628, 0, 0, '2014-07-21', 44, 2, 14, 'Savings'),
(3629, 104, 100, '2014-07-28', 34, 2, 14, 'Loan '),
(3630, 104, 50, '2014-07-28', 34, 2, 14, 'Savings'),
(3631, 101, 100, '2014-07-28', 28, 2, 14, 'Loan '),
(3632, 101, 50, '2014-07-28', 28, 2, 14, 'Savings'),
(3633, 100, 100, '2014-07-28', 27, 2, 14, 'Loan '),
(3634, 100, 50, '2014-07-28', 27, 2, 14, 'Savings'),
(3635, 105, 100, '2014-07-28', 35, 2, 14, 'Loan '),
(3636, 105, 50, '2014-07-28', 35, 2, 14, 'Savings'),
(3637, 99, 150, '2014-07-28', 11, 2, 14, 'Loan '),
(3638, 99, 50, '2014-07-28', 11, 2, 14, 'Savings'),
(3639, 106, 150, '2014-07-28', 13, 2, 14, 'Loan '),
(3640, 106, 50, '2014-07-28', 13, 2, 14, 'Savings'),
(3641, 102, 100, '2014-07-28', 29, 2, 14, 'Loan '),
(3642, 102, 50, '2014-07-28', 29, 2, 14, 'Savings'),
(3643, 103, 100, '2014-07-28', 31, 2, 14, 'Loan '),
(3644, 103, 50, '2014-07-28', 31, 2, 14, 'Savings'),
(3645, 50, 200, '2014-07-28', 32, 2, 14, 'Past Due'),
(3646, 50, 0, '2014-07-28', 32, 2, 14, 'Savings'),
(3647, 48, 200, '2014-07-28', 30, 2, 14, 'Past Due'),
(3648, 48, 0, '2014-07-28', 30, 2, 14, 'Savings'),
(3649, 9, 200, '2014-07-28', 12, 2, 14, 'Past Due'),
(3650, 9, 0, '2014-07-28', 12, 2, 14, 'Savings'),
(3651, 51, 200, '2014-07-28', 33, 2, 14, 'Past Due'),
(3652, 51, 0, '2014-07-28', 33, 2, 14, 'Savings'),
(3653, 0, 50, '2014-07-28', 15, 2, 14, 'Savings'),
(3654, 0, 50, '2014-07-28', 16, 2, 14, 'Savings'),
(3655, 0, 50, '2014-07-28', 17, 2, 14, 'Savings'),
(3656, 0, 50, '2014-07-28', 36, 2, 14, 'Savings'),
(3657, 0, 50, '2014-07-28', 37, 2, 14, 'Savings'),
(3658, 0, 50, '2014-07-28', 38, 2, 14, 'Savings'),
(3659, 0, 50, '2014-07-28', 39, 2, 14, 'Savings'),
(3660, 0, 50, '2014-07-28', 40, 2, 14, 'Savings'),
(3661, 0, 0, '2014-07-28', 41, 2, 14, 'Savings'),
(3662, 0, 0, '2014-07-28', 42, 2, 14, 'Savings'),
(3663, 0, 0, '2014-07-28', 43, 2, 14, 'Savings'),
(3664, 0, 0, '2014-07-28', 44, 2, 14, 'Savings'),
(3665, 104, 100, '2014-08-04', 34, 2, 14, 'Loan '),
(3666, 104, 50, '2014-08-04', 34, 2, 14, 'Savings'),
(3667, 101, 100, '2014-08-04', 28, 2, 14, 'Loan '),
(3668, 101, 50, '2014-08-04', 28, 2, 14, 'Savings'),
(3669, 100, 100, '2014-08-04', 27, 2, 14, 'Loan '),
(3670, 100, 50, '2014-08-04', 27, 2, 14, 'Savings'),
(3671, 105, 100, '2014-08-04', 35, 2, 14, 'Loan '),
(3672, 105, 50, '2014-08-04', 35, 2, 14, 'Savings'),
(3673, 99, 150, '2014-08-04', 11, 2, 14, 'Loan '),
(3674, 99, 50, '2014-08-04', 11, 2, 14, 'Savings'),
(3675, 106, 150, '2014-08-04', 13, 2, 14, 'Loan '),
(3676, 106, 50, '2014-08-04', 13, 2, 14, 'Savings'),
(3677, 102, 100, '2014-08-04', 29, 2, 14, 'Loan '),
(3678, 102, 50, '2014-08-04', 29, 2, 14, 'Savings'),
(3679, 103, 100, '2014-08-04', 31, 2, 14, 'Loan '),
(3680, 103, 50, '2014-08-04', 31, 2, 14, 'Savings'),
(3681, 50, 200, '2014-08-04', 32, 2, 14, 'Past Due'),
(3682, 50, 0, '2014-08-04', 32, 2, 14, 'Savings'),
(3683, 48, 200, '2014-08-04', 30, 2, 14, 'Past Due'),
(3684, 48, 0, '2014-08-04', 30, 2, 14, 'Savings'),
(3685, 9, 200, '2014-08-04', 12, 2, 14, 'Past Due'),
(3686, 9, 0, '2014-08-04', 12, 2, 14, 'Savings'),
(3687, 51, 200, '2014-08-04', 33, 2, 14, 'Past Due'),
(3688, 51, 0, '2014-08-04', 33, 2, 14, 'Savings'),
(3689, 0, 50, '2014-08-04', 15, 2, 14, 'Savings'),
(3690, 0, 50, '2014-08-04', 16, 2, 14, 'Savings'),
(3691, 0, 50, '2014-08-04', 17, 2, 14, 'Savings'),
(3692, 0, 50, '2014-08-04', 36, 2, 14, 'Savings'),
(3693, 0, 50, '2014-08-04', 37, 2, 14, 'Savings'),
(3694, 0, 50, '2014-08-04', 38, 2, 14, 'Savings'),
(3695, 0, 50, '2014-08-04', 39, 2, 14, 'Savings'),
(3696, 0, 50, '2014-08-04', 40, 2, 14, 'Savings'),
(3697, 0, 0, '2014-08-04', 41, 2, 14, 'Savings'),
(3698, 0, 0, '2014-08-04', 42, 2, 14, 'Savings'),
(3699, 0, 0, '2014-08-04', 43, 2, 14, 'Savings'),
(3700, 0, 0, '2014-08-04', 44, 2, 14, 'Savings'),
(3701, 104, 100, '2014-08-11', 34, 2, 14, 'Loan '),
(3702, 104, 50, '2014-08-11', 34, 2, 14, 'Savings'),
(3703, 101, 100, '2014-08-11', 28, 2, 14, 'Loan '),
(3704, 101, 50, '2014-08-11', 28, 2, 14, 'Savings'),
(3705, 100, 100, '2014-08-11', 27, 2, 14, 'Loan '),
(3706, 100, 50, '2014-08-11', 27, 2, 14, 'Savings'),
(3707, 105, 100, '2014-08-11', 35, 2, 14, 'Loan '),
(3708, 105, 50, '2014-08-11', 35, 2, 14, 'Savings'),
(3709, 99, 150, '2014-08-11', 11, 2, 14, 'Loan '),
(3710, 99, 50, '2014-08-11', 11, 2, 14, 'Savings'),
(3711, 106, 150, '2014-08-11', 13, 2, 14, 'Loan '),
(3712, 106, 50, '2014-08-11', 13, 2, 14, 'Savings'),
(3713, 102, 100, '2014-08-11', 29, 2, 14, 'Loan '),
(3714, 102, 50, '2014-08-11', 29, 2, 14, 'Savings'),
(3715, 103, 100, '2014-08-11', 31, 2, 14, 'Loan '),
(3716, 103, 50, '2014-08-11', 31, 2, 14, 'Savings'),
(3717, 50, 200, '2014-08-11', 32, 2, 14, 'Past Due'),
(3718, 50, 0, '2014-08-11', 32, 2, 14, 'Savings'),
(3719, 48, 200, '2014-08-11', 30, 2, 14, 'Past Due'),
(3720, 48, 0, '2014-08-11', 30, 2, 14, 'Savings'),
(3721, 9, 200, '2014-08-11', 12, 2, 14, 'Past Due'),
(3722, 9, 0, '2014-08-11', 12, 2, 14, 'Savings'),
(3723, 51, 200, '2014-08-11', 33, 2, 14, 'Past Due'),
(3724, 51, 0, '2014-08-11', 33, 2, 14, 'Savings'),
(3725, 0, 50, '2014-08-11', 15, 2, 14, 'Savings'),
(3726, 0, 50, '2014-08-11', 16, 2, 14, 'Savings'),
(3727, 0, 50, '2014-08-11', 17, 2, 14, 'Savings'),
(3728, 0, 50, '2014-08-11', 36, 2, 14, 'Savings'),
(3729, 0, 50, '2014-08-11', 37, 2, 14, 'Savings'),
(3730, 0, 50, '2014-08-11', 38, 2, 14, 'Savings'),
(3731, 0, 50, '2014-08-11', 39, 2, 14, 'Savings'),
(3732, 0, 50, '2014-08-11', 40, 2, 14, 'Savings'),
(3733, 0, 0, '2014-08-11', 41, 2, 14, 'Savings'),
(3734, 0, 0, '2014-08-11', 42, 2, 14, 'Savings'),
(3735, 0, 0, '2014-08-11', 43, 2, 14, 'Savings'),
(3736, 0, 0, '2014-08-11', 44, 2, 14, 'Savings'),
(3737, 104, 100, '2014-08-18', 34, 2, 14, 'Loan '),
(3738, 104, 50, '2014-08-18', 34, 2, 14, 'Savings'),
(3739, 101, 100, '2014-08-18', 28, 2, 14, 'Loan '),
(3740, 101, 50, '2014-08-18', 28, 2, 14, 'Savings'),
(3741, 100, 100, '2014-08-18', 27, 2, 14, 'Loan '),
(3742, 100, 50, '2014-08-18', 27, 2, 14, 'Savings'),
(3743, 105, 100, '2014-08-18', 35, 2, 14, 'Loan '),
(3744, 105, 50, '2014-08-18', 35, 2, 14, 'Savings'),
(3745, 99, 150, '2014-08-18', 11, 2, 14, 'Loan '),
(3746, 99, 50, '2014-08-18', 11, 2, 14, 'Savings'),
(3747, 106, 150, '2014-08-18', 13, 2, 14, 'Loan '),
(3748, 106, 50, '2014-08-18', 13, 2, 14, 'Savings'),
(3749, 102, 100, '2014-08-18', 29, 2, 14, 'Loan '),
(3750, 102, 50, '2014-08-18', 29, 2, 14, 'Savings'),
(3751, 103, 100, '2014-08-18', 31, 2, 14, 'Loan '),
(3752, 103, 50, '2014-08-18', 31, 2, 14, 'Savings'),
(3753, 50, 200, '2014-08-18', 32, 2, 14, 'Past Due'),
(3754, 50, 0, '2014-08-18', 32, 2, 14, 'Savings'),
(3755, 48, 200, '2014-08-18', 30, 2, 14, 'Past Due'),
(3756, 48, 0, '2014-08-18', 30, 2, 14, 'Savings'),
(3757, 9, 200, '2014-08-18', 12, 2, 14, 'Past Due'),
(3758, 9, 0, '2014-08-18', 12, 2, 14, 'Savings'),
(3759, 51, 200, '2014-08-18', 33, 2, 14, 'Past Due'),
(3760, 51, 0, '2014-08-18', 33, 2, 14, 'Savings'),
(3761, 0, 50, '2014-08-18', 15, 2, 14, 'Savings'),
(3762, 0, 50, '2014-08-18', 16, 2, 14, 'Savings'),
(3763, 0, 50, '2014-08-18', 17, 2, 14, 'Savings'),
(3764, 0, 50, '2014-08-18', 36, 2, 14, 'Savings'),
(3765, 0, 50, '2014-08-18', 37, 2, 14, 'Savings'),
(3766, 0, 50, '2014-08-18', 38, 2, 14, 'Savings'),
(3767, 0, 50, '2014-08-18', 39, 2, 14, 'Savings'),
(3768, 0, 50, '2014-08-18', 40, 2, 14, 'Savings'),
(3769, 0, 0, '2014-08-18', 41, 2, 14, 'Savings'),
(3770, 0, 0, '2014-08-18', 42, 2, 14, 'Savings'),
(3771, 0, 0, '2014-08-18', 43, 2, 14, 'Savings'),
(3772, 0, 0, '2014-08-18', 44, 2, 14, 'Savings'),
(3773, 104, 100, '2014-08-25', 34, 2, 14, 'Loan '),
(3774, 104, 50, '2014-08-25', 34, 2, 14, 'Savings'),
(3775, 101, 100, '2014-08-25', 28, 2, 14, 'Loan '),
(3776, 101, 50, '2014-08-25', 28, 2, 14, 'Savings'),
(3777, 100, 100, '2014-08-25', 27, 2, 14, 'Loan '),
(3778, 100, 50, '2014-08-25', 27, 2, 14, 'Savings'),
(3779, 105, 100, '2014-08-25', 35, 2, 14, 'Loan '),
(3780, 105, 50, '2014-08-25', 35, 2, 14, 'Savings'),
(3781, 99, 150, '2014-08-25', 11, 2, 14, 'Loan '),
(3782, 99, 50, '2014-08-25', 11, 2, 14, 'Savings'),
(3783, 106, 150, '2014-08-25', 13, 2, 14, 'Loan '),
(3784, 106, 50, '2014-08-25', 13, 2, 14, 'Savings'),
(3785, 102, 100, '2014-08-25', 29, 2, 14, 'Loan '),
(3786, 102, 50, '2014-08-25', 29, 2, 14, 'Savings'),
(3787, 103, 100, '2014-08-25', 31, 2, 14, 'Loan '),
(3788, 103, 50, '2014-08-25', 31, 2, 14, 'Savings'),
(3789, 50, 200, '2014-08-25', 32, 2, 14, 'Past Due'),
(3790, 50, 0, '2014-08-25', 32, 2, 14, 'Savings'),
(3791, 48, 200, '2014-08-25', 30, 2, 14, 'Past Due'),
(3792, 48, 0, '2014-08-25', 30, 2, 14, 'Savings'),
(3793, 9, 200, '2014-08-25', 12, 2, 14, 'Past Due'),
(3794, 9, 0, '2014-08-25', 12, 2, 14, 'Savings'),
(3795, 51, 200, '2014-08-25', 33, 2, 14, 'Past Due'),
(3796, 51, 0, '2014-08-25', 33, 2, 14, 'Savings'),
(3797, 0, 50, '2014-08-25', 15, 2, 14, 'Savings'),
(3798, 0, 50, '2014-08-25', 16, 2, 14, 'Savings'),
(3799, 0, 50, '2014-08-25', 17, 2, 14, 'Savings'),
(3800, 0, 50, '2014-08-25', 36, 2, 14, 'Savings'),
(3801, 0, 50, '2014-08-25', 37, 2, 14, 'Savings'),
(3802, 0, 50, '2014-08-25', 38, 2, 14, 'Savings'),
(3803, 0, 50, '2014-08-25', 39, 2, 14, 'Savings'),
(3804, 0, 50, '2014-08-25', 40, 2, 14, 'Savings'),
(3805, 0, 0, '2014-08-25', 41, 2, 14, 'Savings'),
(3806, 0, 0, '2014-08-25', 42, 2, 14, 'Savings'),
(3807, 0, 0, '2014-08-25', 43, 2, 14, 'Savings'),
(3808, 0, 0, '2014-08-25', 44, 2, 14, 'Savings'),
(3809, 104, 100, '2014-09-01', 34, 2, 14, 'Loan '),
(3810, 104, 50, '2014-09-01', 34, 2, 14, 'Savings'),
(3811, 101, 100, '2014-09-01', 28, 2, 14, 'Loan '),
(3812, 101, 50, '2014-09-01', 28, 2, 14, 'Savings'),
(3813, 100, 100, '2014-09-01', 27, 2, 14, 'Loan '),
(3814, 100, 50, '2014-09-01', 27, 2, 14, 'Savings'),
(3815, 105, 100, '2014-09-01', 35, 2, 14, 'Loan '),
(3816, 105, 50, '2014-09-01', 35, 2, 14, 'Savings'),
(3817, 99, 150, '2014-09-01', 11, 2, 14, 'Loan '),
(3818, 99, 50, '2014-09-01', 11, 2, 14, 'Savings'),
(3819, 106, 150, '2014-09-01', 13, 2, 14, 'Loan '),
(3820, 106, 50, '2014-09-01', 13, 2, 14, 'Savings'),
(3821, 102, 100, '2014-09-01', 29, 2, 14, 'Loan '),
(3822, 102, 50, '2014-09-01', 29, 2, 14, 'Savings'),
(3823, 103, 100, '2014-09-01', 31, 2, 14, 'Loan '),
(3824, 103, 50, '2014-09-01', 31, 2, 14, 'Savings'),
(3825, 50, 200, '2014-09-01', 32, 2, 14, 'Past Due'),
(3826, 50, 0, '2014-09-01', 32, 2, 14, 'Savings'),
(3827, 48, 200, '2014-09-01', 30, 2, 14, 'Past Due'),
(3828, 48, 0, '2014-09-01', 30, 2, 14, 'Savings'),
(3829, 9, 200, '2014-09-01', 12, 2, 14, 'Past Due'),
(3830, 9, 0, '2014-09-01', 12, 2, 14, 'Savings'),
(3831, 51, 200, '2014-09-01', 33, 2, 14, 'Past Due'),
(3832, 51, 0, '2014-09-01', 33, 2, 14, 'Savings'),
(3833, 0, 50, '2014-09-01', 15, 2, 14, 'Savings'),
(3834, 0, 50, '2014-09-01', 16, 2, 14, 'Savings'),
(3835, 0, 50, '2014-09-01', 17, 2, 14, 'Savings'),
(3836, 0, 50, '2014-09-01', 36, 2, 14, 'Savings'),
(3837, 0, 50, '2014-09-01', 37, 2, 14, 'Savings'),
(3838, 0, 50, '2014-09-01', 38, 2, 14, 'Savings'),
(3839, 0, 50, '2014-09-01', 39, 2, 14, 'Savings'),
(3840, 0, 50, '2014-09-01', 40, 2, 14, 'Savings'),
(3841, 0, 0, '2014-09-01', 41, 2, 14, 'Savings'),
(3842, 0, 0, '2014-09-01', 42, 2, 14, 'Savings'),
(3843, 0, 0, '2014-09-01', 43, 2, 14, 'Savings'),
(3844, 0, 0, '2014-09-01', 44, 2, 14, 'Savings'),
(3845, 104, 100, '2014-09-08', 34, 2, 14, 'Loan '),
(3846, 104, 50, '2014-09-08', 34, 2, 14, 'Savings'),
(3847, 101, 100, '2014-09-08', 28, 2, 14, 'Loan '),
(3848, 101, 50, '2014-09-08', 28, 2, 14, 'Savings'),
(3849, 100, 100, '2014-09-08', 27, 2, 14, 'Loan '),
(3850, 100, 50, '2014-09-08', 27, 2, 14, 'Savings'),
(3851, 105, 100, '2014-09-08', 35, 2, 14, 'Loan '),
(3852, 105, 50, '2014-09-08', 35, 2, 14, 'Savings'),
(3853, 99, 150, '2014-09-08', 11, 2, 14, 'Loan '),
(3854, 99, 50, '2014-09-08', 11, 2, 14, 'Savings'),
(3855, 106, 150, '2014-09-08', 13, 2, 14, 'Loan '),
(3856, 106, 50, '2014-09-08', 13, 2, 14, 'Savings'),
(3857, 102, 100, '2014-09-08', 29, 2, 14, 'Loan '),
(3858, 102, 50, '2014-09-08', 29, 2, 14, 'Savings'),
(3859, 103, 100, '2014-09-08', 31, 2, 14, 'Loan '),
(3860, 103, 50, '2014-09-08', 31, 2, 14, 'Savings'),
(3861, 50, 200, '2014-09-08', 32, 2, 14, 'Past Due'),
(3862, 50, 0, '2014-09-08', 32, 2, 14, 'Savings'),
(3863, 48, 200, '2014-09-08', 30, 2, 14, 'Past Due'),
(3864, 48, 0, '2014-09-08', 30, 2, 14, 'Savings'),
(3865, 9, 200, '2014-09-08', 12, 2, 14, 'Past Due'),
(3866, 9, 0, '2014-09-08', 12, 2, 14, 'Savings'),
(3867, 51, 200, '2014-09-08', 33, 2, 14, 'Past Due'),
(3868, 51, 0, '2014-09-08', 33, 2, 14, 'Savings'),
(3869, 0, 50, '2014-09-08', 15, 2, 14, 'Savings'),
(3870, 0, 50, '2014-09-08', 16, 2, 14, 'Savings'),
(3871, 0, 50, '2014-09-08', 17, 2, 14, 'Savings'),
(3872, 0, 50, '2014-09-08', 36, 2, 14, 'Savings'),
(3873, 0, 50, '2014-09-08', 37, 2, 14, 'Savings'),
(3874, 0, 50, '2014-09-08', 38, 2, 14, 'Savings'),
(3875, 0, 50, '2014-09-08', 39, 2, 14, 'Savings'),
(3876, 0, 50, '2014-09-08', 40, 2, 14, 'Savings'),
(3877, 0, 0, '2014-09-08', 41, 2, 14, 'Savings'),
(3878, 0, 0, '2014-09-08', 42, 2, 14, 'Savings'),
(3879, 0, 0, '2014-09-08', 43, 2, 14, 'Savings'),
(3880, 0, 0, '2014-09-08', 44, 2, 14, 'Savings'),
(3881, 104, 100, '2014-09-15', 34, 2, 14, 'Loan '),
(3882, 104, 50, '2014-09-15', 34, 2, 14, 'Savings'),
(3883, 101, 100, '2014-09-15', 28, 2, 14, 'Loan '),
(3884, 101, 50, '2014-09-15', 28, 2, 14, 'Savings'),
(3885, 100, 100, '2014-09-15', 27, 2, 14, 'Loan '),
(3886, 100, 50, '2014-09-15', 27, 2, 14, 'Savings'),
(3887, 105, 100, '2014-09-15', 35, 2, 14, 'Loan '),
(3888, 105, 50, '2014-09-15', 35, 2, 14, 'Savings'),
(3889, 99, 150, '2014-09-15', 11, 2, 14, 'Loan '),
(3890, 99, 50, '2014-09-15', 11, 2, 14, 'Savings'),
(3891, 106, 150, '2014-09-15', 13, 2, 14, 'Loan '),
(3892, 106, 50, '2014-09-15', 13, 2, 14, 'Savings'),
(3893, 102, 100, '2014-09-15', 29, 2, 14, 'Loan '),
(3894, 102, 50, '2014-09-15', 29, 2, 14, 'Savings'),
(3895, 103, 100, '2014-09-15', 31, 2, 14, 'Loan '),
(3896, 103, 50, '2014-09-15', 31, 2, 14, 'Savings'),
(3897, 50, 200, '2014-09-15', 32, 2, 14, 'Past Due'),
(3898, 50, 0, '2014-09-15', 32, 2, 14, 'Savings'),
(3899, 48, 200, '2014-09-15', 30, 2, 14, 'Past Due'),
(3900, 48, 0, '2014-09-15', 30, 2, 14, 'Savings'),
(3901, 9, 200, '2014-09-15', 12, 2, 14, 'Past Due'),
(3902, 9, 0, '2014-09-15', 12, 2, 14, 'Savings'),
(3903, 51, 200, '2014-09-15', 33, 2, 14, 'Past Due'),
(3904, 51, 0, '2014-09-15', 33, 2, 14, 'Savings'),
(3905, 0, 50, '2014-09-15', 15, 2, 14, 'Savings'),
(3906, 0, 50, '2014-09-15', 16, 2, 14, 'Savings'),
(3907, 0, 50, '2014-09-15', 17, 2, 14, 'Savings'),
(3908, 0, 50, '2014-09-15', 36, 2, 14, 'Savings'),
(3909, 0, 50, '2014-09-15', 37, 2, 14, 'Savings'),
(3910, 0, 50, '2014-09-15', 38, 2, 14, 'Savings'),
(3911, 0, 50, '2014-09-15', 39, 2, 14, 'Savings'),
(3912, 0, 50, '2014-09-15', 40, 2, 14, 'Savings'),
(3913, 0, 0, '2014-09-15', 41, 2, 14, 'Savings'),
(3914, 0, 0, '2014-09-15', 42, 2, 14, 'Savings'),
(3915, 0, 0, '2014-09-15', 43, 2, 14, 'Savings'),
(3916, 0, 0, '2014-09-15', 44, 2, 14, 'Savings'),
(3917, 104, 100, '2014-09-22', 34, 2, 14, 'Loan '),
(3918, 104, 50, '2014-09-22', 34, 2, 14, 'Savings'),
(3919, 101, 100, '2014-09-22', 28, 2, 14, 'Loan '),
(3920, 101, 50, '2014-09-22', 28, 2, 14, 'Savings'),
(3921, 100, 100, '2014-09-22', 27, 2, 14, 'Loan '),
(3922, 100, 50, '2014-09-22', 27, 2, 14, 'Savings'),
(3923, 105, 100, '2014-09-22', 35, 2, 14, 'Loan '),
(3924, 105, 50, '2014-09-22', 35, 2, 14, 'Savings'),
(3925, 99, 150, '2014-09-22', 11, 2, 14, 'Loan '),
(3926, 99, 50, '2014-09-22', 11, 2, 14, 'Savings'),
(3927, 106, 150, '2014-09-22', 13, 2, 14, 'Loan '),
(3928, 106, 50, '2014-09-22', 13, 2, 14, 'Savings'),
(3929, 102, 100, '2014-09-22', 29, 2, 14, 'Loan '),
(3930, 102, 50, '2014-09-22', 29, 2, 14, 'Savings'),
(3931, 103, 100, '2014-09-22', 31, 2, 14, 'Loan '),
(3932, 103, 50, '2014-09-22', 31, 2, 14, 'Savings'),
(3933, 50, 200, '2014-09-22', 32, 2, 14, 'Past Due'),
(3934, 50, 0, '2014-09-22', 32, 2, 14, 'Savings'),
(3935, 48, 200, '2014-09-22', 30, 2, 14, 'Past Due'),
(3936, 48, 0, '2014-09-22', 30, 2, 14, 'Savings'),
(3937, 9, 200, '2014-09-22', 12, 2, 14, 'Past Due'),
(3938, 9, 0, '2014-09-22', 12, 2, 14, 'Savings'),
(3939, 51, 200, '2014-09-22', 33, 2, 14, 'Past Due'),
(3940, 51, 0, '2014-09-22', 33, 2, 14, 'Savings'),
(3941, 0, 50, '2014-09-22', 15, 2, 14, 'Savings'),
(3942, 0, 50, '2014-09-22', 16, 2, 14, 'Savings'),
(3943, 0, 50, '2014-09-22', 17, 2, 14, 'Savings'),
(3944, 0, 50, '2014-09-22', 36, 2, 14, 'Savings'),
(3945, 0, 50, '2014-09-22', 37, 2, 14, 'Savings'),
(3946, 0, 50, '2014-09-22', 38, 2, 14, 'Savings'),
(3947, 0, 50, '2014-09-22', 39, 2, 14, 'Savings'),
(3948, 0, 50, '2014-09-22', 40, 2, 14, 'Savings'),
(3949, 0, 0, '2014-09-22', 41, 2, 14, 'Savings'),
(3950, 0, 0, '2014-09-22', 42, 2, 14, 'Savings'),
(3951, 0, 0, '2014-09-22', 43, 2, 14, 'Savings'),
(3952, 0, 0, '2014-09-22', 44, 2, 14, 'Savings'),
(3953, 104, 100, '2014-09-29', 34, 2, 14, 'Loan '),
(3954, 104, 50, '2014-09-29', 34, 2, 14, 'Savings'),
(3955, 101, 100, '2014-09-29', 28, 2, 14, 'Loan '),
(3956, 101, 50, '2014-09-29', 28, 2, 14, 'Savings'),
(3957, 100, 100, '2014-09-29', 27, 2, 14, 'Loan '),
(3958, 100, 50, '2014-09-29', 27, 2, 14, 'Savings'),
(3959, 105, 100, '2014-09-29', 35, 2, 14, 'Loan '),
(3960, 105, 50, '2014-09-29', 35, 2, 14, 'Savings'),
(3961, 99, 150, '2014-09-29', 11, 2, 14, 'Loan '),
(3962, 99, 50, '2014-09-29', 11, 2, 14, 'Savings'),
(3963, 106, 150, '2014-09-29', 13, 2, 14, 'Loan '),
(3964, 106, 50, '2014-09-29', 13, 2, 14, 'Savings'),
(3965, 102, 100, '2014-09-29', 29, 2, 14, 'Loan '),
(3966, 102, 50, '2014-09-29', 29, 2, 14, 'Savings'),
(3967, 103, 100, '2014-09-29', 31, 2, 14, 'Loan '),
(3968, 103, 50, '2014-09-29', 31, 2, 14, 'Savings'),
(3969, 50, 200, '2014-09-29', 32, 2, 14, 'Past Due'),
(3970, 50, 0, '2014-09-29', 32, 2, 14, 'Savings'),
(3971, 48, 200, '2014-09-29', 30, 2, 14, 'Past Due'),
(3972, 48, 0, '2014-09-29', 30, 2, 14, 'Savings'),
(3973, 9, 200, '2014-09-29', 12, 2, 14, 'Past Due'),
(3974, 9, 0, '2014-09-29', 12, 2, 14, 'Savings'),
(3975, 51, 200, '2014-09-29', 33, 2, 14, 'Past Due'),
(3976, 51, 0, '2014-09-29', 33, 2, 14, 'Savings'),
(3977, 0, 50, '2014-09-29', 15, 2, 14, 'Savings'),
(3978, 0, 50, '2014-09-29', 16, 2, 14, 'Savings'),
(3979, 0, 50, '2014-09-29', 17, 2, 14, 'Savings'),
(3980, 0, 50, '2014-09-29', 36, 2, 14, 'Savings'),
(3981, 0, 50, '2014-09-29', 37, 2, 14, 'Savings'),
(3982, 0, 50, '2014-09-29', 38, 2, 14, 'Savings'),
(3983, 0, 50, '2014-09-29', 39, 2, 14, 'Savings'),
(3984, 0, 50, '2014-09-29', 40, 2, 14, 'Savings'),
(3985, 0, 0, '2014-09-29', 41, 2, 14, 'Savings'),
(3986, 0, 0, '2014-09-29', 42, 2, 14, 'Savings'),
(3987, 0, 0, '2014-09-29', 43, 2, 14, 'Savings'),
(3988, 0, 0, '2014-09-29', 44, 2, 14, 'Savings'),
(3989, 104, 100, '2014-10-06', 34, 2, 14, 'Loan '),
(3990, 104, 50, '2014-10-06', 34, 2, 14, 'Savings'),
(3991, 101, 100, '2014-10-06', 28, 2, 14, 'Loan '),
(3992, 101, 50, '2014-10-06', 28, 2, 14, 'Savings'),
(3993, 100, 100, '2014-10-06', 27, 2, 14, 'Loan '),
(3994, 100, 50, '2014-10-06', 27, 2, 14, 'Savings'),
(3995, 105, 100, '2014-10-06', 35, 2, 14, 'Loan '),
(3996, 105, 50, '2014-10-06', 35, 2, 14, 'Savings'),
(3997, 99, 150, '2014-10-06', 11, 2, 14, 'Loan '),
(3998, 99, 50, '2014-10-06', 11, 2, 14, 'Savings'),
(3999, 106, 150, '2014-10-06', 13, 2, 14, 'Loan '),
(4000, 106, 50, '2014-10-06', 13, 2, 14, 'Savings'),
(4001, 102, 100, '2014-10-06', 29, 2, 14, 'Loan '),
(4002, 102, 50, '2014-10-06', 29, 2, 14, 'Savings'),
(4003, 103, 100, '2014-10-06', 31, 2, 14, 'Loan '),
(4004, 103, 50, '2014-10-06', 31, 2, 14, 'Savings'),
(4005, 50, 200, '2014-10-06', 32, 2, 14, 'Past Due'),
(4006, 50, 0, '2014-10-06', 32, 2, 14, 'Savings'),
(4007, 48, 200, '2014-10-06', 30, 2, 14, 'Past Due'),
(4008, 48, 0, '2014-10-06', 30, 2, 14, 'Savings'),
(4009, 9, 200, '2014-10-06', 12, 2, 14, 'Past Due'),
(4010, 9, 0, '2014-10-06', 12, 2, 14, 'Savings'),
(4011, 51, 200, '2014-10-06', 33, 2, 14, 'Past Due'),
(4012, 51, 0, '2014-10-06', 33, 2, 14, 'Savings'),
(4013, 104, 100, '2014-10-13', 34, 2, 14, 'Loan '),
(4014, 104, 50, '2014-10-13', 34, 2, 14, 'Savings'),
(4015, 101, 100, '2014-10-13', 28, 2, 14, 'Loan '),
(4016, 101, 50, '2014-10-13', 28, 2, 14, 'Savings'),
(4017, 100, 100, '2014-10-13', 27, 2, 14, 'Loan '),
(4018, 100, 50, '2014-10-13', 27, 2, 14, 'Savings'),
(4019, 105, 100, '2014-10-13', 35, 2, 14, 'Loan '),
(4020, 105, 50, '2014-10-13', 35, 2, 14, 'Savings'),
(4021, 99, 150, '2014-10-13', 11, 2, 14, 'Loan '),
(4022, 99, 50, '2014-10-13', 11, 2, 14, 'Savings'),
(4023, 106, 150, '2014-10-13', 13, 2, 14, 'Loan '),
(4024, 106, 50, '2014-10-13', 13, 2, 14, 'Savings'),
(4025, 102, 100, '2014-10-13', 29, 2, 14, 'Loan '),
(4026, 102, 50, '2014-10-13', 29, 2, 14, 'Savings'),
(4027, 103, 100, '2014-10-13', 31, 2, 14, 'Loan '),
(4028, 103, 50, '2014-10-13', 31, 2, 14, 'Savings'),
(4029, 50, 200, '2014-10-13', 32, 2, 14, 'Past Due'),
(4030, 50, 0, '2014-10-13', 32, 2, 14, 'Savings'),
(4031, 48, 200, '2014-10-13', 30, 2, 14, 'Past Due'),
(4032, 48, 0, '2014-10-13', 30, 2, 14, 'Savings'),
(4033, 9, 200, '2014-10-13', 12, 2, 14, 'Past Due'),
(4034, 9, 0, '2014-10-13', 12, 2, 14, 'Savings'),
(4035, 51, 200, '2014-10-13', 33, 2, 14, 'Past Due'),
(4036, 51, 0, '2014-10-13', 33, 2, 14, 'Savings'),
(4037, 0, 50, '2014-10-13', 15, 2, 14, 'Savings');
INSERT INTO `transaction` (`ControlNo`, `LoanAppControlNo`, `Amount`, `DateTime`, `Members_ControlNo`, `Passbook_ControlNo`, `CaritasPersonnel_ControlNo`, `TransactionType`) VALUES
(4038, 0, 50, '2014-10-13', 16, 2, 14, 'Savings'),
(4039, 0, 50, '2014-10-13', 17, 2, 14, 'Savings'),
(4040, 0, 50, '2014-10-13', 36, 2, 14, 'Savings'),
(4041, 0, 50, '2014-10-13', 37, 2, 14, 'Savings'),
(4042, 0, 50, '2014-10-13', 38, 2, 14, 'Savings'),
(4043, 0, 50, '2014-10-13', 39, 2, 14, 'Savings'),
(4044, 0, 50, '2014-10-13', 40, 2, 14, 'Savings'),
(4045, 0, 0, '2014-10-13', 41, 2, 14, 'Savings'),
(4046, 0, 0, '2014-10-13', 42, 2, 14, 'Savings'),
(4047, 0, 0, '2014-10-13', 43, 2, 14, 'Savings'),
(4048, 0, 0, '2014-10-13', 44, 2, 14, 'Savings'),
(4049, 104, 100, '2014-10-20', 34, 2, 14, 'Loan '),
(4050, 104, 50, '2014-10-20', 34, 2, 14, 'Savings'),
(4051, 101, 100, '2014-10-20', 28, 2, 14, 'Loan '),
(4052, 101, 50, '2014-10-20', 28, 2, 14, 'Savings'),
(4053, 100, 100, '2014-10-20', 27, 2, 14, 'Loan '),
(4054, 100, 50, '2014-10-20', 27, 2, 14, 'Savings'),
(4055, 105, 100, '2014-10-20', 35, 2, 14, 'Loan '),
(4056, 105, 50, '2014-10-20', 35, 2, 14, 'Savings'),
(4057, 99, 150, '2014-10-20', 11, 2, 14, 'Loan '),
(4058, 99, 50, '2014-10-20', 11, 2, 14, 'Savings'),
(4059, 106, 150, '2014-10-20', 13, 2, 14, 'Loan '),
(4060, 106, 50, '2014-10-20', 13, 2, 14, 'Savings'),
(4061, 102, 100, '2014-10-20', 29, 2, 14, 'Loan '),
(4062, 102, 50, '2014-10-20', 29, 2, 14, 'Savings'),
(4063, 103, 100, '2014-10-20', 31, 2, 14, 'Loan '),
(4064, 103, 50, '2014-10-20', 31, 2, 14, 'Savings'),
(4065, 50, 200, '2014-10-20', 32, 2, 14, 'Past Due'),
(4066, 50, 0, '2014-10-20', 32, 2, 14, 'Savings'),
(4067, 48, 200, '2014-10-20', 30, 2, 14, 'Past Due'),
(4068, 48, 0, '2014-10-20', 30, 2, 14, 'Savings'),
(4069, 9, 200, '2014-10-20', 12, 2, 14, 'Past Due'),
(4070, 9, 0, '2014-10-20', 12, 2, 14, 'Savings'),
(4071, 51, 200, '2014-10-20', 33, 2, 14, 'Past Due'),
(4072, 51, 0, '2014-10-20', 33, 2, 14, 'Savings'),
(4073, 0, 50, '2014-10-20', 15, 2, 14, 'Savings'),
(4074, 0, 50, '2014-10-20', 16, 2, 14, 'Savings'),
(4075, 0, 50, '2014-10-20', 17, 2, 14, 'Savings'),
(4076, 0, 50, '2014-10-20', 36, 2, 14, 'Savings'),
(4077, 0, 50, '2014-10-20', 37, 2, 14, 'Savings'),
(4078, 0, 50, '2014-10-20', 38, 2, 14, 'Savings'),
(4079, 0, 50, '2014-10-20', 39, 2, 14, 'Savings'),
(4080, 0, 50, '2014-10-20', 40, 2, 14, 'Savings'),
(4081, 0, 0, '2014-10-20', 41, 2, 14, 'Savings'),
(4082, 0, 0, '2014-10-20', 42, 2, 14, 'Savings'),
(4083, 0, 0, '2014-10-20', 43, 2, 14, 'Savings'),
(4084, 0, 0, '2014-10-20', 44, 2, 14, 'Savings'),
(4085, 50, 4600, '2014-10-29', 32, 2, 13, 'Withdrawal '),
(4086, 50, 4600, '2014-10-29', 32, 2, 13, 'Loan '),
(4087, 0, 4600, '2014-10-29', 32, 2, 13, 'Loan '),
(4088, 107, 200, '2014-10-15', 75, 2, 13, 'Capital Share'),
(4089, 107, 200, '2014-10-15', 75, 2, 13, 'Capital Share'),
(4090, 107, 120, '2014-10-22', 75, 2, 20, 'Loan '),
(4091, 107, 50, '2014-10-22', 75, 2, 20, 'Savings'),
(4092, 91, 400, '2014-10-22', 54, 2, 20, 'Loan '),
(4093, 91, 50, '2014-10-22', 54, 2, 20, 'Savings'),
(4094, 97, 300, '2014-10-22', 61, 2, 20, 'Loan '),
(4095, 97, 50, '2014-10-22', 61, 2, 20, 'Savings'),
(4096, 90, 450, '2014-10-22', 21, 2, 20, 'Past Due'),
(4097, 90, 0, '2014-10-22', 21, 2, 20, 'Savings'),
(4098, 93, 300, '2014-10-22', 56, 2, 20, 'Loan '),
(4099, 93, 50, '2014-10-22', 56, 2, 20, 'Savings'),
(4100, 96, 300, '2014-10-22', 60, 2, 20, 'Past Due'),
(4101, 96, 0, '2014-10-22', 60, 2, 20, 'Savings'),
(4102, 94, 300, '2014-10-22', 57, 2, 20, 'Past Due'),
(4103, 94, 0, '2014-10-22', 57, 2, 20, 'Savings'),
(4104, 92, 300, '2014-10-22', 55, 2, 20, 'Loan '),
(4105, 92, 50, '2014-10-22', 55, 2, 20, 'Savings'),
(4106, 98, 250, '2014-10-22', 62, 2, 20, 'Past Due'),
(4107, 98, 0, '2014-10-22', 62, 2, 20, 'Savings'),
(4108, 0, 50, '2014-10-22', 23, 2, 20, 'Savings'),
(4109, 0, 50, '2014-10-22', 59, 2, 20, 'Savings'),
(4110, 0, 50, '2014-10-22', 22, 2, 20, 'Savings'),
(4111, 0, 50, '2014-10-22', 58, 2, 20, 'Savings'),
(4112, 107, 200, '2014-10-22', 75, 2, 20, 'Loan '),
(4113, 107, 100, '2014-10-22', 75, 2, 20, 'Savings'),
(4114, 0, 100, '2014-10-22', 59, 2, 20, 'Savings'),
(4115, 48, 4600, '2014-10-22', 30, 2, 13, 'Withdrawal '),
(4116, 48, 4600, '2014-10-22', 30, 2, 13, 'Loan '),
(4117, 0, 4600, '2014-10-22', 30, 2, 13, 'Loan ');

-- --------------------------------------------------------

--
-- Table structure for table `transactiontype`
--

CREATE TABLE IF NOT EXISTS `transactiontype` (
  `TransactionType` varchar(45) NOT NULL,
  PRIMARY KEY (`TransactionType`)
) ENGINE=InnoDB DEFAULT CHARSET=utf8;

--
-- Dumping data for table `transactiontype`
--

INSERT INTO `transactiontype` (`TransactionType`) VALUES
('Capital Share'),
('Loan '),
('Past Due'),
('Savings'),
('Withdrawal');

-- --------------------------------------------------------

--
-- Table structure for table `users`
--

CREATE TABLE IF NOT EXISTS `users` (
  `ControlNo` int(11) NOT NULL,
  `Username` varchar(50) NOT NULL,
  `Password` varchar(45) NOT NULL,
  `IsActive` int(11) NOT NULL,
  PRIMARY KEY (`ControlNo`)
) ENGINE=InnoDB DEFAULT CHARSET=utf8;

--
-- Dumping data for table `users`
--

INSERT INTO `users` (`ControlNo`, `Username`, `Password`, `IsActive`) VALUES
(1, 'admin', 'admin', 1),
(2, 'perla', 'perla', 1),
(3, 'lyka', 'lyka', 1),
(4, 'sheila', 'she', 1),
(5, 'katherine', 'katherine', 1),
(6, 'marion', 'marion', 1),
(7, 'rebecca', 'rebecca', 1),
(8, 'donna', 'donna', 1),
(9, 'mona', 'mona', 1),
(10, 'aj', 'aj', 1),
(11, 'candes', 'candes', 1),
(12, 'earl', 'earl', 1),
(13, 'slsantiago', 'branchmanager', 1),
(14, 'jvadan', 'salveofficer', 1),
(15, 'mblee', 'salveofficer', 1),
(16, 'smvy', 'salveofficer', 1),
(17, 'jjuy', 'salveofficer', 1),
(18, 'jwadlawan', 'salveofficer', 1),
(19, 'drching', 'salveofficer', 1),
(20, 'esmanalo', 'salveofficer', 1),
(21, 'djtiozon', 'salveofficer', 1),
(22, 'nhchu', 'salveofficer', 1),
(23, 'mslee', 'salveofficer', 1),
(113, 'ktceli', '1234', 1),
(114, 'tsmariano', '1234', 1),
(115, 'jpsalazar', '1234', 1),
(116, 'abfrancisco', '1234', 1),
(117, 'bdgalapon', '1234', 1);

-- --------------------------------------------------------

--
-- Table structure for table `violations`
--

CREATE TABLE IF NOT EXISTS `violations` (
  `ViolationID` int(11) NOT NULL,
  `Violation` varchar(45) DEFAULT NULL,
  `Description` varchar(100) DEFAULT NULL,
  `Degree` varchar(20) NOT NULL,
  PRIMARY KEY (`ViolationID`),
  KEY `fk_Violations_Degree1_idx` (`Degree`)
) ENGINE=InnoDB DEFAULT CHARSET=utf8;

-- --------------------------------------------------------

--
-- Structure for view `audittrail`
--
DROP TABLE IF EXISTS `audittrail`;

CREATE ALGORITHM=UNDEFINED DEFINER=`root`@`localhost` SQL SECURITY DEFINER VIEW `audittrail` AS select `p`.`ControlNo` AS `PersonnelNo`,concat(`p`.`FirstName`,' ',`p`.`MiddleName`,' ',`p`.`LastName`) AS `Name`,`p`.`Rank` AS `Rank`,`log`.`datetime` AS `datetime`,`log`.`Activity` AS `Activity` from (`log` join `caritaspersonnel` `p` on((`p`.`ControlNo` = `log`.`caritaspersonnel_ControlNo`)));

--
-- Constraints for dumped tables
--

--
-- Constraints for table `branchaddress`
--
ALTER TABLE `branchaddress`
  ADD CONSTRAINT `fk_BranchAddress_CaritasBranch1` FOREIGN KEY (`ControlNo`) REFERENCES `caritasbranch` (`ControlNo`) ON DELETE NO ACTION ON UPDATE NO ACTION;

--
-- Constraints for table `branchcontact`
--
ALTER TABLE `branchcontact`
  ADD CONSTRAINT `fk_BranchContact_CaritasBranch1` FOREIGN KEY (`ControlNo`) REFERENCES `caritasbranch` (`ControlNo`) ON DELETE NO ACTION ON UPDATE NO ACTION;

--
-- Constraints for table `businessaddress`
--
ALTER TABLE `businessaddress`
  ADD CONSTRAINT `fk_BusinessAddress_LoanBusiness1` FOREIGN KEY (`ControlNo`) REFERENCES `loanbusiness` (`ControlNo`) ON DELETE NO ACTION ON UPDATE NO ACTION;

--
-- Constraints for table `businesscontact`
--
ALTER TABLE `businesscontact`
  ADD CONSTRAINT `fk_BusinessContact_LoanBusiness1` FOREIGN KEY (`ControlNo`) REFERENCES `loanbusiness` (`ControlNo`) ON DELETE NO ACTION ON UPDATE NO ACTION;

--
-- Constraints for table `caritasbranch_has_caritascenters`
--
ALTER TABLE `caritasbranch_has_caritascenters`
  ADD CONSTRAINT `fk_CaritasBranch_has_CaritasCenters_CaritasBranch1` FOREIGN KEY (`CaritasBranch_ControlNo`) REFERENCES `caritasbranch` (`ControlNo`) ON DELETE NO ACTION ON UPDATE NO ACTION,
  ADD CONSTRAINT `fk_CaritasBranch_has_CaritasCenters_CaritasCenters1` FOREIGN KEY (`CaritasCenters_ControlNo`) REFERENCES `caritascenters` (`ControlNo`) ON DELETE NO ACTION ON UPDATE NO ACTION;

--
-- Constraints for table `caritasbranch_has_caritaspersonnel`
--
ALTER TABLE `caritasbranch_has_caritaspersonnel`
  ADD CONSTRAINT `fk_CaritasBranch_has_CaritasPersonnel_CaritasBranch1` FOREIGN KEY (`CaritasBranch_ControlNo`) REFERENCES `caritasbranch` (`ControlNo`) ON DELETE NO ACTION ON UPDATE NO ACTION,
  ADD CONSTRAINT `fk_CaritasBranch_has_CaritasPersonnel_CaritasPersonnel1` FOREIGN KEY (`CaritasPersonnel_ControlNo`) REFERENCES `caritaspersonnel` (`ControlNo`) ON DELETE NO ACTION ON UPDATE NO ACTION;

--
-- Constraints for table `caritasbranch_has_establishmentstatus`
--
ALTER TABLE `caritasbranch_has_establishmentstatus`
  ADD CONSTRAINT `fk_CaritasBranch_has_EstablishmentStatus_CaritasBranch1` FOREIGN KEY (`ControlNo`) REFERENCES `caritasbranch` (`ControlNo`) ON DELETE NO ACTION ON UPDATE NO ACTION,
  ADD CONSTRAINT `fk_CaritasBranch_has_EstablishmentStatus_EstablishmentStatus1` FOREIGN KEY (`EstablishmentStatus`) REFERENCES `establishmentstatus` (`Status`) ON DELETE NO ACTION ON UPDATE NO ACTION;

--
-- Constraints for table `caritascenters_has_coordinator`
--
ALTER TABLE `caritascenters_has_coordinator`
  ADD CONSTRAINT `fk_CaritasCenters_has_Members1_CaritasCenters1` FOREIGN KEY (`CaritasCenters_ControlNo`) REFERENCES `caritascenters` (`ControlNo`) ON DELETE NO ACTION ON UPDATE NO ACTION,
  ADD CONSTRAINT `fk_CaritasCenters_has_Members1_Members1` FOREIGN KEY (`Members_ControlNo`) REFERENCES `members` (`ControlNo`) ON DELETE NO ACTION ON UPDATE NO ACTION;

--
-- Constraints for table `caritascenters_has_members`
--
ALTER TABLE `caritascenters_has_members`
  ADD CONSTRAINT `fk_CaritasCenters_has_Members_CaritasCenters1` FOREIGN KEY (`CaritasCenters_ControlNo`) REFERENCES `caritascenters` (`ControlNo`) ON DELETE NO ACTION ON UPDATE NO ACTION,
  ADD CONSTRAINT `fk_CaritasCenters_has_Members_Members1` FOREIGN KEY (`Members_ControlNo`) REFERENCES `members` (`ControlNo`) ON DELETE NO ACTION ON UPDATE NO ACTION;

--
-- Constraints for table `caritaspersonnel`
--
ALTER TABLE `caritaspersonnel`
  ADD CONSTRAINT `fk_CaritasPersonnel_PersonnelRank1` FOREIGN KEY (`Rank`) REFERENCES `personnelrank` (`Rank`) ON DELETE NO ACTION ON UPDATE NO ACTION;

--
-- Constraints for table `centeraddress`
--
ALTER TABLE `centeraddress`
  ADD CONSTRAINT `fk_CenterAddress_CaritasCenters1` FOREIGN KEY (`ControlNo`) REFERENCES `caritascenters` (`ControlNo`) ON DELETE NO ACTION ON UPDATE NO ACTION;

--
-- Constraints for table `centercontact`
--
ALTER TABLE `centercontact`
  ADD CONSTRAINT `fk_CenterContact_CaritasCenters1` FOREIGN KEY (`ControlNo`) REFERENCES `caritascenters` (`ControlNo`) ON DELETE NO ACTION ON UPDATE NO ACTION;

--
-- Constraints for table `dailyreports`
--
ALTER TABLE `dailyreports`
  ADD CONSTRAINT `fk_DailyReports_CaritasBranch1` FOREIGN KEY (`CaritasBranch_ControlNo`) REFERENCES `caritasbranch` (`ControlNo`) ON DELETE NO ACTION ON UPDATE NO ACTION;

--
-- Constraints for table `householdname`
--
ALTER TABLE `householdname`
  ADD CONSTRAINT `fk_HouseholdName_MembersHousehold1` FOREIGN KEY (`HouseholdNo`) REFERENCES `membershousehold` (`HouseholdNo`) ON DELETE NO ACTION ON UPDATE NO ACTION;

--
-- Constraints for table `householdoccupation`
--
ALTER TABLE `householdoccupation`
  ADD CONSTRAINT `fk_HouseholdOccupation_MembersHousehold1` FOREIGN KEY (`HouseholdNo`) REFERENCES `membershousehold` (`HouseholdNo`) ON DELETE NO ACTION ON UPDATE NO ACTION;

--
-- Constraints for table `householdsignature`
--
ALTER TABLE `householdsignature`
  ADD CONSTRAINT `fk_HouseholdSigniture_MembersHousehold1` FOREIGN KEY (`HouseholdNo`) REFERENCES `membershousehold` (`HouseholdNo`) ON DELETE NO ACTION ON UPDATE NO ACTION;

--
-- Constraints for table `loanapplication`
--
ALTER TABLE `loanapplication`
  ADD CONSTRAINT `fk_LoanApplication_DayoftheWeek1` FOREIGN KEY (`DayoftheWeek`) REFERENCES `dayoftheweek` (`Day`) ON DELETE NO ACTION ON UPDATE NO ACTION,
  ADD CONSTRAINT `fk_LoanApplication_LoanStatus1` FOREIGN KEY (`Status`) REFERENCES `loanstatus` (`Status`) ON DELETE NO ACTION ON UPDATE NO ACTION,
  ADD CONSTRAINT `fk_LoanApplication_LoanType1` FOREIGN KEY (`LoanType`) REFERENCES `loantype` (`LoanType`) ON DELETE NO ACTION ON UPDATE NO ACTION;

--
-- Constraints for table `loanapplication_has_businessexpensetype`
--
ALTER TABLE `loanapplication_has_businessexpensetype`
  ADD CONSTRAINT `fk_loanapplication_has_BusinessExpenseType_BusinessExpenseType1` FOREIGN KEY (`BusinessExpenseType_ExpenseType`) REFERENCES `businessexpensetype` (`ExpenseType`) ON DELETE NO ACTION ON UPDATE NO ACTION,
  ADD CONSTRAINT `fk_loanapplication_has_BusinessExpenseType_loanapplication1` FOREIGN KEY (`loanapplication_ControlNo`) REFERENCES `loanapplication` (`ControlNo`) ON DELETE NO ACTION ON UPDATE NO ACTION;

--
-- Constraints for table `loanapplication_has_familyexpensetype`
--
ALTER TABLE `loanapplication_has_familyexpensetype`
  ADD CONSTRAINT `fk_LoanApplication_has_ExpenseType_ExpenseType1` FOREIGN KEY (`FamilyExpenseType_ExpenseType`) REFERENCES `familyexpensetype` (`ExpenseType`) ON DELETE NO ACTION ON UPDATE NO ACTION,
  ADD CONSTRAINT `fk_LoanApplication_has_ExpenseType_LoanApplication1` FOREIGN KEY (`LoanApplication_ControlNo`) REFERENCES `loanapplication` (`ControlNo`) ON DELETE NO ACTION ON UPDATE NO ACTION;

--
-- Constraints for table `loanapplication_has_incometype`
--
ALTER TABLE `loanapplication_has_incometype`
  ADD CONSTRAINT `fk_LoanApplication_has_IncomeType_IncomeType1` FOREIGN KEY (`IncomeType_IncomeType`) REFERENCES `incometype` (`IncomeType`) ON DELETE NO ACTION ON UPDATE NO ACTION,
  ADD CONSTRAINT `fk_LoanApplication_has_IncomeType_LoanApplication1` FOREIGN KEY (`LoanApplication_ControlNo`) REFERENCES `loanapplication` (`ControlNo`) ON DELETE NO ACTION ON UPDATE NO ACTION;

--
-- Constraints for table `loanapplication_has_members`
--
ALTER TABLE `loanapplication_has_members`
  ADD CONSTRAINT `fk_LoanApplication_has_Members_CaritasBranch1` FOREIGN KEY (`CaritasBranch_ControlNo`) REFERENCES `caritasbranch` (`ControlNo`) ON DELETE NO ACTION ON UPDATE NO ACTION,
  ADD CONSTRAINT `fk_LoanApplication_has_Members_LoanApplication2` FOREIGN KEY (`LoanApplication_ControlNo`) REFERENCES `loanapplication` (`ControlNo`) ON DELETE NO ACTION ON UPDATE NO ACTION,
  ADD CONSTRAINT `fk_LoanApplication_has_Members_Members2` FOREIGN KEY (`Members_ControlNo`) REFERENCES `members` (`ControlNo`) ON DELETE NO ACTION ON UPDATE NO ACTION;

--
-- Constraints for table `loanbusiness_has_loanapplication`
--
ALTER TABLE `loanbusiness_has_loanapplication`
  ADD CONSTRAINT `fk_LoanBusiness_has_LoanApplication_LoanApplication1` FOREIGN KEY (`LoanApplication_ControlNo`) REFERENCES `loanapplication` (`ControlNo`) ON DELETE NO ACTION ON UPDATE NO ACTION,
  ADD CONSTRAINT `fk_LoanBusiness_has_LoanApplication_LoanBusiness1` FOREIGN KEY (`LoanBusiness_ControlNo`) REFERENCES `loanbusiness` (`ControlNo`) ON DELETE NO ACTION ON UPDATE NO ACTION;

--
-- Constraints for table `log`
--
ALTER TABLE `log`
  ADD CONSTRAINT `fk_log_caritaspersonnel1` FOREIGN KEY (`caritaspersonnel_ControlNo`) REFERENCES `caritaspersonnel` (`ControlNo`) ON DELETE NO ACTION ON UPDATE NO ACTION;

--
-- Constraints for table `members`
--
ALTER TABLE `members`
  ADD CONSTRAINT `fk_Members_CivilStatusRef1` FOREIGN KEY (`CivilStatus`) REFERENCES `civilstatusref` (`CivilStatus`) ON DELETE NO ACTION ON UPDATE NO ACTION,
  ADD CONSTRAINT `fk_Members_EducationalAttainmentRef1` FOREIGN KEY (`EducationalAttainment`) REFERENCES `educationalattainmentref` (`EducationalAttainment`) ON DELETE NO ACTION ON UPDATE NO ACTION,
  ADD CONSTRAINT `fk_Members_GenderRef1` FOREIGN KEY (`GenderID`) REFERENCES `genderref` (`GenderID`) ON DELETE NO ACTION ON UPDATE NO ACTION,
  ADD CONSTRAINT `fk_Members_Religion1` FOREIGN KEY (`Religion`) REFERENCES `religion` (`Religion`) ON DELETE NO ACTION ON UPDATE NO ACTION;

--
-- Constraints for table `membersaddress`
--
ALTER TABLE `membersaddress`
  ADD CONSTRAINT `fk_MembersAddress_AddressTypeRef1` FOREIGN KEY (`AddressType`) REFERENCES `addresstyperef` (`AddressType`) ON DELETE NO ACTION ON UPDATE NO ACTION,
  ADD CONSTRAINT `fk_MembersAddress_Members1` FOREIGN KEY (`ControlNo`) REFERENCES `members` (`ControlNo`) ON DELETE NO ACTION ON UPDATE NO ACTION;

--
-- Constraints for table `memberscontact`
--
ALTER TABLE `memberscontact`
  ADD CONSTRAINT `fk_MembersContact_Members1` FOREIGN KEY (`ControlNo`) REFERENCES `members` (`ControlNo`) ON DELETE NO ACTION ON UPDATE NO ACTION;

--
-- Constraints for table `membershousehold`
--
ALTER TABLE `membershousehold`
  ADD CONSTRAINT `fk_MembersHousehold_CivilStatusRef1` FOREIGN KEY (`CivilStatus`) REFERENCES `civilstatusref` (`CivilStatus`) ON DELETE NO ACTION ON UPDATE NO ACTION,
  ADD CONSTRAINT `fk_MembersHousehold_GenderRef1` FOREIGN KEY (`GenderID`) REFERENCES `genderref` (`GenderID`) ON DELETE NO ACTION ON UPDATE NO ACTION;

--
-- Constraints for table `membersmfi`
--
ALTER TABLE `membersmfi`
  ADD CONSTRAINT `fk_MembersMFI_Members1` FOREIGN KEY (`ControlNo`) REFERENCES `members` (`ControlNo`) ON DELETE NO ACTION ON UPDATE NO ACTION;

--
-- Constraints for table `membersname`
--
ALTER TABLE `membersname`
  ADD CONSTRAINT `fk_MembersName_Members1` FOREIGN KEY (`ControlNo`) REFERENCES `members` (`ControlNo`) ON DELETE NO ACTION ON UPDATE NO ACTION;

--
-- Constraints for table `membersorganization`
--
ALTER TABLE `membersorganization`
  ADD CONSTRAINT `fk_MembersOrganization_Members1` FOREIGN KEY (`ControlNo`) REFERENCES `members` (`ControlNo`) ON DELETE NO ACTION ON UPDATE NO ACTION;

--
-- Constraints for table `memberspicture`
--
ALTER TABLE `memberspicture`
  ADD CONSTRAINT `fk_MembersPicture_Members1` FOREIGN KEY (`ControlNo`) REFERENCES `members` (`ControlNo`) ON DELETE NO ACTION ON UPDATE NO ACTION;

--
-- Constraints for table `memberssignature`
--
ALTER TABLE `memberssignature`
  ADD CONSTRAINT `fk_MembersSigniture_Members1` FOREIGN KEY (`ControlNo`) REFERENCES `members` (`ControlNo`) ON DELETE NO ACTION ON UPDATE NO ACTION;

--
-- Constraints for table `members_has_members`
--
ALTER TABLE `members_has_members`
  ADD CONSTRAINT `fk_Members_has_Members_Members1` FOREIGN KEY (`ControlNo`) REFERENCES `members` (`ControlNo`) ON DELETE NO ACTION ON UPDATE NO ACTION,
  ADD CONSTRAINT `fk_Members_has_Members_Members2` FOREIGN KEY (`FamilyControlNo`) REFERENCES `members` (`ControlNo`) ON DELETE NO ACTION ON UPDATE NO ACTION;

--
-- Constraints for table `members_has_membershousehold`
--
ALTER TABLE `members_has_membershousehold`
  ADD CONSTRAINT `fk_Members_has_MembersHousehold_Members1` FOREIGN KEY (`ControlNo`) REFERENCES `members` (`ControlNo`) ON DELETE NO ACTION ON UPDATE NO ACTION,
  ADD CONSTRAINT `fk_Members_has_MembersHousehold_MembersHousehold1` FOREIGN KEY (`HouseholdNo`) REFERENCES `membershousehold` (`HouseholdNo`) ON DELETE NO ACTION ON UPDATE NO ACTION;

--
-- Constraints for table `members_has_membersmembershipstatus`
--
ALTER TABLE `members_has_membersmembershipstatus`
  ADD CONSTRAINT `fk_Members_has_MembersMembershipStatus_Members1` FOREIGN KEY (`ControlNo`) REFERENCES `members` (`ControlNo`) ON DELETE NO ACTION ON UPDATE NO ACTION,
  ADD CONSTRAINT `fk_Members_has_MembersMembershipStatus_MembersMembershipStatus1` FOREIGN KEY (`Status`) REFERENCES `membersmembershipstatus` (`Status`) ON DELETE NO ACTION ON UPDATE NO ACTION;

--
-- Constraints for table `members_has_membertype`
--
ALTER TABLE `members_has_membertype`
  ADD CONSTRAINT `fk_Members_has_MemberType_Members1` FOREIGN KEY (`ControlNo`) REFERENCES `members` (`ControlNo`) ON DELETE NO ACTION ON UPDATE NO ACTION,
  ADD CONSTRAINT `fk_Members_has_MemberType_MemberType1` FOREIGN KEY (`Type`) REFERENCES `membertype` (`Type`) ON DELETE NO ACTION ON UPDATE NO ACTION;

--
-- Constraints for table `members_has_violations`
--
ALTER TABLE `members_has_violations`
  ADD CONSTRAINT `fk_Members_has_Violations_CaritasPersonnel1` FOREIGN KEY (`CaritasPersonnel_ControlNo`) REFERENCES `caritaspersonnel` (`ControlNo`) ON DELETE NO ACTION ON UPDATE NO ACTION,
  ADD CONSTRAINT `fk_Members_has_Violations_Members1` FOREIGN KEY (`Members_ControlNo`) REFERENCES `members` (`ControlNo`) ON DELETE NO ACTION ON UPDATE NO ACTION,
  ADD CONSTRAINT `fk_Members_has_Violations_Violations1` FOREIGN KEY (`Violations_ViolationID`) REFERENCES `violations` (`ViolationID`) ON DELETE NO ACTION ON UPDATE NO ACTION;

--
-- Constraints for table `member_comaker`
--
ALTER TABLE `member_comaker`
  ADD CONSTRAINT `fk_LoanApplication_has_Members_LoanApplication1` FOREIGN KEY (`LoanApplication_ControlNo`) REFERENCES `loanapplication` (`ControlNo`) ON DELETE NO ACTION ON UPDATE NO ACTION,
  ADD CONSTRAINT `fk_LoanApplication_has_Members_Members1` FOREIGN KEY (`Members_ControlNo`) REFERENCES `members` (`ControlNo`) ON DELETE NO ACTION ON UPDATE NO ACTION;

--
-- Constraints for table `nonmember_comaker`
--
ALTER TABLE `nonmember_comaker`
  ADD CONSTRAINT `fk_LoanApplication_has_MembersHousehold_LoanApplication1` FOREIGN KEY (`LoanApplication_ControlNo`) REFERENCES `loanapplication` (`ControlNo`) ON DELETE NO ACTION ON UPDATE NO ACTION,
  ADD CONSTRAINT `fk_LoanApplication_has_MembersHousehold_MembersHousehold1` FOREIGN KEY (`MembersHousehold_HouseholdNo`) REFERENCES `membershousehold` (`HouseholdNo`) ON DELETE NO ACTION ON UPDATE NO ACTION;

--
-- Constraints for table `passbook`
--
ALTER TABLE `passbook`
  ADD CONSTRAINT `fk_Passbook_CaritasCenters1` FOREIGN KEY (`CaritasCenters_ControlNo`) REFERENCES `caritascenters` (`ControlNo`) ON DELETE NO ACTION ON UPDATE NO ACTION;

--
-- Constraints for table `sourceofincome`
--
ALTER TABLE `sourceofincome`
  ADD CONSTRAINT `fk_1_Members1` FOREIGN KEY (`ControlNo`) REFERENCES `members` (`ControlNo`) ON DELETE NO ACTION ON UPDATE NO ACTION;

--
-- Constraints for table `termination`
--
ALTER TABLE `termination`
  ADD CONSTRAINT `fk_Termination_CaritasBranch1` FOREIGN KEY (`CaritasBranch_ControlNo`) REFERENCES `caritasbranch` (`ControlNo`) ON DELETE NO ACTION ON UPDATE NO ACTION,
  ADD CONSTRAINT `fk_Termination_CaritasPersonnel1` FOREIGN KEY (`CaritasPersonnel_ControlNo`) REFERENCES `caritaspersonnel` (`ControlNo`) ON DELETE NO ACTION ON UPDATE NO ACTION,
  ADD CONSTRAINT `fk_Termination_Members1` FOREIGN KEY (`Members_ControlNo`) REFERENCES `members` (`ControlNo`) ON DELETE NO ACTION ON UPDATE NO ACTION;

--
-- Constraints for table `transaction`
--
ALTER TABLE `transaction`
  ADD CONSTRAINT `fk_Passbook_Members1` FOREIGN KEY (`Members_ControlNo`) REFERENCES `members` (`ControlNo`) ON DELETE NO ACTION ON UPDATE NO ACTION,
  ADD CONSTRAINT `fk_SavingsTransaction_CaritasPersonnel1` FOREIGN KEY (`CaritasPersonnel_ControlNo`) REFERENCES `caritaspersonnel` (`ControlNo`) ON DELETE NO ACTION ON UPDATE NO ACTION,
  ADD CONSTRAINT `fk_Transaction_Passbook1` FOREIGN KEY (`Passbook_ControlNo`) REFERENCES `passbook` (`ControlNo`) ON DELETE NO ACTION ON UPDATE NO ACTION,
  ADD CONSTRAINT `fk_Transaction_TransactionType1` FOREIGN KEY (`TransactionType`) REFERENCES `transactiontype` (`TransactionType`) ON DELETE NO ACTION ON UPDATE NO ACTION;

--
-- Constraints for table `users`
--
ALTER TABLE `users`
  ADD CONSTRAINT `fk_Users_CaritasPersonnel1` FOREIGN KEY (`ControlNo`) REFERENCES `caritaspersonnel` (`ControlNo`) ON DELETE NO ACTION ON UPDATE NO ACTION;

--
-- Constraints for table `violations`
--
ALTER TABLE `violations`
  ADD CONSTRAINT `fk_Violations_Degree1` FOREIGN KEY (`Degree`) REFERENCES `degree` (`Degree`) ON DELETE NO ACTION ON UPDATE NO ACTION;

/*!40101 SET CHARACTER_SET_CLIENT=@OLD_CHARACTER_SET_CLIENT */;
/*!40101 SET CHARACTER_SET_RESULTS=@OLD_CHARACTER_SET_RESULTS */;
/*!40101 SET COLLATION_CONNECTION=@OLD_COLLATION_CONNECTION */;
